entry_id,domain,raw_text,has_image,image_description,gold_image_description,has_audio,audio_description,gold_audio_description,modality_combo,is_suggestion,suggestion_type,suggestion_text,extraction_path
TECH_0042,tech_software,The CRM software is fantastic but I'd really appreciate a feature that allows for automatic tagging of high-value clients. It would save so much manual effort.,False,,,False,,,T,True,explicit,add a feature that allows for automatic tagging of high-value clients,P1
TECH_0080,tech_software,"Customer support for this product is top-notch, but they could consider adding more comprehensive self-help resources on their website.",False,,,False,,,T,True,explicit,add more comprehensive self-help resources on their website,P1
TECH_0084,tech_software,"The tablet is perfect for my casual needs, but the battery life could be longer. I wish it lasted a full day on a single charge!",False,,,False,,,T,True,explicit,improve battery life,P1
TECH_0010,tech_software,"The smart thermostat works great, but I wish there was an option to integrate with more third-party devices. It would make it even smarter.",False,,,False,,,T,True,explicit,"add option to integrate with more third-party devices, make it even smarter",P1
TECH_0069,tech_software,"The performance of this robot vacuum is impressive, but I think they should make it quieter during operation to avoid waking up pets or family members while cleaning at night.",False,,,False,,,T,True,explicit,make it quieter during operation to avoid waking up pets or family members while cleaning at night,P1
TECH_0048,tech_software,"The graphics card is amazing, but I wish it came with its own cooling system for better performance during long gaming sessions.",False,,,False,,,T,True,explicit,improve  with its own cooling system for better performance during long gaming sessions,P1
TECH_0002,tech_software,"As a remote worker, I rely heavily on cloud storage services. The XYZ Cloud offers great performance but should implement stronger data encryption features for peace of mind.",False,,,False,,,T,True,explicit,provide stronger data encryption features for peace of mind,P1
TECH_0074,tech_software,"The project management app has great collaboration features, but could it also include more options for visual task boards?",False,,,False,,,T,True,explicit,add more options for visual task boards?,P1
TECH_0016,tech_software,"The dash cam is very durable and the video quality is impressive, but I wish there was an additional feature to automatically upload footage to the cloud without manual intervention. That would make it perfect!",False,,,False,,,T,True,explicit,add an additional feature to automatically upload footage to the cloud without manual intervention,P1
TECH_0082,tech_software,"This mechanical keyboard is fantastic for my coding needs, but the build quality leaves something to be desired. It would be better if they used sturdier materials.",False,,,False,,,T,True,explicit,improve build quality leaves something to be desired,P1
TECH_0060,tech_software,The connectivity features of this smart speaker are just what I needed as a freelancer. It seamlessly links to all my devices. They should add support for more IoT devices.,False,,,False,,,T,True,explicit,add support for more IoT devices,P1
TECH_0011,tech_software,"The accounting software I'm using is so user-friendly, but they should consider adding more detailed tutorials for first-time users like me.",False,,,False,,,T,True,explicit,add more detailed tutorials for first-time users like me,P1
TECH_0046,tech_software,"As an enterprise admin, I'm quite pleased with the video conferencing tool. Could we also get better integration options for popular business apps like Slack and Trello?",False,,,False,,,T,True,explicit,offer better integration options for popular business tools,P1
TECH_0034,tech_software,"The graphics card makes my setup look stellar, but it needs better accessibility features. Could they please add more intuitive controls for users with disabilities?",False,,,False,,,T,True,explicit,add more intuitive controls for users with disabilities?,P1
TECH_0058,tech_software,I use this backup solution religiously and find it incredibly reliable. But it needs to enhance the mobile app's user experience.,False,,,False,,,T,True,explicit,enhance the mobile app's user experience,P1
TECH_0038,tech_software,"I love the smart thermostat’s connectivity features, but they could add an API for third-party apps integration to enhance functionality and customize user experience.",False,,,False,,,T,True,explicit,add an API for third-party apps integration to enhance functionality and customize user experience,P1
TECH_0051,tech_software,"This AI writing assistant has been a game-changer for my small business, making complex tasks much simpler. However, it would be better if they included more templates for legal documents.",False,,,False,,,T,True,explicit,add more templates for legal documents,P1
TECH_0033,tech_software,"I'm a gamer and my laptop handles all my gaming needs, but I think it should come with an in-built cooler to keep temperatures low during extended use.",False,,,False,,,T,True,explicit,include an in-built cooler to keep temperatures low during extended use,P1
TECH_0068,tech_software,"The backup solution is reliable and easy to use. However, I wish there was a more user-friendly interface for managing backup schedules directly from the app without needing advanced technical knowledge.",False,,,False,,,T,True,explicit,provide a more user-friendly interface for managing backup schedules directly from the app without needing advanced technical knowledge,P1
TECH_0045,tech_software,"Loved using this accounting software, but it needs a more detailed user guide. The current one is lacking in explaining some features.",False,,,False,,,T,True,explicit,provide a more detailed user guide,P1
TECH_0031,tech_software,"This backup solution has saved me from a few near-disasters, but I wish they offered an easier setup process. It would be better if the documentation had more detailed step-by-step guides.",False,,,False,,,T,True,explicit,add an easier setup process,P1
TECH_0067,tech_software,"The antivirus software does a great job at protecting my system. However, I think it would be better if the updates were less frequent and intrusive, so as not to interfere with other tasks.",False,,,False,,,T,True,explicit,"improve updates were less frequent and intrusive, so as not to interfere with other tasks",P1
TECH_0009,tech_software,"My kids love the robot vacuum, but it should have better connectivity options for seamless control from our home network.",False,,,False,,,T,True,explicit,include better connectivity options for seamless control from our home network,P1
TECH_0022,tech_software,"The project management app I've been using as a freelancer is fantastic, but the export feature could use some improvements. It would be better if it allowed for multiple file formats such as CSV or JSON instead of just PDFs.",False,,,False,,,T,True,explicit,allow for multiple file formats such as CSV or JSON instead of just PDFs,P1
TECH_0057,tech_software,"The CRM software really takes the guesswork out of managing clients. A pricing tier for individual users, however, would be fantastic!",False,,,False,,,T,True,implicit,"add a pricing tier for individual users, however, would be fantastic",P1
TECH_0098,tech_software,"The wireless earbuds sound fantastic and are very durable, but it would be great if they had a mode that allows for easier tracking when lost among furniture or other household items.",False,,,False,,,T,True,explicit,add a mode that allows for easier tracking when lost among furniture or other household items,P1
TECH_0091,tech_software,"As a gamer, I've found this graphics card to be incredibly powerful and stable for my demanding games. However, it would be better if they provided more comprehensive fan controls directly within their software.",False,,,False,,,T,True,explicit,provide more comprehensive fan controls directly within their software,P1
TECH_0043,tech_software,"While the wireless earbuds offer exceptional sound quality, could they please add an equalizer to fine-tune my listening experience?",False,,,False,,,T,True,explicit,add an equalizer to fine-tune my listening experience,P1
TECH_0065,tech_software,"This e-reader is fantastic, with a clear screen and easy-to-use interface. However, I think they should consider adding better night mode settings to reduce eye strain in low-light conditions.",False,,,False,,,T,True,explicit,add better night mode settings to reduce eye strain in low-light conditions,P1
TECH_0027,tech_software,"The mesh router handles my home network efficiently, but I think the customer support team should be available around the clock. This would ensure quick solutions for any connectivity issues that arise during non-business hours.",False,,,False,,,T,True,explicit,make available around the clock,P1
TECH_0081,tech_software,"I love the performance of this dash cam, but they should really offer a better warranty. I wish it came with at least two years!",False,,,False,,,T,True,explicit,offer a better warranty,P1
TECH_0053,tech_software,"I love the new design of this smart speaker! It connects seamlessly to my home network, but it would be even better if they added a feature allowing voice control over all other devices.",False,,,False,,,T,True,explicit,add a feature allowing voice control over all other devices,P1
TECH_0100,tech_software,"My small business relies on this email client, and I'm very happy with its performance. Still, it would be beneficial if there were an automated reporting feature that could send regular performance stats to our internal IT team without the need for manual intervention.",False,,,False,,,T,True,explicit,add an automated reporting feature for regular performance updates,P1
TECH_0050,tech_software,"The video conferencing tool is super helpful, but I'd love to see some more collaboration features like real-time document editing.",False,,,False,,,T,True,explicit,add some more collaboration features like real-time document editing,P1
TECH_0063,tech_software,"I absolutely adore my new fitness tracker. The battery life is impressive, but it would be better if there were more customizable watch faces to choose from.",False,,,False,,,T,True,explicit,add more customizable watch faces to choose from,P1
TECH_0076,tech_software,"The database tool is very reliable, but it needs to integrate better with cloud storage services for seamless data management.",False,,,False,,,T,True,explicit,integrate better with cloud storage services for seamless data management,P1
TECH_0049,tech_software,"The laptop’s loading speed is fast, but I hope they can make the startup process even quicker in future updates.",False,,,False,,,T,True,explicit,make the startup process even quicker in future updates,P1
TECH_0078,tech_software,"The VPN service provides excellent data privacy, but it would be great to see an option for automatic security updates.",False,,,False,,,T,True,explicit,make it be great to see an option for automatic security updates,P1
TECH_0236,tech_software,This content creator's toolkit should have better portability features. Carrying around this heavy device is a real hassle.,False,,,False,,,T,True,explicit,improve portability features,P1
TECH_0061,tech_software,"The AI writing assistant is incredibly intuitive and offers great suggestions, but it would be even better if they could add more language support for non-English languages.",False,,,False,,,T,True,explicit,add more language support for non-English languages,P1
TECH_0089,tech_software,"This tablet is fantastic for my design work, but the portability needs improvement. A lighter and slimmer form factor would be great.",False,,,False,,,T,True,explicit,improve portability,P1
TECH_0013,tech_software,"The customer support I received for my new photo editor was great, but they could provide more in-depth documentation on advanced features. It would help a lot!",False,,,False,,,T,True,explicit,provide more in-depth documentation on advanced features,P1
TECH_0037,tech_software,"The tablet is user-friendly and durable, but it should come with a better stylus. A more precise tip would make a huge difference.",False,,,False,,,T,True,explicit,include a better stylus,P1
TECH_0024,tech_software,"The code editor is intuitive and user-friendly, but I would appreciate it if the documentation was more comprehensive. It needs to include step-by-step tutorials and a troubleshooting section for common issues developers face.",False,,,False,,,T,True,explicit,include step-by-step tutorials and a troubleshooting section for common issues developers face,P1
TECH_0040,tech_software,This content creation tool has all the features I need but its accessibility options are lacking. It would be great if they considered adding voice commands for users with limited dexterity.,False,,,False,,,T,True,explicit,add voice commands for users with limited dexterity,P1
TECH_0041,tech_software,"I absolutely love the design tool’s intuitive UI. However, I wish it offered more export options for different file formats which would make sharing projects with my clients a breeze.",False,,,False,,,T,True,explicit,offer more export options for different file formats,P1
TECH_0019,tech_software,"The API quality in this software is solid, but they could really improve the documentation. More examples and case studies should be added!",False,,,False,,,T,True,explicit,improve the documentation with more examples,P1
TECH_0070,tech_software,The AI writing assistant has been a real game-changer for my content creation tasks. It would be great if they could add more integration options with other productivity tools I use daily.,False,,,False,,,T,True,explicit,add more integration options with other productivity tools I use daily,P1
TECH_0006,tech_software,The display quality on this monitor is outstanding but it would be even better if they consider adding a touch-screen option.,False,,,False,,,T,True,explicit,add a touch-screen option,P1
TECH_0064,tech_software,"The robot vacuum has been a great purchase, performing well on both carpets and hardwood floors. However, I wish the app had more detailed cleaning schedule options.",False,,,False,,,T,True,explicit,improve app had more detailed cleaning schedule options,P1
TECH_0008,tech_software,"For my IT needs, the CI/CD platform from DEF Inc is solid. However, it would be better if they could incorporate a more flexible pricing model.",False,,,False,,,T,True,explicit,incorporate a more flexible pricing model,P1
TECH_0035,tech_software,"The AI writing assistant is fantastic, but I think it should offer a broader range of language support to cater to a global audience.",False,,,False,,,T,True,explicit,offer a broader range of language support to cater to a global audience,P1
TECH_0085,tech_software,"The streaming device is fantastic and works well, but the integration with other smart home devices needs to be improved. Could they consider adding more compatibility?",False,,,False,,,T,True,explicit,make improved,P1
TECH_0047,tech_software,"The laptop's display quality is superb, but it would be great if the manufacturer could consider adding an option to increase brightness further.",False,,,False,,,T,True,explicit,consider adding an option to increase brightness further,P1
TECH_0003,tech_software,"I wish the collaboration features in this design software were more robust, allowing real-time editing and feedback from team members on the go.",False,,,False,,,T,True,explicit,"improve collaboration features to be more robust, allowing real-time editing and feedback from team members on the go",P1
TECH_0052,tech_software,"The documentation for this note-taking app is amazing, but I wish there were better accessibility features for users with visual impairments.",False,,,False,,,T,True,explicit,add better accessibility features for users with visual impairments,P1
TECH_0017,tech_software,"As a student, I find this IDE plugin incredibly useful. However, it would be better if there were more detailed error messages for beginners like myself. They should consider adding that!",False,,,False,,,T,True,explicit,add more detailed error messages for beginners like myself,P1
TECH_0039,tech_software,The software application works great but the customer support should be more responsive. They need a faster response time during peak hours.,False,,,False,,,T,True,explicit,make more responsive,P1
TECH_0062,tech_software,"As a gamer, I find the UI/UX of this gaming console to be superb. However, it would be great if they improved the loading times during game transitions and online updates.",False,,,False,,,T,True,explicit,improve the loading times during game transitions and online updates,P1
TECH_0072,tech_software,"The AI writing assistant is fantastic, but it would be better if they added more options for voice commands to control the software hands-free.",False,,,False,,,T,True,explicit,add more options for voice commands to control the software hands-free,P1
TECH_0023,tech_software,"The smartwatch is sleek, but I find the onboarding process confusing. They could provide more straightforward instructions to make setup easier for folks like me who are not very tech-savvy.",False,,,False,,,T,True,explicit,provide more straightforward instructions to make setup easier for folks like me who are not very tech-savvy,P1
TECH_0203,tech_software,"The graphics card I bought was supposed to support a wide range of games and software. But when it comes down to the latest title releases, it's just not powerful enough.",False,,,False,,,T,False,,,HN
TECH_0192,tech_software,"I'm an IT professional and the project management app we use is a disaster. The collaboration features are completely broken, leading to a lot of confusion and wasted time.",False,,,False,,,T,False,,,HN
TECH_0197,tech_software,"The compatibility of this software with different operating systems is just too problematic. I've tried on both Windows and Linux, and it still doesn't work as advertised.",False,,,False,,,T,False,,,HN
TECH_0249,tech_software,"As a senior citizen, I find this tablet’s customization options quite limited. The default settings are too small for my eyes and there doesn’t seem to be an easy way to adjust them. Why would anyone make a device that's not user-friendly?",False,,,False,,,T,False,,,HN
TECH_0209,tech_software,"I use this wireless earbuds primarily for calls, but the sound quality is subpar and makes it hard to clearly hear during important meetings.",False,,,False,,,T,False,,,HN
TECH_0213,tech_software,"The password manager does not sync properly between devices, leading to inconsistencies and a lot of frustration.",False,,,False,,,T,False,,,HN
TECH_1111,tech_software,My photo organizer imported duplicates of everything. Storage went from half full to completely full.,False,,,False,,,T,False,,,HN
TECH_0231,tech_software,"- The build quality of this smartwatch is surprisingly poor, especially for the price. - Not impressed.",False,,,False,,,T,False,,,HN
TECH_0221,tech_software,This robot vacuum is a disaster. I can't figure out how to navigate it without causing more chaos in the house.,False,,,False,,,T,False,,,HN
TECH_0206,tech_software,"I'm not a big fan of the collaboration features on this CRM software. It feels like it's made for salespeople, and I don't see much value as an IT professional.",False,,,False,,,T,False,,,HN
TECH_0235,tech_software,Why does this external SSD cost so much for such mediocre build quality? I expected better from a high-end product.,False,,,False,,,T,False,,,HN
TECH_1098,tech_software,The home security system false alarms three times a week. My neighbors are ready to file complaints.,False,,,False,,,T,False,,,HN
TECH_1123,tech_software,My portable monitor has dead pixels right in the center of the screen. Impossible to ignore.,False,,,False,,,T,False,,,HN
TECH_0226,tech_software,"I have to say, the build quality of this device is really poor. It's flimsy and seems like it won't last long.",False,,,False,,,T,False,,,HN
TECH_1106,tech_software,This electric toothbrush app requires a login to use a toothbrush timer. Absolutely ridiculous design.,False,,,False,,,T,False,,,HN
TECH_0180,tech_software,This browser extension is slow and clunky. Why did I even bother installing it? The experience has been a nightmare.,False,,,False,,,T,False,,,HN
TECH_0250,tech_software,"The wireless earbuds I bought from this brand were advertised as having a long battery life, but they die within an hour of use. And don't even get me started on the connectivity issues – it’s like the manufacturer doesn’t care if you can actually use their product without dropping out every few minutes.",False,,,False,,,T,False,,,HN
TECH_0172,tech_software,I can’t stand the lack of collaboration features in this smart speaker. How are we supposed to share playlists when it’s so complicated?,False,,,False,,,T,False,,,HN
TECH_0189,tech_software,"The price of this photo editor is outrageous for the features it provides. It's simply not worth it, especially considering that there are free alternatives with comparable functionality.",False,,,False,,,T,False,,,HN
TECH_0191,tech_software,"I use this VPN service for my freelancing work, but the price just doesn't match the quality. Too many slow-down issues and a lot of ads to boot.",False,,,False,,,T,False,,,HN
TECH_0188,tech_software,"I've been using this CI/CD platform for a few months now, and it's incredibly frustrating. The build quality is just not up to par; every other integration fails for no clear reason.",False,,,False,,,T,False,,,HN
TECH_0171,tech_software,"So frustrated with the pricing model for this app. It’s supposed to be free, but you have to pay for every useful feature.",False,,,False,,,T,False,,,HN
TECH_1107,tech_software,The database tool corrupts connections randomly. I have lost unsaved queries multiple times this month.,False,,,False,,,T,False,,,HN
TECH_0193,tech_software,"The design tool I purchased is a letdown. It used to be the best in its category, but now it feels outdated and doesn't integrate well with other applications anymore.",False,,,False,,,T,False,,,HN
TECH_0233,tech_software,"I've tried contacting their customer support several times, and every call is a waste. They haven't resolved the issue with my email client software.",False,,,False,,,T,False,,,HN
TECH_0210,tech_software,The battery life on this tablet is abysmal. I barely make it through a day of work without needing to recharge.,False,,,False,,,T,False,,,HN
TECH_1128,tech_software,These noise-cancelling earbuds amplify wind noise instead of reducing it. Useless for outdoor runs.,False,,,False,,,T,False,,,HN
TECH_0169,tech_software,"I’ve been using this CRM for a small business, and the update they rolled out has made things way more complicated. We’re losing productivity.",False,,,False,,,T,False,,,HN
TECH_1122,tech_software,My file manager crashed and corrupted the directory index. I had to recover files manually.,False,,,False,,,T,False,,,HN
TECH_1130,tech_software,The smart light app crashes when managing more than ten bulbs. My entire house setup is unusable.,False,,,False,,,T,False,,,HN
TECH_0202,tech_software,I can't understand why this dash cam has such a high price tag when it barely meets my recording needs. It feels like I paid for something that doesn’t deliver.,False,,,False,,,T,False,,,HN
TECH_0170,tech_software,"I’m a developer, and this code editor is driving me nuts. The integration with version control systems is clunky and time-consuming.",False,,,False,,,T,False,,,HN
TECH_0182,tech_software,I'm a senior citizen and I can't figure out how to use this design tool. The user interface is too complicated for someone like me.,False,,,False,,,T,False,,,HN
TECH_1125,tech_software,The dash cam parking mode drains my car battery overnight. I come out to a dead car in the morning.,False,,,False,,,T,False,,,HN
TECH_0212,tech_software,"I’m a remote worker and rely heavily on the collaboration features of this cloud storage service. Unfortunately, it’s too complex for my team to use effectively.",False,,,False,,,T,False,,,HN
TECH_0174,tech_software,"The onboarding for this streaming app was so confusing. I’m not sure if I’ve even set it up correctly. Now, the playback quality is terrible.",False,,,False,,,T,False,,,HN
TECH_1117,tech_software,The project management app is so confusing that half our team gave up using it after a week.,False,,,False,,,T,False,,,HN
TECH_1119,tech_software,The file manager takes thirty seconds to open a folder with a hundred files. Absolutely glacial performance.,False,,,False,,,T,False,,,HN
TECH_1105,tech_software,The weather app predicted sunshine on the day it rained nonstop. I got completely soaked.,False,,,False,,,T,False,,,HN
TECH_0215,tech_software,"The antivirus software is too expensive for the features it provides, and it's hard to justify its cost given the alternatives out there.",False,,,False,,,T,False,,,HN
TECH_0230,tech_software,The battery on these wireless earbuds just doesn't last. It's ridiculous that I have to charge them twice a day for such short use.,False,,,False,,,T,False,,,HN
TECH_1115,tech_software,The spreadsheet app chart colors are all nearly identical shades of blue. Impossible to tell lines apart.,False,,,False,,,T,False,,,HN
TECH_0240,tech_software,"This smart speaker sounds great, but the onboarding process is a nightmare. I feel like it's designed for someone who isn't tech-savvy.",False,,,False,,,T,False,,,HN
TECH_0177,tech_software,"As a power user, I’ve had my fair share of reliability issues with this music streaming app. It keeps dropping out during live streams.",False,,,False,,,T,False,,,HN
TECH_0190,tech_software,The new graphics card I bought has been a nightmare. The display quality is poor and it causes lag in my other applications. Not at all what I was hoping for.,False,,,False,,,T,False,,,HN
TECH_0176,tech_software,"The latest update on this browser extension has broken my workflow. It used to work seamlessly with my SEO tasks, but now it’s full of bugs.",False,,,False,,,T,False,,,HN
TECH_0179,tech_software,This external SSD is heavy and not very portable at all. I was expecting something lighter for my daily commute.,False,,,False,,,T,False,,,HN
TECH_0205,tech_software,What's the point of a smartphone if you can't even get basic connectivity in your office? This phone just drops calls too often for it to be reliable.,False,,,False,,,T,False,,,HN
TECH_0222,tech_software,"I bought this external SSD for my design work, but the read/write speeds are abysmal and it makes a loud noise all the time.",False,,,False,,,T,False,,,HN
TECH_1110,tech_software,This calendar app sent me reminders for events I deleted weeks ago. The notification system is broken.,False,,,False,,,T,False,,,HN
TECH_1101,tech_software,The robot vacuum got stuck under the couch again. It happens every single cleaning cycle.,False,,,False,,,T,False,,,HN
TECH_1131,tech_software,The wireless mouse scroll wheel stopped working after a month. It just spins freely without registering.,False,,,False,,,T,False,,,HN
TECH_1103,tech_software,This action camera overheats and shuts down after ten minutes of 4K recording. Completely useless.,False,,,False,,,T,False,,,HN
TECH_0246,tech_software,"The e-reader I got as a gift is too heavy and cumbersome. It's not even close to being portable, which was the main feature I was looking for.",False,,,False,,,T,False,,,HN
TECH_1104,tech_software,My dash cam suction mount falls off the windshield every hot afternoon. It dangles by the power cable.,False,,,False,,,T,False,,,HN
TECH_0248,tech_software,"I recently switched to this AI writing assistant and I must say, the initial excitement has quickly turned sour. The software’s incompatibility with my existing work tools is a major letdown. How am I supposed to streamline my writing process if I can’t even open documents correctly?",False,,,False,,,T,False,,,HN
TECH_0244,tech_software,How can this antivirus software be so bulky? It takes up half of my storage space and slows down everything else on my computer.,False,,,False,,,T,False,,,HN
TECH_0183,tech_software,The graphics card I purchased is a lemon. It's not even half the speed they advertise. What am I supposed to do with this piece of junk?,False,,,False,,,T,False,,,HN
TECH_0229,tech_software,Why do tech companies insist on subpar customer support? My webcam won't even work with basic software updates anymore. Frustrating.,False,,,False,,,T,False,,,HN
TECH_0225,tech_software,"This smartwatch is a letdown. The battery life isn’t even good enough for a day's use, and the display is poor in sunlight.",False,,,False,,,T,False,,,HN
TECH_1109,tech_software,This gaming controller drifts left on its own. Every character walks in circles without input.,False,,,False,,,T,False,,,HN
TECH_0056,tech_software,The password manager's software updates are always timely and keep up with security trends. Can they also improve their integration with non-major browsers?,False,,,False,,,T,False,,,HN
TECH_0196,tech_software,"I'm not happy with this code editor at all. It's way too slow and crashes a lot, which makes me lose work frequently.",False,,,False,,,T,False,,,HN
TECH_1124,tech_software,The smartphone battery dies before lunch every single day. I have to carry a charger everywhere I go.,False,,,False,,,T,False,,,HN
TECH_0224,tech_software,"I don't like the e-reader much, as it's bulky and heavy, making it hard to carry around. The battery life is also awful.",False,,,False,,,T,False,,,HN
TECH_0204,tech_software,Do they even test this database tool before shipping it? I've found multiple bugs in my first week and the customer service barely responds.,False,,,False,,,T,False,,,HN
TECH_1132,tech_software,The fitness tracker water resistance failed during a swim. Screen went black and never recovered.,False,,,False,,,T,False,,,HN
TECH_0211,tech_software,The gaming console's connectivity issues make it a hassle to even start playing games. Is there any way this could get resolved?,False,,,False,,,T,False,,,HN
TECH_0201,tech_software,"My new e-reader is supposed to be waterproof, but I find it extremely cumbersome due to its size and weight. It's not as portable as advertised.",False,,,False,,,T,False,,,HN
TECH_1116,tech_software,The digital pen skips strokes constantly. Handwriting recognition turns my notes into gibberish.,False,,,False,,,T,False,,,HN
TECH_0161,tech_software,"The design tool's interface is sleek and user-friendly, but the storage options are limited for large projects. I often find myself having to delete older files to make space.",False,,,False,,,T,True,implicit,increase storage capacity,P2
TECH_0148,tech_software,"This smart thermostat works flawlessly and I adore the ease of setup and control. My only concern is that occasionally, after a sudden temperature change, it seems to take too long to readjust.",False,,,False,,,T,True,implicit,improve readjustment time after temperature changes,P2
TECH_0160,tech_software,"The collaboration features in this code editor are great, but I often find myself waiting a bit too long when team members push changes. Faster syncing would be fantastic.",False,,,False,,,T,True,implicit,improve syncing speed for collaboration features,P2
TECH_0117,tech_software,"This mechanical keyboard is terrific, but the lack of key lighting makes it less practical at night or in low-light conditions. Is there a chance to add that feature later?",False,,,False,,,T,True,explicit,add key lighting option,P2
TECH_0147,tech_software,"With its sleek design and fast loading speed, the external SSD is a dream to use. It would be perfect if it also included a built-in encryption feature.",False,,,False,,,T,True,explicit,include built-in encryption,P2
TECH_0106,tech_software,"This music streaming app has a clean interface and vast library, which is great. However, the ad breaks are a bit frequent during long sessions. Maybe less interruptions would enhance the user experience?",False,,,False,,,T,True,explicit,reduce the frequency of ad breaks,P2
TECH_0163,tech_software,"The project management app integrates seamlessly with most of our tools, but onboarding new users could be smoother. It took us several training sessions to get everyone up to speed.",False,,,False,,,T,True,explicit,simplify user onboarding process,P2
TECH_0110,tech_software,"The battery life on this portable charger is decent, but I always end up with a low charge after using it to power multiple devices at once. An upgrade in the overall capacity would be great!",False,,,False,,,T,True,explicit,upgrade the battery capacity,P2
TECH_0112,tech_software,The photo editor crashes every time I try to export a large file. Would be great if they fixed that.,False,,,False,,,T,True,explicit,improve stability when exporting large files,P2
TECH_0149,tech_software,"The video conferencing tool is fantastic for enterprise use, but there seems to be an issue with video latency during some of the more graphically intensive presentations. I hope this can get a boost soon.",False,,,False,,,T,True,implicit,reduce video latency for graphically intensive content,P2
TECH_0126,tech_software,"Using this email client is a breeze, but I find myself frequently needing to refer to the support forums because the built-in help seems to lack depth. A more comprehensive in-app guide would be beneficial.",False,,,False,,,T,True,explicit,improve in-app help for email client,P2
TECH_0120,tech_software,"The simplicity of this VPN service is refreshing, but occasionally the connection drops while I'm working. It's a minor issue, but a smoother experience would be even better.",False,,,False,,,T,True,explicit,improve connection stability,P2
TECH_0142,tech_software,"This portable charger is a lifesaver when traveling, but I often find myself needing to charge my phone multiple times a day. If only it came with a higher capacity battery!",False,,,False,,,T,True,explicit,increase battery capacity,P2
TECH_0156,tech_software,"Love this browser extension for saving time, but it would be great if there was a feature to synchronize settings across devices. Right now, I have to manually update each one.",False,,,False,,,T,True,explicit,add a feature for synchronizing settings across devices,P2
TECH_0151,tech_software,"The camera on this smartphone is fantastic, but sometimes the auto focus takes a while to lock onto subjects in low light. It's minor but noticeable.",False,,,False,,,T,True,implicit,improve auto focus in low light conditions,P2
TECH_0154,tech_software,"The wireless earbuds sound amazing, but I find myself frequently checking if they’re fully charged. A longer battery life would be really helpful for long gaming sessions.",False,,,False,,,T,True,implicit,increase battery life,P2
TECH_0158,tech_software,"The portable charger is a lifesaver, but it's slightly heavy for carrying around. A more lightweight version would be ideal for travel.",False,,,False,,,T,True,implicit,make the portable charger lighter,P2
TECH_0119,tech_software,"I appreciate how quickly this photo editor loads, but it's a shame that it doesn't support more file types during import. Having to convert files beforehand can be quite time-consuming.",False,,,False,,,T,True,implicit,support more file types for import,P2
TECH_0167,tech_software,"The dash cam I bought is amazing in terms of performance, but I feel like it could be more durable. During a car wash, water got into some gaps and caused issues later.",False,,,False,,,T,True,explicit,increase durability and water resistance,P2
TECH_0108,tech_software,"The AI writing assistant is fantastic for generating ideas, but I find the learning curve to be a bit steep. More intuitive tutorials could help users get started faster.",False,,,False,,,T,True,explicit,make tutorials more intuitive,P2
TECH_0125,tech_software,"The build quality on this laptop is top-notch, but the performance can sometimes lag during complex operations. As a remote worker, I rely heavily on its smooth operation under load.",False,,,False,,,T,True,implicit,enhance performance on laptop for complex tasks,P2
TECH_0111,tech_software,"I've been a loyal user of this smartwatch for over a year. The customization options are pretty limited, though — I'd love to see more flexibility in setting up the watch faces.",False,,,False,,,T,True,explicit,add more customization options for watch faces,P2
TECH_0139,tech_software,"This portability of this tablet is excellent, but the battery needs a boost. I would love to have it last beyond just a couple of hours on heavy use.",False,,,False,,,T,True,explicit,improve battery life,P2
TECH_0164,tech_software,"The e-reader I bought has a beautiful screen and holds up well to rough handling. However, after six months, it started showing some wear around the edges. I wish it was built with tougher materials.",False,,,False,,,T,True,explicit,improve build quality,P2
TECH_0159,tech_software,"The display quality of this smartphone is impressive, but I wish there were more options for customization. It would be nice to adjust color temperature and brightness levels more finely.",False,,,False,,,T,True,explicit,add more options for display customization,P2
TECH_0153,tech_software,"I use this CI/CD platform daily, and while it's robust, I often spend too much time sorting through alerts that aren’t critical. A refined alert system would be a game-changer.",False,,,False,,,T,True,implicit,refine the alert system to reduce non-critical alerts,P2
TECH_0121,tech_software,"I love how my design projects seamlessly integrate with this cloud storage service, but I wish there were more export options. The current formats limit the flexibility for some of my creative work.",False,,,False,,,T,True,explicit,add more export options for cloud storage service,P2
TECH_0155,tech_software,"The gaming console handles the latest games with ease, but the onboarding process for new players is a bit convoluted. It could be smoother for beginners.",False,,,False,,,T,True,explicit,simplify the onboarding process,P2
TECH_0102,tech_software,"This graphics card is a powerhouse, but I wish the cooling system could be quieter. The fans are quite noisy during intense gaming sessions.",False,,,False,,,T,True,explicit,reduce cooling fan noise,P2
TECH_0124,tech_software,"The note-taking app I'm using is fantastic, but sometimes it feels like the API quality could be better. Integration with other apps occasionally stumbles and leads to syncing issues.",False,,,False,,,T,True,explicit,improve API quality for better app integration,P2
TECH_0134,tech_software,"As a parent, I love how my kids can use this tablet for educational apps, but it's frustrating when the device overheats after just an hour of use. Better heat management would be great!",False,,,False,,,T,True,explicit,enhance heat management,P2
TECH_0165,tech_software,"As a gamer, the gaming console I have handles most games with ease. However, it tends to overheat when used for extended periods, which is a bit worrying.",False,,,False,,,T,True,implicit,improve cooling mechanism,P2
TECH_0140,tech_software,"The integration with my current tools is seamless. However, if the API documentation was a bit clearer, I could probably leverage more functionalities without consulting support so often.",False,,,False,,,T,True,explicit,improve API documentation clarity,P2
TECH_0136,tech_software,"I’ve been using the email client for years and it's reliable, but I often find myself manually archiving old emails. It would be nice to have an automated process for that.",False,,,False,,,T,True,explicit,improve automated email archiving,P2
TECH_0123,tech_software,"This smart thermostat has a sleek design and integrates smoothly with my home network, but the learning curve is pretty steep. It would be nice to have more intuitive setup options for users who aren't as tech-savvy.",False,,,False,,,T,True,explicit,simplify setup process for smart thermostat,P2
TECH_0128,tech_software,"This e-reader's battery lasts for days, but I often find myself wishing for a higher resolution screen. The text is clear, but it would be even better if the display could match the quality of print books.",False,,,False,,,T,True,explicit,enhance resolution on e-reader display,P2
TECH_0138,tech_software,"The browser extension I use is convenient for my small business, but it sometimes interferes with certain websites. A compatibility update would be ideal.",False,,,False,,,T,True,implicit,update compatibility with websites,P2
TECH_0107,tech_software,"I've been a developer for years, and this database tool makes my job so much easier. But one thing that bugs me is how it takes forever to sync data with cloud services. Maybe speeding up the process would be beneficial.",False,,,False,,,T,True,explicit,speed up data sync with cloud services,P2
TECH_0113,tech_software,"As a student, I use this note-taking app daily. It works well for the most part but occasionally lags when typing fast. Hopefully, it gets smoother updates in the future!",False,,,False,,,T,True,implicit,improve typing performance and reduce lag,P2
TECH_0127,tech_software,"The music streaming app has an amazing selection, but sometimes the song recommendations seem to miss the mark. It would be nice if they could offer more customizable playlists based on my listening history.",False,,,False,,,T,True,explicit,improve song recommendations in music streaming app,P2
TECH_0349,tech_software,The durability of this monitor is excellent; it survived a few accidental drops without any major issues. Would love if they could add a feature that automatically adjusts the screen brightness based on ambient light.,True,A monitor with a small dent on the corner of the screen.,"A close-up photo showing a slightly dented corner of the monitor, indicating its durability against minor impacts.",False,,,T+I,True,explicit,add a feature that automatically adjusts settings,P1
TECH_0279,tech_software,"The IDE plugin is powerful, but the learning curve could be less steep. They should provide more comprehensive documentation and tutorials.",True,A computer screen displays an IDE with multiple projects and plugin windows open.,"Image depicting photo of a computer screen with the IDE open, showing various plugins being used in different projects.",False,,,T+I,True,explicit,provide more comprehensive documentation and tutorials,P1
TECH_0315,tech_software,"This code editor is fantastic, but it would be even better with a feature to sync custom settings across multiple devices. Currently, I have to manually adjust each one.",True,"Screenshot showing a code editor with two panels, one with existing code and another with a highlighted section.",Visible in the image: comparison screenshot showing the current code editor interface and a mockup of an improved version with the requested feature highlighted.,False,,,T+I,True,explicit,add a feature to sync custom settings across multiple devices,P1
TECH_0265,tech_software,"The project management app is great for small teams, but it would be amazing if they could implement more detailed reporting features to give better insights into team performance.",True,Screenshot showing a report with a few charts and some numerical data.,Frame showing screenshot of a basic report showing high-level metrics without much detail.,False,,,T+I,True,explicit,add more detailed reporting features to give better insights into team performance,P1
TECH_0331,tech_software,"The mesh router's UI is sleek and user-friendly, but I wish there was a more in-depth tutorial for setting up advanced configurations.",True,Screenshot showing a router settings page with multiple options and a sidebar menu.,"Picture showing screenshot of the router's web interface, showing various settings options.",False,,,T+I,True,explicit,add a more in-depth tutorial for setting up advanced configurations,P1
TECH_0259,tech_software,"The remote worker in me finds this CI/CD platform incredibly useful, but I wish it had a simplified onboarding tutorial. The current one seems too complex and lacks clear steps.",True,Screenshot showing a long onboarding slide with a lot of text and small icons.,Screenshot of an overly long and dense onboarding slide for the CI/CD platform.,False,,,T+I,True,explicit,add a simplified onboarding tutorial,P1
TECH_0333,tech_software,"As a freelancer, I really appreciate this photo editor's range of export options. However, it would be better if they offered more presets for social media formats.",True,Screenshot showing a photo editor interface with multiple export options and buttons.,Screenshot showing screenshot of the photo editor interface with various export buttons highlighted.,False,,,T+I,True,explicit,offer more presets for social media formats,P1
TECH_0345,tech_software,"Great monitor, clear display that’s a joy for my tech reviews. Please add more color profiles to cater to different types of content, like photo editing or gaming.",True,A person holds a large computer monitor and looks at the screen.,A professional reviewer holding up the monitor and looking at its screen with a satisfied expression.,False,,,T+I,True,explicit,"add more color profiles to cater to different types of content, like photo editing or gaming",P1
TECH_0339,tech_software,"The webcam has decent build quality, but it would be better if the onboarding process explained how to adjust settings in detail. The setup felt a bit rushed.",True,A webcam view displaying a person with visible scanlines and low image quality.,A photo of the webcam set up for a video call with visible lines indicating low resolution.,False,,,T+I,True,explicit,explain how to adjust settings in detail,P1
TECH_0273,tech_software,"The note-taking app is great, but it needs to include a feature for syncing notes across devices seamlessly without the need for manual backups.",True,A person uses a laptop with a phone and tablet displaying notes on their screens.,The screen shows photo of someone using a laptop while accessing their notes on both phone and tablet screens.,False,,,T+I,True,explicit,include a feature for syncing notes across devices,P1
TECH_0317,tech_software,"As an IT professional, I find the IDE plugin incredibly useful. It would be great if it could also support automatic bug detection and fixing in real-time.",True,Screenshot showing an IDE with a highlighted code error and a plugin interface.,"A screenshot of the IDE with the plugin active, showing a highlighted error that is supposedly undetected by current features.",False,,,T+I,True,explicit,support automatic bug detection and fixing in real-time,P1
TECH_0343,tech_software,I'm an oldie but goodie and this password manager seems perfect for someone like me who needs some help with remembering passwords. It would be great if they could add a feature that reads out loud your generated passwords while I type them.,True,A person is using a computer and interacting with a password manager application.,"Visible in the image: senior citizen sitting at a computer, using the keyboard to interact with a password manager interface.",False,,,T+I,True,explicit,add a feature that reads out loud your generated passwords while I type them,P1
TECH_0255,tech_software,"This e-reader's performance in terms of page load speed is top-notch, but they could do better with the physical build quality. The back cover often peels off after a few months.",True,An e-reader with a noticeable area of damage on the back cover.,Photo of an e-reader with visible damage on the back cover where it has begun to peel away.,False,,,T+I,True,explicit,improve the physical build quality,P1
TECH_0289,tech_software,"This mechanical keyboard is my new favorite, but it would be better if the key caps were more comfortable to type on.",True,Close-up of a mechanical keyboard with labeled keycaps and handwritten notes.,A close-up photo of a mechanical keyboard's key caps with annotations suggesting adjustments.,False,,,T+I,True,explicit,make key caps more comfortable,P1
TECH_0267,tech_software,"The tablet's portability is its strongest feature, but it needs to improve the battery life. Sometimes it feels like you can't use it for an entire day without plugging in.",True,Screenshot showing battery settings with current percentage and estimated time remaining.,View of screenshot of the battery settings page showing current battery levels and time remaining.,False,,,T+I,True,explicit,improve battery life,P1
TECH_0293,tech_software,"I absolutely adore my new mechanical keyboard, but the keycaps are prone to peeling after just a couple of weeks. The manufacturer needs to look into using more durable materials for a longer product lifespan.",True,Worn keycaps are visible on a mechanical keyboard.,The image reveals photo of worn-out keycaps on the mechanical keyboard.,False,,,T+I,True,explicit,look into using more durable materials for a longer product lifespan,P1
TECH_0261,tech_software,"As a content creator, the note-taking app's performance is solid, but it would be better if they could add more robust collaboration features to allow for real-time co-authoring. The current interface is quite user-friendly!",True,Screenshot showing a settings panel with options for collaboration.,Snapshot of screenshot of the settings panel where users can configure collaboration options.,False,,,T+I,True,explicit,add more robust collaboration features to allow for real-time co-authoring,P1
TECH_0291,tech_software,"As a freelancer, I rely heavily on this design tool for client projects. It's incredibly powerful and intuitive, but the lack of an offline mode is a serious drawback. They should consider adding it to make my work more flexible.",True,Screenshot showing a current interface next to a mock-up with an added toggle switch.,View of screenshot comparing the current interface with a mock-up showing an 'Offline Mode' toggle.,False,,,T+I,True,explicit,add features to make work more flexible,P1
TECH_0330,tech_software,This enterprise-grade VPN service does a good job but can improve data encryption methods. I suggest they consider adding an option for enhanced security protocols for sensitive company data.,True,Screenshot showing encryption settings with options for AES and RSA. The panel does not have a search bar.,"Visible in the image: screenshot of the settings panel showing various encryption options, but lacking advanced ones",False,,,T+I,True,explicit,add an option for enhanced security protocols,P1
TECH_0281,tech_software,"The mesh router's coverage is excellent, but it would be better if they could include more ports for easier connectivity.",True,"A mesh router with several ports on the back, and an arrow graphic pointing towards them.",Visual of photo of a mesh router with an arrow pointing to the port section.,False,,,T+I,True,explicit,include more ports for easier connectivity,P1
TECH_0307,tech_software,"This code editor is fantastic for quick coding tasks, but I find the onboarding process a bit confusing. They should streamline it to help new users get up and running faster with clear tutorials or walkthroughs.",True,A screenshot showing a code editor with a red error message displayed in the interface.,Image depicting screenshot of an error message displayed in the code editor's user interface.,False,,,T+I,True,explicit,streamline it to help new users get up and running faster with clear tutorials or walkthroughs,P1
TECH_0295,tech_software,"The wireless earbuds sound fantastic and are perfect for my daily commute, but the charging case is too bulky. I would love it if they could reduce its size to make it easier to carry around.",True,"A photo comparing two charging case designs, one larger and one more streamlined.",A photo comparison showing the current bulkiness of the charging case versus a sleeker design suggestion.,False,,,T+I,True,explicit,reduce its size to make it easier to carry around,P1
TECH_0341,tech_software,"The new graphics card is a game-changer for my video editing tasks, but I wish they could include more detailed documentation to help beginners get started.",True,A graphics card is installed in a desktop computer case with multiple cables connected.,"Visible in the image: photo of the graphics card installed in a desktop PC case, with cables and other components visible.",False,,,T+I,True,explicit,include more detailed documentation to help beginners get started,P1
TECH_0337,tech_software,"The IDE plugin integrates well with my existing setup, but I would love if it provided more in-depth documentation on how to customize the editor configurations.",True,Screenshot showing a settings page for an IDE plugin with customization options.,Screenshot showing screenshot of the IDE plugin's integration page showing customization settings.,False,,,T+I,True,explicit,provide more in-depth documentation on how to customize the editor configurations,P1
TECH_0324,tech_software,The video conferencing tool is great for my remote team. But please add a more detailed report on user activity metrics to help us understand engagement during meetings better.,True,A group video call is in progress on a computer screen in an office setting. Multiple monitors are visible in the background.,A photo of a group video call setup in an office with multiple screens,False,,,T+I,True,explicit,add a more detailed report on user activity metrics,P1
TECH_0328,tech_software,This cloud storage service needs an overhaul in its connectivity features. Connectivity issues during syncing files are frustrating; they need more robust connection stability.,True,"The image shows a side-by-side comparison of two interfaces, with connectivity options visible in both. The new interface has a brighter color scheme and reorganized elements.",Photo of comparison photo of the old and new interface showing the improved design but unchanged connectivity options,False,,,T+I,True,explicit,add more robust connection stability,P1
TECH_0285,tech_software,The music streaming app is easy on the ears and the battery but should offer more genres for my grandson who loves niche sounds.,True,The image shows a user interface with a dropdown menu and a right-pointing arrow.,A photo of a user interface with an arrow indicating the genre selection options.,False,,,T+I,True,explicit,offer more genres,P1
TECH_0297,tech_software,The graphics card delivers amazing performance but I often encounter software glitches when using resource-intensive programs. They could improve stability by optimizing the drivers to handle these scenarios better.,True,A screenshot showing a red error message with text and a close button.,A screenshot of an error message that appears frequently on the screen.,False,,,T+I,True,explicit,improve stability by optimizing the drivers to handle these scenarios better,P1
TECH_0319,tech_software,"The display quality on this smartwatch is impressive, but it would be better if the brightness settings could be adjusted more finely. Right now, they're either too bright or not bright enough for outdoor use.",True,A smartwatch screen is dimly lit and hard to see in bright sunlight.,"Visible in the image: photo of the smartwatch screen with a low brightness setting in direct sunlight, showing poor visibility.",False,,,T+I,True,explicit,make brightness settings more finely adjustable,P1
TECH_0253,tech_software,"The monitor's display quality is impressive, but it lacks some essential accessibility features like adjustable contrast and brightness knobs on the side of the screen instead of being hidden in settings menus.",True,Screenshot showing a monitor settings panel with several options and sliders. The panel has a dark background and light text.,Screenshot of the monitor’s settings panel with no quick-access controls for contrast or brightness.,False,,,T+I,True,implicit,add accessibility features like adjustable contrast and brightness controls,P1
TECH_0312,tech_software,"This AI writing assistant should come with more pre-loaded templates, especially for academic papers. The performance is great but could be even better with a wider range of options.",True,Screenshot showing a writing assistant interface with highlighted text and options.,Screenshot showing screenshot showing the user interface of the writing assistant with various features highlighted.,False,,,T+I,True,explicit,"add more pre-loaded templates, especially for academic papers",P3
TECH_0308,tech_software,The browser extension is really helpful for productivity but the notification system gets a bit overwhelming. I wish they could provide an option to customize the frequency of notifications more finely.,True,A smartphone displays installation instructions next to the extension's packaging.,Snapshot of unboxing photo of the browser extension's packaging with a smartphone showing installation instructions on its screen.,False,,,T+I,True,explicit,provide an option to customize the frequency of notifications more finely,P3
TECH_0327,tech_software,"I really enjoy using this code editor, but the export options are limited. It should support exporting files to popular formats like PDF and PNG for presentations.",True,Screenshot showing a settings panel with options for file formats.,Picture showing screenshot of a settings panel showing only a few file format options,False,,,T+I,True,explicit,support exporting files to popular formats like PDF and PNG for presentations,P3
TECH_0320,tech_software,"The price of this gaming console is fair, but the onboarding process could use some work. I wish it came with a more comprehensive user manual or video tutorial to help set up and get started quickly.",True,A gaming console is inside an open cardboard box on a table. Minimal documentation is also visible in the box.,"Visual of photo of the gaming console box open on a table, showing only the console and minimal documentation inside.",False,,,T+I,True,explicit,include a more comprehensive user manual or video tutorial to help set up and get started quickly,P3
TECH_0254,tech_software,"As a designer, I love this design tool's UI/UX but find its data privacy practices concerning. They should make it clearer how user information is handled and stored.",True,Screenshot showing a data settings page with options related to user data and storage.,Screenshot of the data settings page showing vague terms for user data storage and handling.,False,,,T+I,True,explicit,make it clearer how user information is handled and stored,P3
TECH_0272,tech_software,"This IDE plugin is a lifesaver, but I wish it offered more accessibility options for those with disabilities. They should consider adding voice command support.",True,Screenshot showing an IDE settings panel with a list of plugins and configuration options.,The image reveals screenshot of the IDE settings panel highlighting different plugins and their options.,False,,,T+I,True,explicit,add voice command support,P3
TECH_0300,tech_software,"The portability of this streaming device is unmatched, but the battery life needs an upgrade. I wish it could last longer without needing to be plugged in, especially when traveling long distances.",True,A portable device next to a black power bank on a wooden table.,"A photo showcasing a travel scenario with the device, highlighting its portability but showing it next to a power bank.",False,,,T+I,True,explicit,extend battery life,P3
TECH_0276,tech_software,"The video conferencing tool is reliable and easy to use, but I wish they’d lower the pricing for smaller businesses like mine. They should offer a tiered pricing model.",True,A person is on a video call on a laptop in a home office. A window and a bookshelf are visible in the background.,Close-up of photo of someone using the video conferencing tool in a home office setting.,False,,,T+I,True,explicit,offer a tiered pricing model,P3
TECH_0316,tech_software,"The design of this smart speaker is sleek and modern, but it should have a wider range of color options. Monochromatic isn't for everyone!",True,The image shows a white smart speaker on a table with other electronic devices.,Display showing photo of the smart speaker in white on a coffee table surrounded by other tech gadgets.,False,,,T+I,True,explicit,include a wider range of color options,P3
TECH_0332,tech_software,"The browser extension loads quickly, but it would be great if they added an option to customize the loading bar colors.",True,Screenshot showing a webpage with a loading bar at the top of the screen.,Snapshot of screenshot of a webpage with the browser extension's loading bar in the top corner.,False,,,T+I,True,explicit,add an option to customize the loading bar colors,P3
TECH_0350,tech_software,"This API is powerful and easy to integrate, but I believe they should provide more sample code snippets in different programming languages to help developers get started faster.",True,Screenshot showing an integration page with multiple code blocks and settings options.,Display showing screenshot of an integration page within the software application showcasing various codes and settings panels.,False,,,T+I,True,explicit,provide more sample code snippets in different programming languages to help developers get started faster,P3
TECH_0296,tech_software,"What a great code editor! It handles all my coding needs with ease. Still, I find the lack of customizable themes quite limiting. They should allow for more personalization in future updates.",True,Screenshot showing a default interface alongside a customization panel with color options.,Image depicting screenshot showing a default theme next to a mock-up of a personalized customization panel.,False,,,T+I,True,explicit,allow for more personalization in future updates,P3
TECH_0314,tech_software,"I love the new gaming console, but can we get an update that includes support for more VR games? The current selection is limited compared to the competition.",True,Screenshot showing a game interface with a list of VR game titles and icons.,"A screenshot of a game on the new gaming console, with an overlay showing available VR titles.",False,,,T+I,True,explicit,add an update that includes support for more VR games,P3
TECH_0298,tech_software,"The streaming device is a great addition to my TV, but it should be easier for seniors like me to set up and use. They need to make the instructions more straightforward or consider adding a quick-start guide.",True,A person looks at a streaming device and a set of printed instructions.,A photo showing an older person struggling with setup instructions while looking at their streaming device.,False,,,T+I,True,explicit,make the instructions more straightforward or consider adding a quick-start guide,P3
TECH_0348,tech_software,"The note-taking app’s UI is modern and intuitive, but customization options are quite limited. Adding an option to choose different background colors or themes might enhance user experience further.",True,Screenshot showing a list of notes with different colored tags and varying length titles.,Snapshot of screenshot of a user's notes list on the app with various note titles and tags visible.,False,,,T+I,True,implicit,add an option to choose different background colors or themes might enhance user experience further,P3
TECH_0280,tech_software,"The note-taking app is easy to use, but I wish they could integrate with more third-party apps. It would be better if it offered a wider range of integrations.",True,A person holds a smartphone in one hand and looks at a tablet screen next to it.,Picture showing photo of someone using their smartphone while also accessing notes on a tablet nearby.,False,,,T+I,True,explicit,offer a wider range of integrations,P3
TECH_0262,tech_software,"The cloud storage service offers impressive data privacy measures, but it needs a more intuitive UI/UX design for small business owners who might not be tech-savvy.",True,"The image shows two versions of a user interface side-by-side for comparison. Both layouts contain text and buttons, with some differences in arrangement.",Capture of comparison of the old and new user interface layouts side by side.,False,,,T+I,True,explicit,add more intuitive UI/UX design for small business owners who might not be tech-savvy,P3
TECH_0270,tech_software,"This antivirus software is amazing for its price, but it would be even better if they could lower the learning curve. The current setup process feels a bit too convoluted.",True,A screenshot of an installation wizard with several steps and various settings options.,The screen shows screenshot of the complex installation wizard with many steps and options.,False,,,T+I,True,explicit,reduce the learning curve,P3
TECH_0294,tech_software,"This fitness tracker is a great tool for staying active, but it should come with a more robust data security feature. I find myself worrying about my personal information being safe when I sync it online.",True,Screenshot showing a privacy settings menu with various toggle switches and permission options.,A screen capture showing the privacy settings menu on the companion app.,False,,,T+I,True,explicit,include a more robust data security feature,P3
TECH_0266,tech_software,"As a tech reviewer, this antivirus software is effective but I think it should include a more comprehensive scan option. The current one feels slightly too basic for advanced users.",True,Screenshot showing a scan interface with a start button and a progress bar.,A screenshot of the simple scan interface with minimal options.,False,,,T+I,True,explicit,include a more comprehensive scan option,P3
TECH_0306,tech_software,"The monitor is very durable and performs beautifully for my design work, but the color accuracy settings are a bit off. It would be great if they could provide more advanced color calibration options directly within the software.",True,A monitor is set up on a desk with cables and a computer visible in the foreground.,A photo of the monitor set up on a desk with various cables connected to it and a computer in front.,False,,,T+I,True,explicit,provide more advanced color calibration options directly within the software,P3
TECH_0274,tech_software,"My laptop’s performance is stellar, but I feel it would be improved by adding more robust parental controls. It should have an easy-to-use system for managing usage and content.",True,A laptop displaying a settings page for device management options.,"A photo of a laptop with the settings menu open, highlighting device management options.",False,,,T+I,True,explicit,include an easy-to-use system for managing usage and content,P3
TECH_0342,tech_software,"This email client is fantastic for managing my work emails, but the current pricing model should be revised. I'd suggest a flat-rate plan instead of per-user pricing which can get expensive quickly.",True,Screenshot showing an email inbox with several unread messages and sender names.,Visual of screenshot of an email inbox with various unread messages highlighted.,False,,,T+I,True,explicit,revise pricing model,P3
TECH_0346,tech_software,"The cloud storage service has excellent support when needed and the system is very reliable. They should, however, integrate a better way to handle duplicates and unnecessary files automatically.",True,Screenshot showing a cloud storage dashboard with folders and files. The interface includes icons representing different file types.,A screenshot of a user navigating through a cloud storage dashboard with various file types displayed in folders.,False,,,T+I,True,explicit,integrate a better way to handle duplicates and unnecessary files automatically,P3
TECH_0329,tech_software,"This video conferencing tool is great, but the lack of custom background filters is a big downside. They should definitely consider adding this feature to make virtual meetings feel more engaging.",True,Screenshot showing a meeting settings page with several blurred background options and a button labeled 'Add more'.,A screenshot showing limited options for customizing user backgrounds in a meeting,False,,,T+I,True,explicit,add custom background filters to make virtual meetings more engaging,P3
TECH_0264,tech_software,"This CI/CD platform has amazing integration capabilities, but they should consider adding a feature that automatically updates dependencies without manual intervention.",True,Screenshot showing a dependency management section with some text and boxes.,The image reveals screenshot of the dependency management section with placeholder content.,False,,,T+I,True,explicit,add a feature that automatically updates dependencies without manual intervention,P3
TECH_0286,tech_software,The mechanical keyboard is a tech reviewer's dream but could include a USB passthrough option to keep the desk tidy.,True,A mechanical keyboard with a white arrow pointing to the side of the device.,Visible in the image: photo of a mechanical keyboard with an arrow indicating where a USB port would be useful.,False,,,T+I,True,explicit,include a USB passthrough option,P3
TECH_0256,tech_software,"The dash cam's connectivity to smartphones is seamless, but they should include some form of cloud backup option as an upgrade rather than forcing everyone to manage local storage options.",True,Screenshot showing a dash cam settings menu with options related to storage.,Screenshot showing the dash cam’s settings menu with a note about local storage management without any mention of cloud backups.,False,,,T+I,True,explicit,include some form of cloud backup option as an upgrade rather than forcing everyone to manage local storage options,P3
TECH_0258,tech_software,"For a content creator, this browser extension needs to streamline its user interface to make advanced features more discoverable for beginners.",True,"Screenshot showing an extension home page with multiple settings and options, some hidden within menus.",Screenshot of the home page of the extension showing complex settings and hidden menus.,False,,,T+I,True,explicit,streamline its user interface to make advanced features more discoverable for beginners,P3
TECH_0288,tech_software,The VPN service is super fast and secure but should provide clearer pricing information for small businesses on their website.,True,A screenshot of a website pricing page with an arrow graphic.,Display showing screenshot of a website's pricing page with an arrow pointing out unclear sections.,False,,,T+I,True,explicit,provide clearer pricing information for small businesses on their website,P3
TECH_0405,tech_software,"The portable charger is a godsend for my daily commute, but I often forget to charge it at night. A reminder feature in the app would help prevent this oversight.",True,A screenshot of an app interface displaying battery information and a charging schedule.,Close-up of screenshot of the app interface with notes on battery level and charging schedule.,False,,,T+I,True,explicit,add a reminder feature for charging,P4
TECH_0376,tech_software,"The password manager is fantastic, but the documentation on how to use it with different operating systems could be clearer. Any updates here?",True,A person is using a laptop with a smartphone in their hand. The laptop screen is visible.,A photo of a user using the product on a laptop screen while holding their smartphone.,False,,,T+I,True,explicit,clarify documentation for multi-platform usage,P4
TECH_0378,tech_software,"When I compare the new UI with the old, it's a bit confusing to navigate. Can we have a clearer transition guide?",True,The image shows two phone screens displaying different user interface layouts.,Side by side comparison of the new and old user interface screens.,False,,,T+I,True,implicit,provide a clearer transition guide for UI updates,P4
TECH_0357,tech_software,"The mechanical keyboard I purchased as a student has been great, but the keycaps tend to wear out quickly. Shouldn't they be more durable?",True,A mechanical keyboard with faded and worn keycaps.,Capture of photo of the mechanical keyboard with worn-out keycaps.,False,,,T+I,True,implicit,improve durability of keycaps,P4
TECH_0382,tech_software,"This CI/CD platform does what I need, but sometimes my team gets stuck waiting for new features to be added. We are always a step behind!",True,Screenshot showing a dashboard interface with a version number and various charts.,A screenshot showing the dashboard with an outdated version number prominently displayed.,False,,,T+I,True,implicit,accelerate the addition of new features,P4
TECH_0368,tech_software,"The code editor’s API documentation is quite helpful, but sometimes it lacks depth in certain areas. A more comprehensive guide would really be beneficial for new users like myself.",True,A screenshot of API documentation with some sections highlighted in yellow.,Display showing screenshot of the sparse sections within the API documentation that need further elaboration.,False,,,T+I,True,implicit,expand and deepen the API documentation for better user guidance,P4
TECH_0390,tech_software,"The build quality on this portable charger is impressive. However, it's a bit bulky for my backpack.",True,A photo of a portable charger inside a small backpack pocket.,Picture showing photo showing the charger taking up most of the space in a small backpack pocket.,False,,,T+I,True,implicit,design a more compact version,P4
TECH_0355,tech_software,"The dash cam captures high-quality video, but I've noticed it occasionally malfunctions in extreme weather conditions. Wonder if this can be improved?",True,"A dash cam is mounted on a car dashboard, displaying a live video feed.",The screen shows photo of the dash cam mounted on a car's dashboard.,False,,,T+I,True,implicit,enhance weather resistance,P4
TECH_0364,tech_software,"After spending a lot on the graphics card, I expected fewer issues with driver compatibility. It would be great if the setup process could be smoother and more intuitive.",True,"A person is installing a graphics card into a computer, with several cables and components visible.","Picture showing photo of the unboxing process, showing the user struggling to fit the card into their PC slot correctly.",False,,,T+I,True,explicit,enhance driver compatibility and make setup process smoother,P4
TECH_0380,tech_software,"As a parent, I find the photo editor's user interface very intuitive and helpful. But how about adding more creative tools like special effects or filters?",True,Screenshot showing a photo editing interface with a red arrow highlighting the 'Filters' section.,Photograph showing screenshot of the photo editing workspace with a red arrow pointing at the 'Filters' section.,False,,,T+I,True,explicit,expand creative tools such as special effects or filters,P4
TECH_0351,tech_software,"The mesh router's setup process is smooth and straightforward, but I wish the app had more detailed troubleshooting guides. It’s very user-friendly overall.",True,Screenshot showing a settings panel with various network options and a list of connected devices.,Display showing screenshot of a settings panel within the mesh router mobile app.,False,,,T+I,True,explicit,improve troubleshooting guides in the app,P4
TECH_0409,tech_software,"As a remote worker, I find the collaboration features within our project management software highly useful. Yet, I still need to manually sync files between devices and this can be quite time-consuming.",True,Screenshots showing a file synchronization process with text annotations and arrows.,Annotated screenshots showing the workflow around file synchronization with notes on manual steps.,False,,,T+I,True,explicit,improve automatic file synchronization across devices,P4
TECH_0396,tech_software,"This monitor looks fantastic, but I wish it came with a built-in stand like many of its competitors. Setting up an external one is such a hassle.",True,"The image shows two similar products side-by-side, one with a stand and one without.",The screen shows side-by-side comparison photo of the product without a stand and a competitor's model that includes a stand.,False,,,T+I,True,explicit,include a built-in stand,P4
TECH_0398,tech_software,I'm an IT professional and the battery life on this device is amazing. If only the same could be said for its onboard storage capacity...,True,A charging station with several phones and smartwatches connected. The screen displays a low storage warning.,"Image depicting photo of a charging station with multiple devices, highlighting that the product's screen indicates low storage space.",False,,,T+I,True,explicit,increase onboard storage capacity,P4
TECH_0414,tech_software,How come the smart speaker's voice commands sometimes fail to recognize my requests when I’m in a noisy environment?,True,A smart speaker is on a shelf in front of a brightly lit TV screen.,"A photo of the smart speaker placed on a shelf with visible microphone ports, in the background is a TV playing loudly.",False,,,T+I,True,implicit,improve voice command reliability in noisy settings,P4
TECH_0353,tech_software,"The mechanical keyboard I got for gaming is fantastic, but the wrist rest has come loose a couple of times. Is it just me, or should this be more secure?",True,A mechanical keyboard with a detached wrist rest in front of it.,A photo showing the loose wrist rest on the mechanical keyboard.,False,,,T+I,True,explicit,improve wrist rest attachment security,P4
TECH_0403,tech_software,"As a developer, I find the photo editor’s UI very intuitive. However, it would be fantastic if they could streamline the export process for quick uploads without needing to save locally first.",True,"Screenshots showing export settings with options for file format, quality, and dimensions.",Annotated screenshots of the photo editor's export settings panel.,False,,,T+I,True,explicit,simplify the export and upload process directly from the editor,P4
TECH_0384,tech_software,"When I tried to sync my notes across devices, there were some issues with formatting. It’s great for individual use though!",True,Screenshot showing a note app with varying font sizes and bullet points.,The image reveals screenshot of a note app showing inconsistent text sizes and misaligned bullet points.,False,,,T+I,True,implicit,improve note synchronization and formatting,P4
TECH_0381,tech_software,The battery on my smartwatch lasts about a day with moderate use. I think it could be longer considering the features.,True,A wrist wearing a smartwatch with a red low battery indicator on the screen.,A person's wrist showing the low battery icon glowing red on the watch face.,False,,,T+I,True,explicit,improve battery life of the smartwatch,P2
TECH_0379,tech_software,"The fitness tracker is great, but it’s annoying to keep recharging it after only one day. A longer-lasting battery would be better!",True,A person wearing a black fitness tracker on their left wrist.,Image depicting photo of a person wearing the tracker on their wrist.,False,,,T+I,True,explicit,improve battery life,P2
TECH_0406,tech_software,"The email client’s customer support is top-notch, always answering my questions promptly. However, they could offer more tutorials on advanced features that might be useful but are not immediately obvious.",True,Screenshot showing a help section with a question mark icon.,The image reveals screenshot of the help section with a question mark overlay pointing to lesser-known settings.,False,,,T+I,True,explicit,provide more detailed tutorials on advanced features,P2
TECH_0410,tech_software,"The UI/UX design of this tech is visually appealing and easy to navigate. However, I occasionally find the settings menu overwhelming with so many options that I rarely use.",True,"The image shows two side-by-side screenshots of a settings menu. The left side has fewer options and simpler layout, while the right side has a more detailed interface.",A comparison image showing a simplified versus a more complex settings interface.,False,,,T+I,True,implicit,simplify the settings menu,P2
TECH_0399,tech_software,"The display quality on this monitor is stunning, but it would be great if there were more options to customize the accessibility features for visually impaired users like myself.",True,The image shows a smartphone screen displaying a settings menu in high contrast mode. Several options are visible with white text on a dark background.,The image reveals photo of a close-up view of the product screen with high contrast mode enabled.,False,,,T+I,True,explicit,expand accessibility options,P2
TECH_0389,tech_software,"The price is steep for a note-taking app, but it's worth every penny if only the customer support was more responsive. They’re hard to reach!",True,Screenshot showing an email conversation with multiple replies and timestamps.,Photograph showing annotated screenshot of an email thread showing delayed and vague responses from support.,False,,,T+I,True,explicit,improve responsiveness and quality of customer support,P2
TECH_0369,tech_software,"Every time I try to connect my tablet to public Wi-Fi, it struggles. It would be great if the next update could improve connectivity in less-than-ideal conditions.",True,Screenshot showing a tablet settings page with a Wi-Fi connection and several error messages.,Display showing screenshot of the tablet’s settings showing a Wi-Fi connection with multiple failed attempts indicated by error messages.,False,,,T+I,True,explicit,improve wi-Fi connectivity in less-than-ideal conditions through software updates,P2
TECH_0361,tech_software,"The video conferencing tool's audio quality drops noticeably during peak hours, which can be a bit frustrating when you're in an important meeting. I wonder if there’s any way to prioritize the connection or perhaps add some buffer settings?",True,Screenshot showing a video call interface with blurry video and distorted audio waveforms.,View of screenshot of the video call interface with pixelated and lagging audio.,False,,,T+I,True,implicit,improve audio stability and prioritize connection,P2
TECH_0387,tech_software,"This monitor is fantastic, but I wish there were more options for color calibration. The display quality is stellar though!",True,"Screenshot showing a monitor settings menu with brightness, contrast, and color temperature options.",A detailed screenshot of the monitor's settings menu with limited customization options.,False,,,T+I,True,explicit,expand color calibration options,P2
TECH_0477,tech_software,"The customization options for this software are just not there. I wish they had more flexibility, but it's a one-size-fits-all kind of solution and that’s not what my business needs.",True,Screenshot showing limited settings options within a software interface.,Screenshot of limited settings in the software application,False,,,T+I,True,explicit,add more customization flexibility,P2
TECH_0395,tech_software,"As a small business owner, I can't get over the affordability of this password manager. The downside? It's quite tricky for my less tech-savvy staff to navigate.",True,"A person using a tablet interface, appearing to interact with the screen. The user is older and the interface has several visible buttons.",Screenshot showing photo of an older user with a confused look while attempting to use the product interface on a tablet.,False,,,T+I,True,implicit,simplify the user interface,P2
TECH_0377,tech_software,"I'm a small business owner and this software's pricing is excellent, but I wish there were more detailed usage statistics to track how my employees are utilizing it.",True,Screenshot showing a user dashboard with a greyed-out 'Usage Statistics' section.,The image reveals screenshot showing the user dashboard with a greyed out section for 'Usage Statistics'.,False,,,T+I,True,explicit,add more detailed usage statistics,P2
TECH_0373,tech_software,"The dash cam has a sleek design and smooth UI, but I've noticed that after recording longer videos, it tends to lag a bit.",True,"A dash cam is mounted on a car dashboard, with arrows pointing to its lens and bracket.",View of photo of the dash cam mounted on a dashboard with arrows indicating its mounting mechanism and camera lens.,False,,,T+I,True,implicit,improve performance and reduce lag when recording longer videos,P2
TECH_0490,tech_software,"As a freelancer, I need seamless connectivity and this video conferencing tool is always lagging during calls.",True,A video call screen with visible pixelation and distortion. The display appears to be experiencing technical difficulties.,A photo of the screen with a glitched video call display showing pixelation and delays.,False,,,T+I,True,implicit,fix lagging during calls,P2
TECH_0385,tech_software,It would be helpful if the portable charger had a USB-C input for faster charging. At least it's durable!,True,A charger with some visible dust and scratches.,"Photograph showing photo of the charger with visible scratches and dust, but overall sturdy.",False,,,T+I,True,explicit,integrate USB-C input for quicker charging,P2
TECH_0392,tech_software,"Wow, this mesh router! I can finally get a good signal in every corner of my house. If only the setup process was as smooth as its performance...",True,A product box and manual are shown next to a router and its documentation.,Capture of photo showing the product box and documentation next to another brand's router with an easy-to-understand manual.,False,,,T+I,True,explicit,simplify setup process for mesh router,P2
TECH_0458,tech_software,"This password manager is supposed to be secure, but it keeps forgetting my passwords and forcing me to re-enter them every time I open a new tab. How reliable can that be?",True,Screenshot showing a password manager interface with several blank input fields and labels.,A screenshot of the password manager interface with multiple empty fields where passwords should be displayed.,False,,,T+I,True,implicit,fix password forgetting issue,P2
TECH_0375,tech_software,"The AI behind this writing assistant is impressive, but I often find myself checking out of frustration when it misinterprets my tone.",True,A screenshot of a text area with highlighted sections and some red underlines.,Capture of close-up screenshot showing the text area with highlighted parts where corrections were made incorrectly.,False,,,T+I,True,implicit,improve AI's understanding of tone and context,P2
TECH_0383,tech_software,"The mechanical keyboard is great for gaming, but it's a bit heavy to carry around. I'd love a lighter version!",True,Close-up of a metal construction with multiple screws and overlapping parts.,Visual of close-up of the heavy-duty construction with visible screws and metal parts.,False,,,T+I,True,explicit,design a lighter version of the keyboard,P2
TECH_0411,tech_software,"This smartwatch is fantastic for tracking my fitness goals, but I do wish it could last a bit longer than just a day and a half.",True,The image shows a smartwatch with a battery indicator displaying 20% charge. The screen also shows a digital watch face.,Frame showing photo showing the battery indicator on the smartwatch screen at 20% charge after one and a half days of use.,False,,,T+I,True,explicit,improve battery life,P2
TECH_0358,tech_software,"The portable charger I got is compact and efficient, but I find myself recharging it more often than expected. Could the battery capacity be increased?",True,A portable charger is connected to a smartphone with a charging cable.,Visual of photo of a portable charger connected to a smartphone for charging.,False,,,T+I,True,explicit,increase battery capacity,P2
TECH_0417,tech_software,"When using this video conferencing tool, I frequently encounter lagging issues that can disrupt my presentations. Is there a way to ensure smoother performance?",True,Screenshot showing a video call interface with a blurred background and some visible distortion.,A screenshot of the user's screen during a call with visible lagging and delayed audio.,False,,,T+I,True,explicit,fix video conferencing lagging issues,P2
TECH_0471,tech_software,"As a senior, I find the UI/UX of this app to be way too complex. There are so many buttons and options that it's hard for me to even find what I need. Maybe they should make an elderly-friendly version?",True,Screenshot showing a smartphone app interface with multiple icons and text labels. There are several buttons and a navigation bar at the bottom.,Screenshot of the complicated main screen of a smartphone app,False,,,T+I,True,explicit,simplify app UI for senior users,P2
TECH_0391,tech_software,"As a remote worker, I really appreciate the ease of use with this cloud storage service. However, it would be nice to see some more robust collaboration features.",True,"Screenshot showing a document with multiple cursors and highlighted text, along with a chat window displaying error messages.",A screenshot showing two users working on the same file simultaneously but encountering issues.,False,,,T+I,True,explicit,add more robust collaboration features,P2
TECH_0362,tech_software,"The fitness tracker's battery barely makes it through a weekend. If I had to recharge every night, it would defeat the purpose of having a fitness gadget that tracks my entire day’s activities!",True,A fitness tracker screen displays a low battery icon and percentage.,A photo showing the low-battery warning on the fitness tracker screen.,False,,,T+I,True,explicit,extend fitness tracker battery life,P2
TECH_0475,tech_software,Why does my smartphone keep lagging even after upgrading to a new model? This is frustrating because I need it for work and cannot afford the downtime caused by these glitches.,True,Screenshot showing a smartphone homepage with a paused video and a static image.,Screenshot of a smartphone's homepage showing a frozen screen,False,,,T+I,False,,,HN
TECH_0479,tech_software,"The documentation is terrible. I've spent hours trying to figure out how this streaming device works, and there's no clear manual or tutorials.",True,"A screenshot of a help section with small, difficult-to-read text and no apparent navigation elements.",View of screenshot of a poorly formatted help section with illegible text and no icons for navigation guidance.,False,,,T+I,False,,,HN
TECH_0480,tech_software,This wireless earbud sounds great but the app is terrible. Why does it keep disconnecting and how do I fix it?,True,A photo of tangled white earbuds and a mobile phone. Arrows point to areas on the phone screen.,"Image depicting photo of a tangled mess of earbuds next to the mobile device, with arrows indicating where the app interface often shows error messages.",False,,,T+I,False,,,HN
TECH_1138,tech_software,The portable speaker distorts at anything above half volume. So much for outdoor listening.,True,A smartwatch showing a disconnected icon on its face.,,False,,,T+I,False,,,HN
TECH_1139,tech_software,My tablet screen cracked after a minor drop. The glass quality is absolutely terrible for the price.,True,A router with multiple indicator lights showing red status.,,False,,,T+I,False,,,HN
TECH_1161,tech_software,My electric scooter app requires GPS tracking at all times. Privacy invasion just to ride my own scooter.,True,A screenshot of a login screen showing account locked message.,,False,,,T+I,False,,,HN
TECH_0457,tech_software,The build quality of this smartphone is just not up to par. The casing feels flimsy and the screen edges are cheap.,True,"The image shows two smartphones side-by-side, comparing their screen edges and overall build. One phone has a thinner bezel, while the other appears more rugged.",A photo showing a close-up view of the smartphone's screen edge and a comparison with another smartphone’s more robust design.,False,,,T+I,False,,,HN
TECH_0484,tech_software,The loading speed of this streaming device is just too slow. It takes forever to get ready for a video call.,True,A photo showing a product setup screen with an error message and a progress bar.,Snapshot of photo of the product setup with an error message on-screen and arrows indicating the long duration bar still ticking while waiting.,False,,,T+I,False,,,HN
TECH_1143,tech_software,The screen recorder produces choppy video even on my high-end machine. Frame drops everywhere.,True,A monitor displaying color banding and visible artifacts.,,False,,,T+I,False,,,HN
TECH_0419,tech_software,What happened to the compatibility of this streaming device with my TV? It used to work fine but now it just displays a black screen. Is there any fix for this?,True,"A screenshot comparing two versions of a software interface, one functional and one displaying an error message.","A screenshot from two different model years, showing an older version that operates correctly compared to a newer one failing.",False,,,T+I,False,,,HN
TECH_0436,tech_software,How can I possibly work remotely with this slow and unreliable VPN service? Every day is a struggle to stay connected.,True,Screenshot showing network connection status with several red disconnection icons.,A screenshot of the network connection status showing multiple disconnections.,False,,,T+I,False,,,HN
TECH_0485,tech_software,The smartwatch looks good but the battery life is a disaster. It drains in less than a day.,True,A smartwatch face displaying a low battery indicator with an arrow pointing to it.,"View of close-up photo of the product defect, showing a visibly low battery symbol on the smartwatch face with an arrow pointing to it and underlining the problem area.",False,,,T+I,False,,,HN
TECH_1160,tech_software,The tablet stylus has terrible palm rejection. Every stroke creates unwanted marks all over the canvas.,True,A device showing a storage full warning preventing new saves.,,False,,,T+I,False,,,HN
TECH_0459,tech_software,Why would a game developer choose such a clunky design tool? The lack of fluidity in animations really takes away from the overall user experience.,True,A design tool interface with various panels and animated graphics.,"Capture of image of the design tool interface, with choppy and awkward-looking animated elements.",False,,,T+I,False,,,HN
TECH_0462,tech_software,"The build quality on this photo editor app is not up to par. The user interface constantly freezes, especially when handling larger image files.",True,Screenshot showing a frozen application interface with several buttons and text fields.,Visual of screenshot of the application's user interface with a freeze and unresponsive elements visible.,False,,,T+I,False,,,HN
TECH_0428,tech_software,This laptop is incredibly slow when running resource-heavy software. It's a real headache for my daily tasks as an IT professional.,True,A laptop screen displays several open application windows.,"Snapshot of photo of the laptop with multiple windows open, indicating it's struggling to handle the load.",False,,,T+I,False,,,HN
TECH_0420,tech_software,The build quality of this fitness tracker is subpar. It seems flimsy and the plastic casing looks cheap. I’m not sure how long it will last.,True,A phone with a cracked screen and damaged plastic casing.,"A photo showing a cracked screen and peeling plastic, indicating poor durability and construction.",False,,,T+I,False,,,HN
TECH_0491,tech_software,The loading speed for this email client is just too slow. It takes ages to load up my emails and it's really frustrating during busy work hours.,True,Screenshot showing an email interface with a loading animation.,Annotated screenshot of the email interface showing a spinning wheel indicating long loading times.,False,,,T+I,False,,,HN
TECH_0434,tech_software,Our CRM software is overly complicated and not user-friendly at all. It’s making our customer management a nightmare instead of simplifying it.,True,Screenshot showing a CRM interface with several dropdown menus and various settings options.,"The image reveals screenshot of the CRM interface, showing multiple dropdown menus and confusing options.",False,,,T+I,False,,,HN
TECH_0435,tech_software,"The performance of this laptop is terrible, especially when running games. The fan noise is too loud and it overheats quickly.",True,"A person is using a laptop while playing a game, with visible steam rising from the sides.","Visual of photo of the gamer with the laptop while playing a game, showing steam rising from the sides.",False,,,T+I,False,,,HN
TECH_0450,tech_software,"This design tool has a terrible user interface. Every time I try to use the brush tool, it lags and becomes unresponsive.",True,A screenshot of a design software interface with a selected brush tool and a partially drawn line.,"A screenshot of the design software with the brush tool highlighted, showing laggy performance during a drawing action.",False,,,T+I,False,,,HN
TECH_1149,tech_software,This smart TV takes forever to boot up. By the time it loads I have lost interest in watching anything.,True,A device displaying overheating warning with temperature icon.,,False,,,T+I,False,,,HN
TECH_0443,tech_software,"As a designer, I find the exporting options for this software severely lacking. It's annoying that I can't export in my preferred format.",True,Screenshot showing an exporting interface with options for file types and quality settings.,A screenshot of an exporting interface with limited file type selections,False,,,T+I,False,,,HN
TECH_0495,tech_software,The laptop's software updates are so frequent and large that they're eating up my precious storage space.,True,Screenshot showing disk usage details with a large portion allocated to update files.,Photograph showing screenshot of the disk usage detail showing a significant amount of storage used by recent update files.,False,,,T+I,False,,,HN
TECH_0429,tech_software,Why does my robot vacuum keep getting stuck on this one spot? It’s frustrating not being able to rely on it for a thorough clean.,True,Screenshot showing a robot vacuum app interface with a red error notification.,A screenshot of the robot vacuum app showing an error message.,False,,,T+I,False,,,HN
TECH_0474,tech_software,The battery life on my new laptop is terrible. I just can't understand why a device marketed as high-performance can barely last an hour between charges.,True,A laptop screen displaying the battery settings with a low battery percentage indicator.,Photo of the laptop's battery setting showing low percentage,False,,,T+I,False,,,HN
TECH_0472,tech_software,"This portable charger is a joke. It barely holds any charge, and when I tried to use it for my laptop, it shut down instantly because of an overload warning.",True,A portable charger with dark marks on its surface.,Photo of the portable charger with visible burn marks,False,,,T+I,False,,,HN
TECH_0451,tech_software,Can this AI writing assistant learn to understand basic grammar? I've had enough of its errors marring my documents.,True,Screenshot showing text with highlighted corrections and a text input box.,Visual of screenshot showing erroneous text corrections made by the software.,False,,,T+I,False,,,HN
TECH_0454,tech_software,The graphics card doesn't support the resolution I need for my content. It's a deal-breaker.,True,The image shows a graphics card infographic with listed resolutions and specifications.,"Image depicting infographic showing technical specifications of the graphics card, including its maximum supported resolutions.",False,,,T+I,False,,,HN
TECH_1136,tech_software,My smart home hub disconnects devices randomly. The living room lights turn off during dinner.,True,A smartphone displaying a loading spinner that appears frozen.,,False,,,T+I,False,,,HN
TECH_0425,tech_software,Why does the export feature of this software limit to only one format? It's inconvenient when I need different formats for various projects.,True,A dropdown menu displays a limited selection of file formats.,"Photo of image showing a dropdown menu with limited file format options available, emphasizing the lack of variety.",False,,,T+I,False,,,HN
TECH_0464,tech_software,"You'd think that as a gamer, I would appreciate the gaming features in this cloud storage service. Instead, it's just lagging and unreliable.",True,Screenshot showing a game loading screen with a cloud storage service icon.,"A screenshot of a laggy game loading screen with the cloud storage service icon highlighted, indicating where the issue is occurring.",False,,,T+I,False,,,HN
TECH_1172,tech_software,The antivirus real-time scanner blocks my development tools. I cannot compile code without disabling it.,True,A screenshot of a software crash report dialog box.,,False,,,T+I,False,,,HN
TECH_0496,tech_software,Why can't the smartwatch connect to my smartphone without frequent disconnections and require re-pairing?,True,The image shows a phone screen with several overlapping red notification pop-ups.,Image depicting photo of the interface showing multiple pop-up notifications about connection losses between devices.,False,,,T+I,False,,,HN
TECH_0466,tech_software,"The loading speed of this accounting software is terribly slow. What's worse, it doesn't improve even after upgrades.",True,A computer screen displays a loading animation that appears to be stuck.,A photo showing a computer screen with the spinning loading icon that hasn’t moved for several minutes.,False,,,T+I,False,,,HN
TECH_0494,tech_software,"As an IT professional, I expect robust data privacy measures from this software. Unfortunately, it doesn't meet the standards we need.",True,Screenshot showing an error message with red text and a button labeled 'Retry'.,Visual of screenshot of an error message regarding a failed security update or feature that should have been there.,False,,,T+I,False,,,HN
TECH_0456,tech_software,"This app's collaboration features are a mess. My team spent an hour trying to figure out how to share files, and we failed.",True,Screenshot showing a chat interface with several red error messages about file sharing.,"A screenshot of the note-taking application’s chat interface, showing multiple failed attempts at file sharing notifications.",False,,,T+I,False,,,HN
TECH_0430,tech_software,"This CI/CD platform is cumbersome and slow. As a small business owner, I expected something easier to set up.",True,The image shows a CI/CD pipeline dashboard with various stages and logs. It includes charts and a complex layout of build and deployment information.,Display showing photo of a CI/CD pipeline dashboard that looks cluttered and complex.,False,,,T+I,False,,,HN
TECH_0493,tech_software,Why bother with this dash cam that records every day and then inexplicably deletes the footage? It's a huge security risk.,True,A screenshot of a dashboard camera interface with an empty video list.,"A screenshot showing an empty video clip list on the dashboard camera interface, indicating recent data loss.",False,,,T+I,False,,,HN
TECH_0468,tech_software,Why does my CRM software freeze every time I try to add a new contact? It's like it can't handle anything more than basic data entry without crashing. I've tried restarting multiple times but nothing changes.,True,Screenshot showing a CRM interface with a loading indicator and several grayed-out buttons.,Screenshot of the frozen CRM interface showing a loading spinner and unresponsive buttons,False,,,T+I,False,,,HN
TECH_0431,tech_software,"When collaborating on projects with this cloud storage service, the files take forever to upload and sync. It’s unacceptable for remote workers like me.",True,Screenshot showing a cloud storage interface with a loading animation in progress.,Photograph showing screenshot of a cloud storage interface with the loading spinner active for an extended time.,False,,,T+I,False,,,HN
TECH_1152,tech_software,My smart doorbell video has a two-second delay making real-time communication awkward and frustrating.,True,A tablet screen showing a cracked display with touch input errors.,,False,,,T+I,False,,,HN
TECH_1151,tech_software,My wireless keyboard types duplicate characters randomly. Every email has unexpected repeats.,True,A smartphone displaying a loading spinner that appears frozen.,,False,,,T+I,False,,,HN
TECH_0437,tech_software,The export options in this CRM are severely limited and do not meet our enterprise needs. It's such a letdown after the initial promises.,True,"A person is using a computer, and the screen displays an error message.","A photo of an admin trying to use export features, with error messages on the screen.",False,,,T+I,False,,,HN
TECH_0499,tech_software,"As a student, I was looking forward to using this music streaming app for my studying sessions. But the lack of accessibility features like text-to-speech or screen reader support makes it next to impossible to navigate without sight.",True,"A screenshot of a music app interface with a prominent, unreadable button.",A screenshot of the music streaming app interface with a large button highlighted that is not readable by screen readers.,False,,,T+I,False,,,HN
TECH_0487,tech_software,"This IDE plugin has a great concept, but I keep getting errors when trying to customize settings. It’s not user-friendly at all.",True,"A hand points to error messages on a computer screen during a software setup. The software appears to be newly opened, with a light blue background.",A photo of the unboxing process with a hand pointing out error messages that appear immediately after opening the software for the first time.,False,,,T+I,False,,,HN
TECH_0489,tech_software,Why do I have to pay for a music streaming app that only plays half the songs in its catalog correctly?,True,A screenshot of a music app showing a list of tracks with pause icons.,Annotated screenshot showing a list of paused or unplayable tracks on the app.,False,,,T+I,False,,,HN
TECH_0446,tech_software,This password manager was flawless on my desktop but keeps crashing on my phone. I can't even log in without it freezing up.,True,A mobile device screen displays an app crash message. The user's face appears upset in the photo on the screen.,"Display showing photo of a user frustrated with their mobile device, showing the app crash screen",False,,,T+I,False,,,HN
TECH_0476,tech_software,"This new VPN service is just not working for me. It keeps disconnecting and I end up with a slow connection, defeating the purpose of using a VPN at all.",True,"The image shows a line graph with a fluctuating signal, labeled 'VPN Connection Status'. A vertical axis is marked with numbers and a horizontal axis represents time.",Simplified diagram showing the fluctuating connection status of the VPN,False,,,T+I,False,,,HN
TECH_1147,tech_software,This document scanner produces crooked images no matter how straight I place the paper.,True,A screen showing slow loading progress bar stuck at 12 percent.,,False,,,T+I,False,,,HN
TECH_1145,tech_software,My PDF reader crashes on any document over fifty pages. Academic papers are impossible to read.,True,A device showing a storage full warning preventing new saves.,,False,,,T+I,False,,,HN
TECH_0439,tech_software,This password manager is a nightmare. I can barely even log into my account without the battery dying on my e-reader in the middle of an important session.,True,An e-reader with a flashing low battery icon on the screen.,A photo showing an e-reader with low battery indicator flashing,False,,,T+I,False,,,HN
TECH_0486,tech_software,Why can't I export my designs in multiple formats from this photo editor? The lack of flexibility is frustrating.,True,Screenshot showing an export options screen with an error message and a highlighted empty area.,"The image reveals screenshot highlighting the options screen for exporting files, with an error message and a box around where more format options should be located but are missing.",False,,,T+I,False,,,HN
TECH_0426,tech_software,"The display quality on this webcam is so poor. It’s blurry and colors are off, making it hard to use for video calls.",True,The image shows a grainy webcam view with distorted colors.,Image depicting photo showing a low-quality screen output of the webcam with noticeable pixelation and color distortion.,False,,,T+I,False,,,HN
TECH_0482,tech_software,How can I switch between different customer views on this CRM software? The customization options are so limited and not well explained.,True,Screenshot showing several dropdown menus and a white background.,"A screenshot with a complex set of dropdown menus that do little to aid in switching the view, with annotations suggesting areas for improvement.",False,,,T+I,False,,,HN
TECH_0440,tech_software,"I can't believe this video conferencing tool doesn't take data privacy seriously. They're not even bothering to encrypt my personal calls, which is really disappointing.",True,Screenshot showing settings with an encryption option that is disabled.,Screenshot showing screenshot of the settings page with a clearly visible option for encryption turned off,False,,,T+I,False,,,HN
TECH_1165,tech_software,My smart thermostat set the house to freezing while I was sleeping. I woke up shivering at three AM.,True,A laptop screen showing an error message with a red warning icon.,,False,,,T+I,False,,,HN
TECH_0441,tech_software,The accessibility features for this streaming device are absolutely abysmal. I can't even use the device as a power user without having to struggle with the UI.,True,The image shows two side-by-side screenshots of accessibility settings on a streaming device. The left screen appears older with fewer options than the right screen.,Snapshot of comparison image showing outdated vs current accessibility settings on a streaming device,False,,,T+I,False,,,HN
TECH_1164,tech_software,My security camera footage is always blurry at night. I paid premium price for useless night vision.,True,A device displaying overheating warning with temperature icon.,,False,,,T+I,False,,,HN
TECH_1146,tech_software,The code editor crashes whenever I open more than three files. Completely unusable for real projects.,True,A screenshot of a login screen showing account locked message.,,False,,,T+I,False,,,HN
TECH_1168,tech_software,The fitness band strap clasp opens randomly during workouts. I have almost lost it on runs twice.,True,A smartwatch showing a disconnected icon on its face.,,False,,,T+I,False,,,HN
TECH_1137,tech_software,The car bluetooth connects and disconnects repeatedly during drives. Music stutters the entire commute.,True,A tablet screen showing a cracked display with touch input errors.,,False,,,T+I,False,,,HN
TECH_0447,tech_software,"Why does this VPN service keep logging me out? I need it to stay connected 24/7 for security reasons, but now my connection is always dropping.",True,Screenshot showing a disconnect notification on a dark-colored home screen with several app icons.,Image depicting screenshot of a disconnect notification on the home screen of a device,False,,,T+I,False,,,HN
TECH_0467,tech_software,"I'm disappointed to find that the customer support for this design tool is so unresponsive, especially when I need quick assistance on a project.",True,The image shows a help desk interface with a message indicating long wait times. There are no agents currently available.,A photo of the help desk interface showing long waiting times and no active agents available.,False,,,T+I,False,,,HN
TECH_1166,tech_software,This robot vacuum leaves streaks of dirt in straight lines. It pushes debris instead of sucking it up.,True,A smartphone displaying a loading spinner that appears frozen.,,False,,,T+I,False,,,HN
TECH_0418,tech_software,I'm disappointed with this CRM software. The learning curve is too steep and the onboarding process was confusing. I had to spend hours figuring out basic functionalities.,True,A screenshot of a settings menu with numerous options and a dark background.,"An image showing a user struggling with a complex interface, highlighting multiple options and menus that are overwhelming.",False,,,T+I,False,,,HN
TECH_0497,tech_software,The lack of compatibility with various operating systems is a major setback for developers needing to run this software.,True,Screenshot showing two versions of a software interface with differing options and layouts.,Picture showing comparison screenshot between an older version and the current incompatible interface showing different features or settings that can't be accessed on newer OSs.,False,,,T+I,False,,,HN
TECH_0424,tech_software,"Is it just me, or does this robot vacuum have terrible battery life? I barely get an hour before the charge runs out.",True,"A person is setting up a robot vacuum, and the battery indicator is decreasing quickly on the screen.","Visual of photo of a user setting up and starting the robot vacuum, only to show the battery icon drop rapidly within minutes.",False,,,T+I,False,,,HN
TECH_0452,tech_software,The IDE plugin constantly crashes my entire development environment when I install it. It's not worth the trouble.,True,Screenshot showing an error message dialog with a red error icon and a button labeled 'OK'.,Snapshot of screenshot of an error dialog that appears after attempting to start a project with the plugin installed.,False,,,T+I,False,,,HN
TECH_0575,tech_software,"The webcam has great resolution, but the customer support needs some work. I had an issue with my order and the response time was too long. They should consider improving their help desk for quicker resolutions.",False,,,True,tone: disappointed | pace: normal | energy: low | pitch: flat | notable: trailing_off,"The speaker has a measured tone, indicating concern rather than anger about customer support issues, with an emphasis on the word 'long' to convey disappointment in response times.",T+A,True,explicit,improve their help desk for quicker resolutions,P1
TECH_0547,tech_software,"The browser extension saves me hours of manual work. However, I suggest adding features for auto-detection and removal of intrusive ads without compromising browsing speed.",False,,,True,tone: enthusiastic | pace: fast | energy: high | pitch: varied | notable: none,"An enthusiastic tone that shifts to a more formal tone when making the suggestion, emphasizing 'auto-detection' as the key feature for improvement.",T+A,True,explicit,add auto-detection and removal features,P1
TECH_0511,tech_software,"I really like the note-taking app, but it would be better if they could add more export options for sharing notes with team members.",False,,,True,tone: neutral | pace: normal | energy: medium | pitch: flat | notable: none,Speaking with a thoughtful tone and emphasis on 'export options',T+A,True,explicit,add more export options for sharing notes with team members,P1
TECH_0503,tech_software,"The cloud storage service is fantastic. However, it would be great if they could offer a tutorial for first-time users.",False,,,True,tone: calm | pace: normal | energy: medium | pitch: varied | notable: none,Calm and friendly tone with clear suggestion,T+A,True,explicit,offer a tutorial for first-time users,P1
TECH_0517,tech_software,"The AI writing assistant is incredible, but it would be great if they could offer a version with enhanced accessibility features for users who require keyboard navigation.",False,,,True,tone: enthusiastic | pace: fast | energy: high | pitch: varied | notable: none,Enthusiastic tone with emphasis on 'accessibility features',T+A,True,explicit,offer a version with enhanced accessibility features for users who require keyboard navigation,P1
TECH_0541,tech_software,"The new project management app is a game changer with its seamless integration features, but I wish there were more customization options for task notifications. It would be better if they allowed users to tailor alerts to their specific needs.",False,,,True,tone: enthusiastic | pace: fast | energy: high | pitch: varied | notable: none,"The speaker's tone is enthusiastic and fast-paced, with a clear emphasis on the word 'game changer' as they highlight the app's benefits before transitioning to a more thoughtful consideration of customization needs.",T+A,True,explicit,allow users to tailor alerts to their specific needs,P1
TECH_0589,tech_software,"The display quality of this device is outstanding, but the frequent software updates are getting annoying. Can they please reduce update frequency or give users an option to delay them?",False,,,True,tone: frustrated | pace: normal | energy: medium | pitch: flat | notable: controlled_delivery,Speaker speaks with a slightly irritated tone and emphasizes 'frequent software updates' and the suggestion for reducing their frequency.,T+A,True,explicit,reduce update frequency or make updates seamless,P1
TECH_0577,tech_software,"As a student, this browser extension is my go-to tool for organizing notes. It's just missing some accessibility features that would really help. They should consider adding voice command support and larger text options for those with visual impairments.",False,,,True,tone: neutral | pace: normal | energy: medium | pitch: varied | notable: none,"The speaker speaks in a thoughtful, empathetic tone when discussing accessibility features, emphasizing the need for 'larger text options'.",T+A,True,explicit,add voice command support and larger text options for those with visual impairments,P1
TECH_0557,tech_software,"The laptop is portable, but the battery life needs improvement. Adding a larger capacity would make it a perfect fit for all-day use on road trips.",False,,,True,tone: disappointed | pace: normal | energy: medium | pitch: falling | notable: trailing_off,"A casual, slightly disappointed tone with a moderate pace as the speaker mentions the need to improve battery life, emphasizing how it affects their mobile working conditions.",T+A,True,explicit,increase battery capacity,P1
TECH_0591,tech_software,"I really like the UI on this note-taking app, but it would be great if they added more customization options for different users. It needs to cater better to my specific needs as a student.",False,,,True,tone: neutral | pace: normal | energy: medium | pitch: varied | notable: none,"casual conversational complaint with a friendly tone, emphasizing the word 'needs'",T+A,True,explicit,add more customization options for different users,P1
TECH_0587,tech_software,"The build quality of this laptop is impressive, but I think the battery life needs improvement. It would be better if it could last a full workday without needing to charge.",False,,,True,tone: disappointed | pace: normal | energy: low | pitch: falling | notable: trailing_off,"Speaker has a casual tone and emphasizes 'needs improvement' and the idea of lasting a full day, indicating dissatisfaction with current battery performance.",T+A,True,explicit,improve battery life,P1
TECH_0565,tech_software,"The AI writing assistant is amazing, but it would be better if they improved the integration with word processors. Currently, it’s a bit clunky.",False,,,True,tone: neutral | pace: normal | energy: medium | pitch: flat | notable: none,casual tone; emphasis on 'a bit clunky',T+A,True,explicit,improve integration with word processors,P1
TECH_0567,tech_software,"The smartwatch is a real performer, but it would be fantastic if they could include more third-party app compatibility. There are some really cool apps out there that I’d love to use.",False,,,True,tone: enthusiastic | pace: fast | energy: high | pitch: varied | notable: none,excitement in voice; emphasis on 'third-party app compatibility',T+A,True,explicit,include more third-party app compatibility,P1
TECH_0505,tech_software,"The email client is user-friendly, but they should include a section in the FAQs about advanced filtering options.",False,,,True,tone: neutral | pace: normal | energy: low | pitch: flat | notable: monotone,Monotone and matter-of-fact tone with clear suggestion for support information,T+A,True,explicit,include a section in the FAQs about advanced filtering options,P1
TECH_0736,tech_software,"As a designer, I need my laptop to support all the apps I use. This model is lacking in API quality and it's really inconvenient.",False,,,True,tone: frustrated | pace: normal | energy: medium | pitch: flat | notable: controlled_delivery,"A slightly frustrated tone, with a slight emphasis on 'really inconvenient'. The speaker sounds professional but annoyed.",T+A,True,implicit,improve API quality and app compatibility,P1
TECH_0537,tech_software,"The UI/UX of this mesh router is fantastic, but I would love to see more customization options for the dashboard. It could be even better if it allowed users to tailor the interface according to their specific needs.",False,,,True,tone: neutral | pace: normal | energy: medium | pitch: varied | notable: none,Casual tone with emphasis on 'fantastic' and 'customization'.,T+A,True,explicit,allow users to tailor dashboard settings to preferences,P1
TECH_0527,tech_software,"The smart speaker is a joy to use at home, but it struggles with compatibility across different devices. It would be better if they addressed these cross-device issues in their next update.",False,,,True,tone: neutral | pace: slow | energy: low | pitch: flat | notable: clear_enunciation,"Formal tone with emphasis on 'addressed', slightly slower pace for clarity.",T+A,True,explicit,fix cross-device compatibility issues,P1
TECH_0545,tech_software,"The CRM software is a great fit for our small business, but we face issues with the mobile app stability. They could improve this by focusing on bug fixes and system optimization.",False,,,True,tone: neutral | pace: normal | energy: low | pitch: flat | notable: professional,"The speaker's tone is measured and professional as they discuss the CRM's fit for their needs, with a slight concern evident when speaking about the mobile app stability.",T+A,True,explicit,focus on bug fixes and system optimization for mobile app,P1
TECH_0585,tech_software,"This robot vacuum works great in our home, but I think the app could use a revamp; it's currently lacking intuitive controls and comprehensive cleaning stats.",False,,,True,tone: enthusiastic | pace: fast | energy: medium | pitch: varied | notable: none,"Speaker has a casual tone with enthusiasm when talking about the robot vacuum, but becomes more critical towards the end when mentioning improvements needed in the app.",T+A,True,explicit,revamp the app interface for better usability,P1
TECH_0521,tech_software,"This music streaming app is fantastic for customizing my playlists, but I wish there were better options for integrating podcasts and audiobooks. They should definitely consider adding more personalized recommendations.",False,,,True,tone: neutral | pace: slow | energy: low | pitch: flat | notable: trailing_off,"Casual conversational tone, slightly slower pace with emphasis on 'consider adding'.",T+A,True,explicit,add more personalized playlist recommendations,P1
TECH_0539,tech_software,"This backup solution's reliability is fantastic, but I wish it offered more user-friendly export options. It would be great if they provided easy-to-use tools for exporting backups to cloud services directly from the app interface.",False,,,True,tone: frustrated | pace: normal | energy: medium | pitch: flat | notable: none,Casual and slightly frustrated tone with emphasis on 'user-friendly' and 'cloud'.,T+A,True,explicit,provide easy-to-use tools for exporting backups,P1
TECH_0747,tech_software,The fitness tracker is so bulky and unportable that I can't even wear it during workouts. It's almost like they forgot how important comfort would be.,False,,,True,tone: neutral | pace: normal | energy: medium | pitch: varied | notable: none,"Speaking with a touch of sarcasm and emphasis on 'forgot', conveying disbelief.",T+A,True,implicit,reduce size and weight of fitness tracker,P1
TECH_0533,tech_software,"Love the portability of this fitness tracker, but I need to see more color options in future designs. It would really help with personalizing my look!",False,,,True,tone: enthusiastic | pace: fast | energy: high | pitch: varied | notable: none,Casual and excited tone with emphasis on 'color options' and 'future'.,T+A,True,explicit,offer more color options in future designs,P1
TECH_0543,tech_software,"Using this note-taking app is like having a second brain, but I feel the search function could use some love. It would be much more helpful if it had better recognition for handwritten notes.",False,,,True,tone: disappointed | pace: normal | energy: medium | pitch: falling | notable: trailing_off,"The speaker starts with a casual, almost excited tone, and then shifts to a slightly confused or disappointed note as they suggest an improvement for the search function.",T+A,True,explicit,provide better recognition for handwritten notes,P1
TECH_0593,tech_software,"The build quality of this monitor is excellent, but they should consider adding a feature for adjusting the screen angle.",False,,,True,tone: neutral | pace: normal | energy: medium | pitch: flat | notable: controlled_delivery,calm measured critique with emphasis on 'should',T+A,True,explicit,add a feature for adjusting the screen angle,P1
TECH_0597,tech_software,"As a content creator, I find this backup solution to be highly reliable but the pricing could be made more competitive to attract freelance users.",False,,,True,tone: frustrated | pace: normal | energy: medium | pitch: flat | notable: none,frustrated tone with emphasis on 'could',T+A,True,explicit,make pricing more competitive,P1
TECH_0569,tech_software,"This gaming console is a beast when it comes to performance, but I wish the API quality was better for developers. It would make modding and customization much easier.",False,,,True,tone: frustrated | pace: fast | energy: medium | pitch: varied | notable: none,enthusiastic tone; frustration with 'API quality',T+A,True,explicit,improve API quality for developers,P1
TECH_0583,tech_software,"The video quality on my streaming device is fantastic, but it would be great if they could streamline the UI to avoid unnecessary steps and improve user experience for new users.",False,,,True,tone: enthusiastic | pace: fast | energy: high | pitch: varied | notable: none,"Speaker uses an enthusiastic tone, especially when praising video quality. Emphasizes 'streamline' with a slightly hopeful pitch towards the end of the sentence.",T+A,True,explicit,streamline the UI to avoid unnecessary steps and improve user experience for new users,P1
TECH_0571,tech_software,"The project management app is fantastic for tracking tasks, but it really needs to improve its integration with other tools like Trello and Asana. It would be better if they had seamless compatibility so I can manage all my projects in one place.",False,,,True,tone: calm | pace: normal | energy: medium | pitch: varied | notable: trailing_off,"The speaker has a calm, thoughtful tone with slightly raised pitch when mentioning the need for better integration, conveying mild disappointment but also enthusiasm about potential improvements.",T+A,True,explicit,improve its integration with other tools like Trello and Asana,P1
TECH_0515,tech_software,"This laptop is a game changer for my business, but the battery life needs a serious upgrade. Please add options for faster charging technology!",False,,,True,tone: enthusiastic | pace: fast | energy: high | pitch: varied | notable: none,Enthusiastic tone with emphasis on 'battery life' and 'faster charging',T+A,True,explicit,provide a serious upgrade,P1
TECH_0535,tech_software,I’m an IT professional and find the documentation for this database tool somewhat lacking. It would be better if they included practical examples and more detailed explanations of the complex features.,False,,,True,tone: neutral | pace: normal | energy: medium | pitch: flat | notable: none,Formal tone with emphasis on 'lacking' and 'practical'.,T+A,True,explicit,include practical examples and more detailed explanations,P1
TECH_0596,tech_software,"I love the project management app, but it would be beneficial if they provided more detailed user support documents.",False,,,True,tone: neutral | pace: normal | energy: medium | pitch: varied | notable: none,casual conversational complaint with a friendly tone,T+A,True,explicit,provide more detailed user support documentation,P6
TECH_0538,tech_software,"I'm reviewing this smart speaker for its reliability. The sound quality is great, but the speaker should have a feature that automatically adjusts volume based on ambient noise levels. It would be very handy!",False,,,True,tone: neutral | pace: normal | energy: medium | pitch: flat | notable: controlled_delivery,Professional and measured tone with emphasis on 'should' and 'ambient'.,T+A,True,explicit,include a feature that automatically adjusts volume,P6
TECH_0636,tech_software,"I love how my monitor lets me use it as a second screen, but the lack of support for high refresh rates is disappointing. I hope they add that in future models.",False,,,True,tone: disappointed | pace: slow | energy: low | pitch: rising | notable: trailing_off,Disappointed yet hopeful tone,T+A,True,explicit,add support for high refresh rates in future models,P6
TECH_0666,tech_software,"As a small business owner, I've found the email client incredibly reliable. But during peak sales times, I often find myself needing to clear out my inbox manually too often. Is there room for automation here?",False,,,True,tone: neutral | pace: normal | energy: medium | pitch: flat | notable: controlled_delivery,Measured tone with emphasis on 'clear out my inbox manually'.,T+A,True,implicit,integrate email automation features to reduce manual clearing of the inbox,P6
TECH_0524,tech_software,This antivirus software is excellent at detecting threats but has a steep learning curve for beginners. It should offer better tutorials and user guides to help users get started.,False,,,True,tone: neutral | pace: normal | energy: medium | pitch: flat | notable: none,"Casual tone with emphasis on 'should offer', slightly slower pace for clarity.",T+A,True,explicit,offer better tutorials and user guides to help users get started,P6
TECH_0620,tech_software,"The customer support for this CRM software is responsive, but I always have to provide the same information multiple times. It would be much better if they could remember my past issues without me repeating myself every time.",False,,,True,tone: frustrated | pace: normal | energy: medium | pitch: flat | notable: repetition,"Slightly irritated tone with emphasis on 'same information' and 'multiple times', indicating some frustration but generally positive about customer support. The pace is moderate, pitch normal.",T+A,True,explicit,improve information retention for better service,P6
TECH_0566,tech_software,"This e-reader has an excellent screen and long battery life, but I suggest adding more customization options for text size and font.",False,,,True,tone: neutral | pace: normal | energy: medium | pitch: flat | notable: controlled_delivery,measured tone; emphasis on 'more customization',T+A,True,explicit,add more customization options for text size and font,P6
TECH_0568,tech_software,"I’ve used this tablet for a few months now, and it’s great for its size and power efficiency. However, the customer support needs major improvement; they should be more responsive.",False,,,True,tone: frustrated | pace: normal | energy: medium | pitch: varied | notable: none,frustration in tone; emphasis on 'needs major improvement',T+A,True,explicit,make touchscreen more responsive,P6
TECH_0514,tech_software,"The CI/CD platform is great, yet it would be helpful to see better collaboration features among teams working remotely.",False,,,True,tone: neutral | pace: normal | energy: medium | pitch: flat | notable: none,Formal tone with emphasis on 'collaboration features',T+A,True,explicit,add better collaboration features among team members,P6
TECH_0592,tech_software,"This gaming console is amazing, but I wish it had more built-in accessibility features like text-to-speech and larger control buttons.",False,,,True,tone: frustrated | pace: fast | energy: medium | pitch: varied | notable: rapid_speech,"excited rapid speech about performance gains with a hint of frustration, speaking with frustrated inflection.",T+A,True,explicit,add more built-in accessibility features like text-to-speech and larger control buttons,P6
TECH_0542,tech_software,"The battery life of the robot vacuum is incredible, lasting through full house cycles. However, I'd like to see an option for quieter cleaning modes during nighttime hours without sacrificing performance.",False,,,True,tone: neutral | pace: normal | energy: medium | pitch: falling | notable: trailing_off,The speaker begins in a measured tone highlighting the battery life before slowing down and lowering their pitch when discussing the suggestion for quieter cleaning modes.,T+A,True,explicit,add an option for quieter cleaning modes during nighttime hours without sacrificing performance,P6
TECH_0654,tech_software,"The e-reader is super convenient, but the touch screen sometimes lags. It's a bit disappointing when you're really into a book.",False,,,True,tone: disappointed | pace: normal | energy: low | pitch: falling | notable: trailing_off,"Speaker sounds disappointed and slightly annoyed, with an emphasis on 'lag'.",T+A,True,implicit,improve touch screen responsiveness,P6
TECH_0516,tech_software,"I love how this cloud storage service works, but I wish there were more pricing tiers tailored to small business needs.",False,,,True,tone: neutral | pace: normal | energy: medium | pitch: flat | notable: none,Warm tone with emphasis on 'pricing tiers',T+A,True,explicit,add more pricing tiers tailored to small business needs,P6
TECH_0532,tech_software,"This e-reader has great battery life, but I wish it had a dedicated app for easier customization and settings tweaking. It would make managing my device so much more convenient!",False,,,True,tone: enthusiastic | pace: fast | energy: high | pitch: varied | notable: none,Enthusiastic with emphasis on 'dedicated' and 'convenient'.,T+A,True,explicit,add a dedicated app for easier customization and settings tweaking,P6
TECH_0534,tech_software,The pricing for this backup solution is a bit steep. They could consider offering a subscription model to make it more accessible to small businesses like mine.,False,,,True,tone: frustrated | pace: normal | energy: medium | pitch: flat | notable: controlled_delivery,Measured and critical tone with emphasis on 'steep' and 'subscription'.,T+A,True,explicit,offer a subscription model to make it more affordable,P6
TECH_0618,tech_software,"The accounting software is incredibly comprehensive, but I find myself manually reconciling data too often because of occasional syncing issues. It’s a bit time-consuming and could be smoother.",False,,,True,tone: frustrated | pace: normal | energy: medium | pitch: flat | notable: controlled_delivery,"Professional tone with emphasis on 'manually reconciling' and 'syncing issues', indicating some frustration but mainly professional criticism. The pitch is normal, the pace moderate.",T+A,True,explicit,improve syncing reliability and speed,P6
TECH_0506,tech_software,"The video conferencing tool is great, but I think they could improve customer support with faster response times during peak hours.",False,,,True,tone: neutral | pace: normal | energy: medium | pitch: flat | notable: none,Measured tone with clear suggestion for support enhancement,T+A,True,explicit,improve customer support with faster response times during peak hours,P6
TECH_0558,tech_software,"The browser extension is super useful, especially when I need to block ads or save data. It should have more customization options though; sometimes the default settings don't meet my needs.",False,,,True,tone: neutral | pace: slow | energy: medium | pitch: flat | notable: hesitation,"The speaker speaks with a steady, slightly sarcastic tone as they mention how the lack of customization can be frustrating for more specific user needs. The pace is moderate to slow.",T+A,True,explicit,include more customization options,P6
TECH_0630,tech_software,"The build quality of this code editor is solid, but I can't help noticing that my old model lasted longer. It would be great if they could improve durability in the next release.",False,,,True,tone: disappointed | pace: slow | energy: low | pitch: falling | notable: trailing_off,"Slightly disappointed tone with a hint of nostalgia, emphasizing 'old model'.",T+A,True,explicit,enhance the durability of future code editor models,P6
TECH_0594,tech_software,"This e-reader is fantastic, but it would be better if they included more options to customize the interface for elderly users like myself. It's too challenging sometimes.",False,,,True,tone: neutral | pace: normal | energy: medium | pitch: flat | notable: trailing_off,casual conversational complaint with a thoughtful tone,T+A,True,explicit,include more options to customize the interface for elderly users like myself,P6
TECH_0572,tech_software,"This AI writing assistant is a game-changer for content creators, but it should include more options for customizing the style and tone of the generated text. Being able to match the exact voice of my brand would be incredibly helpful.",False,,,True,tone: frustrated | pace: normal | energy: medium | pitch: varied | notable: trailing_off,"The speaker's tone is enthusiastic but with a hint of frustration when mentioning customization limitations, suggesting excitement coupled with an unfulfilled desire for more features.",T+A,True,explicit,include more options for customizing the style and tone of the generated text,P6
TECH_0632,tech_software,"I'm constantly amazed at how well this mesh router handles my home network, but sometimes it drops connection during heavy rain. Just a minor inconvenience really.",False,,,True,tone: disappointed | pace: normal | energy: low | pitch: flat | notable: trailing_off,"Calm and measured tone, slightly disappointed",T+A,True,implicit,enhance the router's performance during inclement weather,P6
TECH_0510,tech_software,"The CRM software's API is great, but it would be better if they could make the documentation clearer and less technical.",False,,,True,tone: neutral | pace: normal | energy: medium | pitch: flat | notable: none,Measured tone with clear suggestion for support clarity,T+A,True,explicit,make the documentation clearer and less technical,P6
TECH_0610,tech_software,"Sometimes I worry that my smartphone overheats when I’m using it for a long time, like during gaming sessions. It would be great if there was some feature to help manage the temperature more effectively.",False,,,True,tone: anxious | pace: normal | energy: medium | pitch: varied | notable: trailing_off,"Speaker speaks with a worried tone about overheating issues, hinting at need for better cooling features.",T+A,True,explicit,add more effective thermal management or cooling features to prevent overheating during prolonged use of the smartphone,P6
TECH_0512,tech_software,"This password manager is fantastic! I wish they had a free trial to onboard new users more effectively, though.",False,,,True,tone: enthusiastic | pace: fast | energy: high | pitch: varied | notable: none,Excited tone with emphasis on 'free trial',T+A,True,explicit,add a free trial to onboard new users more effectively,P6
TECH_0548,tech_software,"The durability of the design tool's tablet is impressive, but I wish they would offer a case or screen protector as part of the package deal to ensure it stays in top condition.",False,,,True,tone: neutral | pace: normal | energy: medium | pitch: flat | notable: none,"The speaker starts with a tone that conveys genuine satisfaction, shifting slightly to a more cautious or protective note when discussing the suggestion for a case or screen protector.",T+A,True,explicit,offer a case or screen protector as part of the package deal to ensure it stays in top condition,P6
TECH_0526,tech_software,"This IDE plugin is powerful, but it's too slow when loading large projects. They should improve the performance to reduce lag times.",False,,,True,tone: angry | pace: fast | energy: high | pitch: rising | notable: raised_volume,"Angry tone with emphasis on 'reduce lag times', faster pace for frustration.",T+A,True,explicit,improve performance to reduce lag times,P6
TECH_0552,tech_software,"I wish the cloud storage service had more customizable security settings. It's really user-friendly, but for businesses, we need more control over access rights.",False,,,True,tone: frustrated | pace: normal | energy: medium | pitch: flat | notable: controlled_delivery,"The tone is calm and measured with a slight frustration about the current lack of security settings. The pace is steady, emphasizing the desire for more customization options.",T+A,True,explicit,add more customizable security settings,P6
TECH_0626,tech_software,"The code editor's UI is slick and modern, but why does it freeze up when I open a large file? It really breaks my workflow!",False,,,True,tone: frustrated | pace: fast | energy: medium | pitch: rising | notable: none,"Casual tone with an irritated pitch, speaking fast.",T+A,True,implicit,improve performance of the code editor when handling large files to avoid freezing up,P6
TECH_0544,tech_software,"The design tool has a lot of potential, but the onboarding process is too complex. They should consider adding more video tutorials and step-by-step guides to make it easier for new users.",False,,,True,tone: neutral | pace: normal | energy: medium | pitch: flat | notable: none,"The speaker's voice is steady, but their emphasis on the word 'potential' indicates a desire for simplification in the user experience. The tone suggests they believe improvements are necessary.",T+A,True,explicit,add more video tutorials and step-by-step guides to make it easier for new users,P6
TECH_0650,tech_software,"I've been using this new VPN service, but every few days I experience interruptions in the connection. With all the privacy concerns today, you'd think this level of reliability would be a given.",False,,,True,tone: disappointed | pace: normal | energy: medium | pitch: falling | notable: trailing_off,An exasperated and somewhat disappointed tone with emphasis on 'interruptions in the connection'.,T+A,True,implicit,improve reliability and reduce interruptions,P6
TECH_0588,tech_software,"I love how the video conferencing tool handles large groups, but please add some visual indicators for active speakers. Currently, it's hard to follow who’s talking without constant attention to speaker boxes.",False,,,True,tone: frustrated | pace: normal | energy: medium | pitch: varied | notable: hesitation,"Speaker uses a hesitant tone when discussing the difficulty of tracking speakers and an enthusiastic pitch in asking for visual indicators, showing both frustration and hope for improvement.",T+A,True,explicit,add some visual indicators for active speakers,P6
TECH_0604,tech_software,"While the CI/CD platform is super powerful, sometimes I feel like it’s a bit heavy to carry around, especially during team meetings in different locations. A more streamlined package would be awesome!",False,,,True,tone: neutral | pace: normal | energy: medium | pitch: flat | notable: none,"Speaker speaks with casual tone, hinting at the need for a more portable or compact CI/CD solution.",T+A,True,explicit,make the CI/CD platform more portable and easier to manage in different locations or on-the-go use cases,P6
TECH_0616,tech_software,"The database tool is quite comprehensive, but I find myself wishing it had more robust export options for specific formats that my work requires. It's a minor gripe in an otherwise stellar product.",False,,,True,tone: disappointed | pace: normal | energy: low | pitch: falling | notable: trailing_off,"A hesitant tone with a slight pause before mentioning 'wish it had', suggesting uncertainty or disappointment. The pitch is low and the pace moderate, indicating thoughtful criticism.",T+A,True,implicit,enhance export options for specific formats,P6
TECH_0638,tech_software,"This antivirus catches everything, but it really slows down my computer. It’s a small price to pay for safety I guess.",False,,,True,tone: frustrated | pace: normal | energy: medium | pitch: flat | notable: trailing_off,Frustrated tone with resignation,T+A,True,implicit,optimize the antivirus to run more efficiently on systems,P6
TECH_0648,tech_software,"The reliability of this tablet is impressive, but after each update I need to reboot the system. It's a small inconvenience, but it does add up over time.",False,,,True,tone: frustrated | pace: normal | energy: medium | pitch: flat | notable: controlled_delivery,A slightly frustrated tone with emphasis on 'each update' and 'reboot'.,T+A,True,explicit,streamline the software update process to avoid requiring a reboot,P6
TECH_0580,tech_software,"This AI writing assistant is useful, but the collaboration features could use an upgrade. Imagine if multiple users could edit in real-time with comments and suggestions! That would really enhance the team's productivity.",False,,,True,tone: enthusiastic | pace: fast | energy: medium | pitch: varied | notable: none,"The speaker uses a slightly excited tone, showing enthusiasm for potential upgrades to collaboration features, emphasizing 'real-time with comments and suggestions'.",T+A,True,explicit,add real-time multi-user collaboration editing,P6
TECH_0564,tech_software,"I love the performance of this gaming console, but updates are too infrequent. They need to increase the frequency so that it stays competitive with other devices.",False,,,True,tone: sarcastic | pace: normal | energy: medium | pitch: rising | notable: none,sarcastic tone about update frequency; emphasis on 'increase the frequency',T+A,True,explicit,increase the frequency so that it stays competitive with other devices,P6
TECH_0530,tech_software,"The power in this smart speaker is awesome for my home theater setup, but the customization of sound settings could be better. It would be great if they had more fine-tuning options to balance audio quality.",False,,,True,tone: enthusiastic | pace: fast | energy: high | pitch: varied | notable: none,"Enthusiastic pitch, excited rapid speech with emphasis on 'fine-tuning'.",T+A,True,explicit,add more fine-tuning options to balance audio quality,P6
TECH_0578,tech_software,"The backup solution is top-notch, but I wish it could automatically back up files to multiple locations rather than just one. It would make me feel more secure knowing that my data has redundancy.",False,,,True,tone: neutral | pace: normal | energy: medium | pitch: flat | notable: hesitation,"The speaker's tone is somewhat hesitant, expressing a desire for added features with emphasis on 'multiple locations' and 'redudancy'.",T+A,True,explicit,add automatic backup to multiple locations,P6
TECH_0584,tech_software,"I appreciate how customizable this browser extension is, but I wish there were more options to tailor it further. It needs some advanced settings that would make my browsing much smoother.",False,,,True,tone: disappointed | pace: normal | energy: low | pitch: falling | notable: trailing_off,"Speaker uses a conversational tone, and emphasizes 'I wish' and 'needs some advanced settings', hinting at disappointment and desire for improvement.",T+A,True,explicit,add more options to tailor it further,P6
TECH_0628,tech_software,"The robot vacuum does a great job cleaning my floors, but I notice it often avoids corners and edges. There must be a way for the software to detect these areas more effectively.",False,,,True,tone: neutral | pace: normal | energy: medium | pitch: varied | notable: none,"Casual tone with a slightly confused pitch, indicating curiosity about future improvements.",T+A,True,explicit,improve robot vacuum's software to better detect and clean corners and edges,P6
TECH_0614,tech_software,"I find the robot vacuum’s cleaning efficiency impressive, but I always end up having to manually remove it from tight corners as it seems to struggle with small spaces.",False,,,True,tone: frustrated | pace: normal | energy: medium | pitch: flat | notable: controlled_delivery,"The tone is calm and measured, with a slight hint of frustration when mentioning the need for manual removal. The pace is moderate, with a clear emphasis on 'manually remove'.",T+A,True,implicit,improve maneuverability in tight spaces,P6
TECH_0602,tech_software,"I'm really enjoying the new features in this design tool, but sometimes finding my way around the interface can be a bit tricky for someone who isn’t as tech-savvy as my grandkids!",False,,,True,tone: enthusiastic | pace: fast | energy: medium | pitch: varied | notable: none,Speaker speaks with an enthusiastic pitch but hints at confusion and the need for better onboarding instructions.,T+A,True,implicit,simplify user interface and provide clearer instructions,P6
TECH_0640,tech_software,"Using the collaboration features on my streaming device has been a game changer. However, it would be great if there was a way to share content directly without needing an additional app.",False,,,True,tone: enthusiastic | pace: fast | energy: medium | pitch: varied | notable: none,Enthusiastic tone with mild frustration,T+A,True,explicit,improve ease of content sharing within the device,P6
TECH_0546,tech_software,The password manager is secure but I find the interface too technical for casual users. Please add more intuitive design elements to make it accessible to a broader audience.,False,,,True,tone: frustrated | pace: normal | energy: medium | pitch: varied | notable: trailing_off,"An informal, slightly exasperated tone that indicates frustration with the current interface, leading into a clearer and more focused suggestion for an intuitive redesign.",T+A,True,explicit,add more intuitive design elements to make it accessible to a broader audience,P6
TECH_0502,tech_software,"I really enjoy using this CRM software. The API quality is excellent, but they should consider adding more extensive documentation.",False,,,True,tone: neutral | pace: normal | energy: medium | pitch: varied | notable: none,Measured tone with slight excitement and clear suggestion for improvement,T+A,True,explicit,add more extensive documentation,P6
TECH_0662,tech_software,The design tool's UI/UX has improved so much in the past year. If only they could add more customization options for my workflow needs!,False,,,True,tone: calm | pace: normal | energy: medium | pitch: rising | notable: trailing_off,"Calm, satisfied tone with slight rising pitch at the end, indicating a hint of wishful thinking.",T+A,True,explicit,add more customization options for workflows in the design tool,P6
TECH_0653,tech_software,Why can't the design tool remember my preferences? It's a real hassle to set them every time I open it.,False,,,True,tone: frustrated | pace: normal | energy: medium | pitch: rising | notable: raised_volume,"Speaker sounds frustrated and irritated, particularly when saying 'Why can't'.",T+A,True,implicit,improve save user preferences across sessions,P2
TECH_0645,tech_software,"The onboarding process for the DEF accounting software was straightforward enough, but I found myself having to dig through the documentation more than expected. It feels like a lot of basic information could be better integrated into the user interface.",False,,,True,tone: neutral | pace: normal | energy: medium | pitch: flat | notable: pauses,"A calm and measured critique, with pauses between sentences to emphasize points.",T+A,True,explicit,improve documentation integration into the UI,P2
TECH_0649,tech_software,"The XYZ accounting software is great for handling our small business needs, but I find myself reaching out to customer support far more than I'd like. They're helpful but it would be better if common issues were addressed in the initial setup process.",False,,,True,tone: neutral | pace: normal | energy: medium | pitch: flat | notable: hesitation,"A slightly annoyed tone, with a pause before 'common issues'.",T+A,True,explicit,improve initial setup and reduce need for support,P2
TECH_0675,tech_software,Why can't the robot vacuum just learn how to avoid my cat? It keeps bumping into her and I wish it would figure out a way around it.,False,,,True,tone: frustrated | pace: normal | energy: medium | pitch: rising | notable: questioning,"Frustrated tone, questioning start with emphasis on 'bumping'.",T+A,True,explicit,improve robot vacuum pet avoidance,P2
TECH_0625,tech_software,"As an enterprise admin, I find that our video conferencing tool is quite robust. However, having more customizable meeting templates would streamline our internal processes.",False,,,True,tone: neutral | pace: normal | energy: medium | pitch: flat | notable: clear_enunciation,Formal tone with a hint of professionalism and a slight emphasis on 'customizable'.,T+A,True,implicit,add customizable meeting templates to the video conferencing tool,P2
TECH_0655,tech_software,"My grandchild and I use the video conferencing tool a lot. It's good, but it would be better with less lag during calls.",False,,,True,tone: enthusiastic | pace: fast | energy: medium | pitch: varied | notable: none,"Speaker sounds enthusiastic about frequent usage, but annoyed by 'lag'.",T+A,True,explicit,reduce lag in video calls,P2
TECH_0633,tech_software,"- Excellent for live streaming
- Smooth picture quality with low latency
- Would love to see an option for more storage capacity without having to rely on cloud services",False,,,True,tone: enthusiastic | pace: normal | energy: medium | pitch: varied | notable: pauses,"Enthusiastic and slightly excited tone, speaking with pauses",T+A,True,explicit,increase local storage capacity of the device,P2
TECH_0621,tech_software,"The fitness tracker's onboarding process is smooth, but I wish there was a more detailed tutorial on how to interpret all the health metrics.",False,,,True,tone: cheerful | pace: normal | energy: medium | pitch: varied | notable: none,"Casual tone with some enthusiasm, speaking clearly and without hesitation, with an undercurrent of excitement about the potential for improvement.",T+A,True,explicit,include a more comprehensive tutorial on interpreting health metrics in the fitness tracker's onboarding process,P2
TECH_0647,tech_software,"I'm an elderly user and found the ABC smart thermostat's display a bit difficult to read. While it performs well, perhaps they could add an option for larger font sizes?",False,,,True,tone: neutral | pace: normal | energy: medium | pitch: varied | notable: none,A calm and slightly puzzled tone with emphasis on the phrase 'larger font sizes'.,T+A,True,explicit,add larger font size option,P2
TECH_0663,tech_software,"After each software update, I have to restart my system. Is there a way this could be smoother?",False,,,True,tone: frustrated | pace: normal | energy: medium | pitch: flat | notable: controlled_delivery,Slightly frustrated tone with emphasis on 'after each' and 'smoother'.,T+A,True,explicit,improve update process to avoid needing a system restart,P2
TECH_0661,tech_software,"I've been using this cloud storage service for years, and it's always worked like a charm. But now that remote work has become the norm, I'd love to see some integration with video conferencing tools so we can quickly share files during meetings.",False,,,True,tone: enthusiastic | pace: fast | energy: medium | pitch: varied | notable: none,"The speaker's tone is enthusiastic but hints at a slight frustration, quick pace with emphasis on the phrase 'now that remote work'.",T+A,True,explicit,improve integration with video conferencing tools for seamless file sharing during meetings,P2
TECH_0623,tech_software,"The IDE plugin has some great features, but the documentation is a bit sparse. It would be really helpful to have more examples and step-by-step guides available.",False,,,True,tone: calm | pace: normal | energy: medium | pitch: flat | notable: controlled_delivery,"Calm measured tone with emphasis on 'step-by-step', indicating a clear preference for detailed guidance.",T+A,True,explicit,expand the documentation of the IDE plugin to include more examples and step-by-step guides,P2
TECH_0740,tech_software,"Music streaming app? More like music lagging app. It takes forever to load and often buffers mid-song, ruining my listening experience.",False,,,True,tone: neutral | pace: normal | energy: medium | pitch: varied | notable: none,"Casual tone, with emphasis on 'music lagging app', sarcasm dripping from the words.",T+A,True,implicit,improve streaming speed,P2
TECH_0639,tech_software,"The customer support is fantastic, but I think they could do with a bit more detailed documentation. It's easy enough to figure out over time though.",False,,,True,tone: disappointed | pace: normal | energy: low | pitch: flat | notable: trailing_off,Casual tone with mild disappointment,T+A,True,explicit,provide more detailed user documentation,P2
TECH_0619,tech_software,"When I use this gaming streaming device, the quality is great, but there's a noticeable lag every time it updates. It’s frustrating to have to restart for an update that should be seamless.",False,,,True,tone: enthusiastic | pace: fast | energy: high | pitch: varied | notable: none,"Excited tone with emphasis on 'lag' and 'restart', indicating significant frustration but excitement about the product overall. The pace is slightly fast, pitch high.",T+A,True,explicit,eliminate lag during updates,P2
TECH_0721,tech_software,"- I've been a long-time user of this password manager and the durability is really lacking. The app crashes almost daily, especially after updates.
- Not sure how much longer we can rely on it for work security.",False,,,True,tone: neutral | pace: normal | energy: medium | pitch: flat | notable: controlled_delivery,The speaker sounds professional and concerned as they list their points with measured emphasis.,T+A,True,implicit,fix app crashing issue,P2
TECH_0622,tech_software,Why can't I connect my AI writing assistant to Google Drive directly? It would make collaborating with remote teams so much easier. The manual export/import is a hassle.,False,,,True,tone: enthusiastic | pace: fast | energy: medium | pitch: varied | notable: none,"Enthusiastic tone, faster pace, with clear frustration and impatience towards the current workflow inefficiencies.",T+A,True,explicit,add direct Google Drive integration,P2
TECH_0617,tech_software,"I love how portable this external SSD is, but the built-in encryption takes a while to set up and I often feel my personal data isn’t as secure as it should be until everything’s in place.",False,,,True,tone: enthusiastic | pace: fast | energy: medium | pitch: varied | notable: hesitation,"An enthusiastic tone with emphasis on 'built-in encryption' and a slightly hesitant, uncertain tone when discussing data security. The pace is moderate to fast.",T+A,True,explicit,simplify encryption setup process,P2
TECH_0667,tech_software,"I love using this fitness tracker, but I've noticed that sometimes it skips recording my workouts if I forget to start the app beforehand. A more automatic tracking feature would be great!",False,,,True,"tone: anxious | pace: slow | energy: low | pitch: rising | notable: hesitation, trailing_off","Hesitant, uncertain tone with emphasis on 'skips recording'.",T+A,True,explicit,improve automatic tracking to ensure workouts are recorded without manual start,P2
TECH_0694,tech_software,"This dash cam is okay in daylight, but it's no good at night. Is there any way to improve the low-light performance?",False,,,True,tone: disappointed | pace: normal | energy: low | pitch: falling | notable: trailing_off,"Disappointed tone with a pause after 'okay', measured pace",T+A,True,explicit,improve low-light performance,P2
TECH_0635,tech_software,"I use this portable charger for long flights, but it's so bulky. It would be great if they made a version that's more compact.",False,,,True,tone: neutral | pace: normal | energy: medium | pitch: flat | notable: none,Casual and slightly sarcastic tone,T+A,True,explicit,design a more portable version of the charger,P2
TECH_0679,tech_software,"As a small business owner, I've found this cloud storage service to be too expensive for the amount of space provided. It offers only 50GB for a monthly price that's simply not affordable on my budget.",False,,,True,tone: neutral | pace: normal | energy: medium | pitch: flat | notable: none,"Professional tone with an even pace, emphasizing 'not affordable'.",T+A,True,implicit,increase storage space,P2
TECH_0641,tech_software,"I've been using the XYZ Fitness Tracker for a few months now, and while it tracks my steps beautifully, I can't help but notice how quickly it loses its charge. Considering I need it all day long, this is somewhat disappointing.",False,,,True,tone: disappointed | pace: normal | energy: low | pitch: falling | notable: trailing_off,"The speaker's tone is slightly frustrated and disappointed, with a pause before the last sentence to emphasize their dissatisfaction with the battery life.",T+A,True,implicit,improve battery life,P2
TECH_0660,tech_software,Wouldn't it be nice if the video conferencing tool had a feature to automatically remove background noise? It can get really disruptive during important calls.,False,,,True,tone: frustrated | pace: normal | energy: medium | pitch: varied | notable: none,"Speaker sounds enthusiastic but slightly frustrated, with emphasis on 'disruptive'.",T+A,True,explicit,add automatic background noise removal feature,P2
TECH_0657,tech_software,I wish the smartphone had a better camera. Taking photos in low light is nearly impossible.,False,,,True,tone: disappointed | pace: normal | energy: medium | pitch: falling | notable: trailing_off,"Speaker sounds disappointed and annoyed, particularly when saying 'impossible', voice carries animated undertones.",T+A,True,explicit,improve low light camera performance,P2
TECH_0615,tech_software,"The display quality on my password manager is crystal clear, but I always have to zoom in to read the tiny text that appears during transactions. A bit disappointing for such a security-focused app.",False,,,True,tone: neutral | pace: slow | energy: medium | pitch: flat | notable: none,"A casual tone with emphasis on 'zoom in' and 'tiny text', indicating slight irritation but generally positive about display quality. The pitch is normal, pace slightly slow.",T+A,True,explicit,improve text size during transactions,P2
TECH_0684,tech_software,"I bought this portable charger thinking it would last all day, but after just one cycle of charging my phone and tablet, the battery is already low.",False,,,True,tone: disappointed | pace: normal | energy: low | pitch: falling | notable: trailing_off,"Casual tone with a disappointed pitch, emphasizing 'already low'.",T+A,False,,,HN
TECH_0738,tech_software,How do I even begin to describe how terrible the AI writing assistant is? It's like it was designed by someone who doesn't understand what a writer needs. The onboarding process alone is convoluted and frustrating.,False,,,True,tone: frustrated | pace: fast | energy: high | pitch: rising | notable: raised_volume,"Speaking with intense frustration, rising pitch at the end of sentences, emphasis on 'terrible' and 'convoluted'.",T+A,False,,,HN
TECH_0671,tech_software,"I was excited about the new robot vacuum, but it's not smart enough to clean under my furniture. I'm disappointed with how limited its capabilities are.",False,,,True,tone: disappointed | pace: slow | energy: low | pitch: falling | notable: trailing_off,"Disappointed tone, slower pace on 'not smart' and 'limited'.",T+A,False,,,HN
TECH_0680,tech_software,I'm a developer and I cannot find the API documentation for this database tool. It seems to be either missing or buried under layers of poorly organized web content.,False,,,True,tone: neutral | pace: normal | energy: medium | pitch: rising | notable: interrogative,"Formal tone with an interrogative pitch, emphasizing 'layers of poorly organized'.",T+A,False,,,HN
TECH_0702,tech_software,"I was excited to try this mechanical keyboard, but it's too heavy for my remote working setup. Not portable at all.",False,,,True,"tone: disappointed | pace: slow | energy: low | pitch: falling | notable: hesitation, trailing_off",Disappointed and hesitant tone with emphasis on 'too heavy' and 'not portable'.,T+A,False,,,HN
TECH_0741,tech_software,"Dash cam? It's a joke. The footage is pixelated, and the low battery life means you can't rely on it for more than a few hours of continuous recording.",False,,,True,tone: angry | pace: fast | energy: high | pitch: rising | notable: raised_volume,"Speaking in an angry tone, with emphasis on 'joke' and 'pixelated'.",T+A,False,,,HN
TECH_0705,tech_software,"I love the browser extension's functionality, but it often crashes my browser. It’s annoying and disruptive.",False,,,True,tone: angry | pace: fast | energy: high | pitch: rising | notable: raised_volume,"Angry tone, emphasis on 'crashes' and 'annoying'.",T+A,False,,,HN
TECH_0746,tech_software,I can't believe how poor the display quality is on this streaming device. I was expecting better from such a high-priced gadget.,False,,,True,tone: disappointed | pace: slow | energy: low | pitch: falling | notable: trailing_off,"Speaking in a disappointed tone, with emphasis on 'poor' and 'high-priced'.",T+A,False,,,HN
TECH_0672,tech_software,I can't believe this e-reader took so long to load the first page. I was so excited for it.,False,,,True,tone: angry | pace: fast | energy: high | pitch: rising | notable: raised_volume,"Angry tone, with emphasis on 'so long'.",T+A,False,,,HN
TECH_0696,tech_software,What's with the constant software updates for this e-reader? I feel like my device is always busy updating and not reading.,False,,,True,tone: sarcastic | pace: fast | energy: medium | pitch: rising | notable: none,"Sarcastic tone, fast-paced, emphasis on 'constant' and 'always'",T+A,False,,,HN
TECH_0725,tech_software,Are these e-readers really meant to be so bulky? My kid keeps dropping them and now one of the corners is already cracked.,False,,,True,tone: anxious | pace: normal | energy: medium | pitch: varied | notable: none,"The speaker's tone is slightly worried with a hint of anger, especially when discussing their child's experience.",T+A,False,,,HN
TECH_1173,tech_software,The software update removed features I actually used and added ones nobody asked for. Infuriating.,False,,,True,tone: frustrated | pace: fast | energy: high | pitch: rising | notable: raised_volume,,T+A,False,,,HN
TECH_1190,tech_software,My mechanical keyboard spacebar started sticking after a month. Quality control is nonexistent.,False,,,True,tone: sarcastic | pace: slow | energy: low | pitch: flat | notable: controlled_delivery,,T+A,False,,,HN
TECH_0749,tech_software,"- The connectivity issues with my smart thermostat are a huge hassle. - I've tried multiple routers and even hardwired the device, but it still drops connection every few hours.",False,,,True,tone: calm | pace: normal | energy: medium | pitch: varied | notable: raised_volume,"The speaker uses a calm, measured tone to list out issues with a slight rise in pitch at 'huge hassle'.",T+A,False,,,HN
TECH_0674,tech_software,- The API for the wireless earbuds is garbage. - Crashes every time I try to connect a new device.,False,,,True,tone: frustrated | pace: fast | energy: high | pitch: rising | notable: raised_volume,"Frustration, louder tone when saying 'garbage'.",T+A,False,,,HN
TECH_1179,tech_software,My smart watch face options are all ugly. Every design looks like it was made in the nineties.,False,,,True,tone: frustrated | pace: fast | energy: high | pitch: falling | notable: trailing_off,,T+A,False,,,HN
TECH_0723,tech_software,This antivirus software was working fine until it stopped. They fixed the issue but now my system is super slow and unstable due to the high demands of the app.,False,,,True,"tone: anxious | pace: slow | energy: low | pitch: rising | notable: hesitation, trailing_off","The speaker speaks in a hesitant, uncertain tone questioning the product’s functionality post-fix.",T+A,False,,,HN
TECH_0718,tech_software,"I recently tried out the new CI/CD platform for my small business and I have to say, it's not exactly user-friendly. The documentation is sparse and navigating through the tools feels like trying to solve a complicated puzzle without instructions.",False,,,True,tone: frustrated | pace: slow | energy: medium | pitch: flat | notable: controlled_delivery,"The speaker has a slow, measured tone with a hint of frustration in their voice.",T+A,False,,,HN
TECH_0748,tech_software,I can't believe how clunky the user interface is on this design tool. It's like they didn't think about actual designers when they made it.,False,,,True,tone: frustrated | pace: normal | energy: medium | pitch: flat | notable: hesitation,"The speaker speaks with a frustrated tone, emphasizing the word 'clunky' and pausing before 'It's like'.",T+A,False,,,HN
TECH_1185,tech_software,This power bank takes twelve hours to fully charge. By the time it is ready my trip is already over.,False,,,True,tone: frustrated | pace: fast | energy: high | pitch: rising | notable: controlled_delivery,,T+A,False,,,HN
TECH_0688,tech_software,I can't believe how expensive this database tool is. Why do they charge so much for such a basic set of features? Not worth it at all.,False,,,True,tone: angry | pace: fast | energy: high | pitch: rising | notable: raised_volume,"Angry, fast-paced, and loud with emphasis on 'expensive', 'basic', 'features'",T+A,False,,,HN
TECH_0722,tech_software,"I purchased the mesh router for my home network and was hoping it would cover all areas, but the connectivity issues are driving me crazy! I keep getting dropped signals in some rooms.",False,,,True,tone: frustrated | pace: normal | energy: medium | pitch: varied | notable: none,The speaker’s tone is casual yet frustrated as they complain about their experience with the product.,T+A,False,,,HN
TECH_0700,tech_software,"- The display quality on this e-reader is terrible, especially when reading outside. - The battery life could use some work as well.",False,,,True,tone: disappointed | pace: normal | energy: low | pitch: falling | notable: trailing_off,Casual tone with disappointment in 'terrible' and 'could use'.,T+A,False,,,HN
TECH_0710,tech_software,"This photo editor costs an arm and a leg for what it offers. Features are basic, and the customer service is worse than no help at all.",False,,,True,tone: disappointed | pace: normal | energy: medium | pitch: falling | notable: trailing_off,"Disappointed tone with sarcastic emphasis on 'an arm and a leg', speaking in an exasperated manner.",T+A,False,,,HN
TECH_0724,tech_software,"I just bought the latest VPN service for my business and it’s a complete disaster. I can't connect to anything reliably, let alone expect secure browsing.",False,,,True,tone: frustrated | pace: normal | energy: medium | pitch: varied | notable: none,The speaker sounds calm but with a strong undercurrent of frustration and disbelief.,T+A,False,,,HN
TECH_0713,tech_software,The customer support response time for this project management app is ridiculous. Calls to fix issues take days and sometimes weeks.,False,,,True,tone: angry | pace: fast | energy: high | pitch: rising | notable: raised_volume,"Angry tone with emphasis on 'ridiculous', speaking in a fast pace, voice raised slightly towards the end.",T+A,False,,,HN
TECH_0676,tech_software,"The power user in me wants to love this laptop, but the software updates are a nightmare and I can't even get basic features working properly.",False,,,True,tone: frustrated | pace: normal | energy: medium | pitch: flat | notable: raised_volume,Frustrated tone with emphasis on 'nightmare'.,T+A,False,,,HN
TECH_1210,tech_software,The bluetooth headphones hurt my ears after thirty minutes. The clamping force is way too tight.,False,,,True,tone: angry | pace: normal | energy: medium | pitch: flat | notable: controlled_delivery,,T+A,False,,,HN
TECH_0670,tech_software,"I love my monitor, but the brightness settings are too hard to adjust. It's irritating when I'm trying to work in different lighting conditions.",False,,,True,tone: frustrated | pace: normal | energy: medium | pitch: flat | notable: none,Casual complaint with emphasis on 'too hard'.,T+A,False,,,HN
TECH_0734,tech_software,"I've always been a fan of enterprise-level antivirus software, but this one is too cumbersome to use. I feel like I'm constantly fighting with the interface.",False,,,True,tone: angry | pace: fast | energy: high | pitch: rising | notable: raised_volume,"A frustrated and angry tone, with emphasis on 'constantly fighting'. The speaker is clearly upset.",T+A,False,,,HN
TECH_0698,tech_software,"I've tried the latest mesh router, and it’s consistently dropping connections. It's more trouble than it's worth.",False,,,True,tone: frustrated | pace: normal | energy: medium | pitch: flat | notable: controlled_delivery,Frustrated tone with emphasis on 'consistently' and 'more trouble'.,T+A,False,,,HN
TECH_0701,tech_software,I use this email client for my freelance work and I've had countless issues with attachments. It's not reliable.,False,,,True,tone: frustrated | pace: normal | energy: medium | pitch: varied | notable: none,"Frustrated tone, emphasis on 'countless' and 'not reliable'.",T+A,False,,,HN
TECH_1192,tech_software,The recipe app serving calculator is wrong. Doubling a recipe quadruples the salt but halves the flour.,False,,,True,tone: angry | pace: normal | energy: medium | pitch: varied | notable: pauses,,T+A,False,,,HN
TECH_0703,tech_software,This password manager is hard to set up and the documentation is useless. I ended up using it wrong.,False,,,True,tone: frustrated | pace: fast | energy: medium | pitch: rising | notable: raised_volume,"Confused and frustrated tone, emphasis on 'useless' and 'wrong'.",T+A,False,,,HN
TECH_1181,tech_software,This smart light flickers randomly at night. I wake up thinking something is wrong in the house.,False,,,True,tone: disappointed | pace: slow | energy: low | pitch: rising | notable: monotone,,T+A,False,,,HN
TECH_1200,tech_software,The calendar app timezone handling is broken. My meetings show up at wrong times when I travel.,False,,,True,tone: irritated | pace: fast | energy: high | pitch: varied | notable: controlled_delivery,,T+A,False,,,HN
TECH_0726,tech_software,"The performance of this CI/CD tool is abysmal. It's taking forever to deploy anything, and I have to keep restarting it just to get the basic functions working.",False,,,True,tone: frustrated | pace: fast | energy: medium | pitch: varied | notable: raised_volume,The speaker’s tone sounds frustrated and impatient with heavy emphasis on 'forever' and 'basic functions'.,T+A,False,,,HN
TECH_0699,tech_software,"As a gamer, the battery life on this laptop is laughable. I can't even make it through one game without needing to recharge.",False,,,True,tone: angry | pace: fast | energy: high | pitch: rising | notable: raised_volume,Angry emphasis on 'laughable' and 'one game'.,T+A,False,,,HN
TECH_1202,tech_software,My VR headset lenses fog up within minutes. I have to take it off and wipe every few minutes.,False,,,True,tone: sarcastic | pace: slow | energy: low | pitch: flat | notable: pauses,,T+A,False,,,HN
TECH_1196,tech_software,My note-taking app deleted an entire notebook during sync. Three years of class notes vanished.,False,,,True,tone: sarcastic | pace: slow | energy: low | pitch: varied | notable: monotone,,T+A,False,,,HN
TECH_0682,tech_software,The smart thermostat from this brand has a terrible onboarding process. It took me way too long to set it up and I feel like the user guide is missing crucial steps.,False,,,True,tone: angry | pace: fast | energy: high | pitch: rising | notable: raised_volume,"Angry tone with rapid speech, emphasizing 'way too long'.",T+A,False,,,HN
TECH_0706,tech_software,The mesh router is expensive and doesn't solve our connectivity issues. We should have kept our old setup.,False,,,True,tone: calm | pace: normal | energy: medium | pitch: flat | notable: none,"Calm, measured critique tone, emphasis on 'expensive' and 'old setup'.",T+A,False,,,HN
TECH_0668,tech_software,"The new database tool was a disaster during the onboarding process. I wasted hours trying to figure out how to set it up, and now it's crashing constantly.",False,,,True,tone: angry | pace: fast | energy: high | pitch: rising | notable: raised_volume,"Frustrated, angry tone with emphasis on 'wasted' and 'crashing'.",T+A,False,,,HN
TECH_1199,tech_software,My music production software introduced crackling audio after the last update. Recording sessions are ruined.,False,,,True,tone: disappointed | pace: slow | energy: low | pitch: falling | notable: trailing_off,,T+A,False,,,HN
TECH_1191,tech_software,The pet camera treat launcher jams after two treats. My dog stares at it waiting for treats that never come.,False,,,True,tone: frustrated | pace: fast | energy: high | pitch: falling | notable: monotone,,T+A,False,,,HN
TECH_1195,tech_software,My podcast app plays episodes in random order instead of sequential. Story podcasts make no sense.,False,,,True,tone: annoyed | pace: normal | energy: medium | pitch: falling | notable: controlled_delivery,,T+A,False,,,HN
TECH_1201,tech_software,The smart smoke detector false alarms when I open the oven. Every cooking session triggers panic.,False,,,True,tone: annoyed | pace: normal | energy: medium | pitch: rising | notable: monotone,,T+A,False,,,HN
TECH_0687,tech_software,The software update for this music streaming app took way too long to install and it seems to have introduced several bugs that were not present in the previous version.,False,,,True,tone: anxious | pace: normal | energy: medium | pitch: varied | notable: trailing_off,"Uncertain tone, emphasizing 'introduced several bugs'.",T+A,False,,,HN
TECH_1207,tech_software,This streaming stick buffers every five minutes. Movie night has become buffer night in our house.,False,,,True,tone: annoyed | pace: normal | energy: medium | pitch: falling | notable: pauses,,T+A,False,,,HN
TECH_0686,tech_software,Why does this wireless earbud require charging after just a few hours of use? It's quite inconvenient for those long commutes or travel days.,False,,,True,tone: neutral | pace: normal | energy: medium | pitch: rising | notable: questioning,"Questioning tone, emphasizing 'quite inconvenient'.",T+A,False,,,HN
TECH_1177,tech_software,This e-reader page turn animation is so slow I can read faster on paper. Lag on every single swipe.,False,,,True,tone: annoyed | pace: normal | energy: medium | pitch: rising | notable: pauses,,T+A,False,,,HN
TECH_1183,tech_software,My smart irrigation controller overwatered the garden and flooded the basement through a crack.,False,,,True,tone: annoyed | pace: normal | energy: medium | pitch: falling | notable: raised_volume,,T+A,False,,,HN
TECH_0730,tech_software,"- The video conferencing tool is heavy on my laptop and crashes often.
- Makes working remotely a nightmare.",False,,,True,tone: sarcastic | pace: slow | energy: medium | pitch: varied | notable: hesitation,"A frustrated and sarcastic tone, with pauses between the bullet points. The speaker’s voice is slow but full of sarcasm.",T+A,False,,,HN
TECH_0744,tech_software,"As a small business owner, I cannot emphasize enough how the performance of this device has been subpar. It's slow and keeps freezing.",False,,,True,tone: frustrated | pace: normal | energy: medium | pitch: varied | notable: none,"Speaking with emphasis on 'subpar' and 'freezing', in a slightly exasperated tone.",T+A,False,,,HN
TECH_0692,tech_software,"Is the learning curve really that high for this browser extension? I'm a tech person, and it's still so hard to figure out.",False,,,True,tone: frustrated | pace: slow | energy: medium | pitch: rising | notable: raised_volume,"Exasperated tone with raised pitch, slow pace",T+A,False,,,HN
TECH_1193,tech_software,This screen recorder watermarks the output without warning. Discovered after recording a two-hour tutorial.,False,,,True,tone: disappointed | pace: slow | energy: low | pitch: rising | notable: raised_volume,,T+A,False,,,HN
TECH_1203,tech_software,This tablet keyboard case keys are so small I make typos on every other word. My fingers barely fit.,False,,,True,tone: frustrated | pace: fast | energy: high | pitch: falling | notable: raised_volume,,T+A,False,,,HN
TECH_1186,tech_software,The smart garage door opener stopped responding in cold weather. I was locked out for an hour.,False,,,True,tone: angry | pace: normal | energy: medium | pitch: flat | notable: monotone,,T+A,False,,,HN
TECH_0693,tech_software,"I love the simplicity of this smartphone, but why can't it connect to my home Wi-Fi? It's been a struggle from day one.",False,,,True,tone: frustrated | pace: normal | energy: medium | pitch: varied | notable: none,Excited yet frustrated tone with emphasis on 'simplicity' and 'struggle',T+A,False,,,HN
TECH_0697,tech_software,"While the display quality of this smartphone is good, it gets too hot to hold. It’s like a mini furnace in my pocket!",False,,,True,tone: frustrated | pace: fast | energy: medium | pitch: rising | notable: raised_volume,Exasperated tone with emphasis on 'mini furnace' and a sarcastic smile,T+A,False,,,HN
TECH_0715,tech_software,"I love the features, but this smartphone’s battery life is terrible. It barely lasts a day on heavy usage.",False,,,True,tone: disappointed | pace: normal | energy: medium | pitch: falling | notable: trailing_off,"Mixed feelings tone, starting enthusiastic and dropping to disappointed as mentioning the battery issue.",T+A,False,,,HN
TECH_0712,tech_software,"The API documentation for this software is a mess. No useful examples, no clear guidelines. Trying to implement the integration was like a shot in the dark.",False,,,True,tone: frustrated | pace: fast | energy: high | pitch: rising | notable: raised_volume,"Exasperated tone with emphasis on 'shot in the dark', speaking in an excited rapid speech pattern.",T+A,False,,,HN
TECH_0709,tech_software,"The onboarding process for this cloud storage service is confusing. There's no clear step-by-step guide, and I had to call support three times already.",False,,,True,tone: angry | pace: fast | energy: high | pitch: rising | notable: raised_volume,"Angry tone with heavy emphasis on 'confusing', speaking in a rapid-fire manner.",T+A,False,,,HN
TECH_1197,tech_software,This smart scale measurements fluctuate wildly. I weighed myself three times and got three different numbers.,False,,,True,tone: frustrated | pace: fast | energy: high | pitch: rising | notable: pauses,,T+A,False,,,HN
TECH_1174,tech_software,The webcam auto-focus hunts constantly during calls. My face goes in and out of focus nonstop.,False,,,True,tone: angry | pace: normal | energy: medium | pitch: flat | notable: trailing_off,,T+A,False,,,HN
TECH_0731,tech_software,I'm a freelance graphic designer and this music streaming app doesn't provide the accessibility features I need to work efficiently with my headphones on.,False,,,True,tone: anxious | pace: normal | energy: low | pitch: varied | notable: hesitation,"A hesitant tone, with an emphasis on 'need' and a slight uncertainty in delivery as if questioning the product's capabilities.",T+A,False,,,HN
TECH_0755,tech_software,"The photo editor offers a variety of features, but I wish the export options were more flexible and catered to professional-grade output settings.",True,A screenshot of an export menu with a few preset options.,A screenshot from within the photo editor showing the limited export option menu with basic presets only.,True,tone: frustrated | pace: normal | energy: medium | pitch: varied | notable: none,"The speaker sounds enthusiastic but frustrated, especially when emphasizing 'more flexible'.",T+I+A,True,explicit,make export options more flexible,P1
TECH_0794,tech_software,"The streaming device is excellent, but I find it difficult to navigate sometimes. They should make the interface more intuitive for users like me who aren't tech-savvy.",True,Screenshot showing a streaming device interface with multiple rectangular boxes and text labels.,A screenshot of a confusing user interface on the streaming device,True,tone: frustrated | pace: normal | energy: medium | pitch: flat | notable: controlled_delivery,"Speaker's tone is calm and measured, with a slight frustration noticeable in their voice",T+I+A,True,explicit,make the interface more intuitive for users like me who aren't tech-savvy,P1
TECH_0798,tech_software,"The webcam is great for my online classes, but it would be better if there were more export options. I wish they could add support for exporting to popular cloud storage services directly.",True,Screenshot showing a webcam settings menu with various options and sliders.,Close-up of screenshot of the webcam settings menu,True,tone: enthusiastic | pace: fast | energy: high | pitch: varied | notable: none,"Speaker's tone is enthusiastic and hopeful, with a strong emphasis on 'popular'",T+I+A,True,explicit,add support for exporting to popular cloud storage services directly,P1
TECH_0845,tech_software,"The code editor has a great selection of features for developers, but it should definitely support more programming languages out-of-the-box.",True,The image shows a colorful infographic with text and icons comparing features of different editors.,Infographic comparing the feature set and supported languages between competing editors.,True,tone: frustrated | pace: normal | energy: medium | pitch: varied | notable: none,"Speaker sounds slightly frustrated, emphasizing the need for language diversity in support.",T+I+A,True,explicit,support more programming languages out-of-the-box,P1
TECH_0774,tech_software,"The pricing for the email client is reasonable, but they should consider adding a free tier with basic features to attract new users.",True,A screenshot of a pricing page with different plan options and associated costs.,Screenshot of the pricing page showing potential adjustments to pricing tiers.,True,tone: neutral | pace: normal | energy: low | pitch: flat | notable: none,The speaker's tone is calm and analytical while discussing the current pricing structure and suggesting a free tier addition.,T+I+A,True,explicit,add a free tier with basic features to attract new users,P1
TECH_0815,tech_software,The CI/CD platform has great performance but lacks customizable API endpoints. It would be better if it allowed us to define our own API endpoints for seamless integration with other tools.,True,A screenshot of API settings with a text input field labeled 'Custom API Endpoint'.,Snapshot of screenshot of the current limited API endpoint settings compared to an empty input box labeled 'Custom API Endpoint'.,True,tone: neutral | pace: normal | energy: low | pitch: flat | notable: monotone,"Monotone and slightly formal tone, emphasizing on technical details about customizable API endpoints.",T+I+A,True,explicit,allow custom API endpoint definitions,P1
TECH_0785,tech_software,"The external SSD is super fast and compact, perfect for my on-the-go needs. However, it would be great if they could include a built-in cooling fan to prevent overheating during long transfers.",True,A small silver external SSD is connected to a laptop on a wooden desk with books and a plant in the background.,A photo of the sleek external SSD plugged into a laptop in a home office setting with books and other tech accessories nearby.,True,tone: enthusiastic | pace: fast | energy: high | pitch: varied | notable: none,"The speaker's tone is enthusiastic, with emphasis on portability but an earnest suggestion for built-in cooling solutions.",T+I+A,True,explicit,include a built-in cooling fan to prevent overheating during long transfers,P1
TECH_0789,tech_software,"The enterprise admin dashboard is comprehensive and provides detailed insights. However, the documentation needs to be more thorough for new users. Please add beginner-friendly guides.",True,"Screenshot showing an enterprise dashboard with multiple graphs, charts, and settings options.","A screenshot of an extensive enterprise dashboard with various graphs, charts, and user settings panels clearly visible.",True,tone: neutral | pace: normal | energy: medium | pitch: flat | notable: professional,The speaker's tone is formal with a critical but constructive approach to suggesting more thorough documentation support.,T+I+A,True,explicit,add beginner-friendly guides,P1
TECH_0791,tech_software,"The tablet's portability is fantastic, but the battery life could use some improvement. I wish it lasted longer between charges.",True,The image shows a comparison infographic with battery life statistics for several tablets.,Photograph showing comparison infographic showing battery life stats of different tablets,True,tone: disappointed | pace: normal | energy: low | pitch: falling | notable: trailing_off,"Speaker's tone is casual and slightly disappointed, with a clear emphasis on the word 'longer'",T+I+A,True,explicit,improve battery life,P1
TECH_0823,tech_software,"As a gamer, the portability of this music streaming app is a huge plus. I wish it had an offline mode for when there's no Wi-Fi during long gaming sessions.",True,Screenshot showing an infographic with text and icons comparing audio devices and streaming services.,Screenshot showing infographic comparing features such as portable audio devices and wireless streaming options.,True,tone: enthusiastic | pace: fast | energy: high | pitch: varied | notable: none,"The speaker’s voice is enthusiastic, especially when describing the app's benefits for gamers. 'Offline mode' is said with clear emphasis on desiring that feature.",T+I+A,True,explicit,add an offline mode,P1
TECH_0751,tech_software,"The video conferencing tool has a great interface and works smoothly most of the time, but it would be better if they could add more reliable screen sharing options to ensure a seamless experience for all participants.",True,"Screenshot showing a window with audio and video settings, including sliders and dropdown menus.",Close-up of screenshot showing a window with various audio and video settings for the video conferencing tool.,True,tone: frustrated | pace: normal | energy: medium | pitch: flat | notable: controlled_delivery,"The speaker's tone is slightly frustrated, emphasizing the word 'reliable' with extra stress.",T+I+A,True,explicit,add more reliable screen sharing options to ensure a seamless experience for all participants,P1
TECH_0765,tech_software,The password manager's onboarding process is straightforward and easy. But they should provide more detailed tutorials for advanced features like secure sharing among team members.,True,Screenshot showing onboarding screens with text and a graphic.,A screenshot of the onboarding screens showing simple text and graphic instructions.,True,tone: neutral | pace: normal | energy: medium | pitch: flat | notable: professional,"The speaker's tone is formal, offering constructive feedback about improving user guidance for more complex features.",T+I+A,True,explicit,provide more detailed tutorials for advanced features like secure sharing among team members,P1
TECH_0759,tech_software,"The UI/UX of the software is top-notch and very intuitive, but customer support needs to be more responsive for quicker resolutions during critical issues.",True,"A person is on a phone call, looking stressed and holding the phone to their ear.",A photo showing a user frantically calling the customer support hotline.,True,tone: anxious | pace: fast | energy: medium | pitch: varied | notable: trailing_off,"The speaker sounds concerned and stressed, particularly when mentioning 'critical issues', voice carries measured undertones.",T+I+A,True,explicit,improve customer support needs to be more responsive for quicker resolutions during critical issues,P1
TECH_0841,tech_software,"This note-taking app is fantastic for students like me, but I wish there were more export options to share notes directly with classmates without having to convert them first.",True,Screenshot showing export settings with a dropdown menu and several options listed.,Screenshot of the settings panel showing limited export options.,True,tone: neutral | pace: normal | energy: medium | pitch: rising | notable: trailing_off,"Speaker speaks in a casual tone, voice rising at the end when suggesting an improvement.",T+I+A,True,explicit,add more export options to share notes directly with classmates without having to convert them first,P1
TECH_0925,tech_software,"The documentation for this backup solution is terrible. I wish they had included a step-by-step guide, but instead, it's just a bunch of technical jargon that leaves you guessing.",True,A photo of a product box next to a stack of papers with dense text.,A photo showing a pile of confusing and incomprehensible documentation next to the product box.,True,tone: angry | pace: fast | energy: high | pitch: rising | notable: raised_volume,"The speaker is angry, with a fast pace and emphasis on 'terrible' and 'guessing'.",T+I+A,True,explicit,add step-by-step guide to documentation,P1
TECH_0819,tech_software,"The graphics card is fantastic for my gaming needs, but I find the current cooling solution inadequate. It would be great if they could consider adding a more efficient heat sink and quieter fans.",True,"A photo of a heat sink next to an empty space, likely for another component.","A photo of the current heat sink compared with an empty space where future additions might go, showing the need for better heat dissipation and noise reduction.",True,tone: frustrated | pace: normal | energy: medium | pitch: varied | notable: none,Slightly annoyed tone while discussing cooling issues but excited about potential improvements.,T+I+A,True,explicit,add a more efficient heat sink and quieter fans,P1
TECH_0849,tech_software,Why can't the smart speaker also act as a voice alarm clock? It would be so much more useful for my mom and me if we could set alarms directly from it.,True,A person is setting an alarm on a smartphone next to a smart speaker on a wooden table.,"Photo of a family member setting up an alarm on their phone next to the smart speaker, visually implying the potential for native support.",True,tone: enthusiastic | pace: fast | energy: medium | pitch: varied | notable: none,Speaker uses an enthusiastic tone with hints of playful frustration at the current limitation; there’s a palpable sense of curiosity and suggestion.,T+I+A,True,explicit,add voice alarm clock feature,P1
TECH_0761,tech_software,"This smartwatch's battery life is stellar, lasting well over a week without recharging. However, I wish there was an option for interchangeable watch faces to match my different outfits.",True,A person wearing a smartwatch with a digital watch face on their left wrist.,Screenshot showing person wearing the smartwatch with a default watch face on their wrist in casual settings.,True,tone: enthusiastic | pace: fast | energy: medium | pitch: varied | notable: trailing_off,"The speaker's tone is enthusiastic, excited about the battery life but slightly disappointed by the lack of customizations.",T+I+A,True,explicit,add an option for interchangeable watch faces to match my different outfits,P1
TECH_0810,tech_software,"The integration capabilities of this code editor are impressive, but it should support more third-party plugins directly from the editor's marketplace.",True,Screenshot showing a plugin marketplace with a search bar and a list of available plugins.,A screenshot of the plugin marketplace with annotations suggesting additional integrations.,True,tone: enthusiastic | pace: fast | energy: high | pitch: varied | notable: none,"The speaker speaks in an enthusiastic tone, with emphasis on 'third-party plugins'.",T+I+A,True,explicit,support more third-party plugins directly from the editor's marketplace,P3
TECH_0836,tech_software,"This tablet's battery life is decent, but it should definitely consider adding a fast-charging feature for those times when you need power quickly. Also, the onboarding process could be more intuitive and less text-heavy.",True,Screenshot showing an error message with text about battery status.,The screen shows screenshot of an error message showing a battery-related issue.,True,tone: frustrated | pace: normal | energy: medium | pitch: varied | notable: none,"The speaker talks in a casual tone, with some frustration about the lack of fast charging but also suggests improvements for onboarding.",T+I+A,True,explicit,add fast-charging feature,P3
TECH_0825,tech_software,The CI/CD platform significantly streamlines our development process. I suggest they add better reporting features for tracking deployment success.,True,Screenshot showing a dashboard interface with several red circles highlighting error messages.,Image depicting screenshot of a complex dashboard with error messages highlighted in red circles.,True,tone: neutral | pace: normal | energy: low | pitch: flat | notable: professional,"The speaker's voice is serious and professional, emphasizing 'better reporting features' clearly as an improvement suggestion, speaking with calm inflection.",T+I+A,True,explicit,add better reporting features for tracking deployments,P3
TECH_0760,tech_software,"This product is so lightweight and portable, but it should come with a protective case since the device gets scratched easily in my backpack.",True,A device with noticeable scratches on its screen and casing.,A photo of the damaged device showing scratches on its surface from use without a protective cover.,True,tone: frustrated | pace: normal | energy: medium | pitch: flat | notable: hesitation,"The speaker sounds casual and slightly annoyed, particularly when emphasizing 'gets scratched', spoken with hesitant emphasis.",T+I+A,True,explicit,include a protective case since the device gets scratched easily in my backpack,P3
TECH_0766,tech_software,"The graphics card performs impressively, even in the most demanding games. They could offer a simpler installation guide for users who aren't as tech-savvy to avoid confusion during setup.",True,The image shows a graphics card mounted on a desktop computer motherboard. Several cables are connected to the card and surrounding components.,Image depicting photo of the graphics card installed on a desktop computer's motherboard.,True,tone: frustrated | pace: normal | energy: medium | pitch: varied | notable: none,"The speaker is enthusiastic about performance but frustrated by installation difficulties, suggesting an easier guide for new users.",T+I+A,True,explicit,offer a simpler installation guide for users who aren't as tech-savvy to avoid confusion during setup,P3
TECH_0829,tech_software,This software's data privacy features are top-notch. I think adding a feature that allows users to see who viewed their private notes would be fantastic.,True,"The image shows a diagram with arrows connecting different boxes, representing user actions. Several colored boxes and lines are visible, with text labels throughout.","A visual representation of user access history on the note-sharing platform, showing arrows indicating various actions.",True,tone: enthusiastic | pace: normal | energy: medium | pitch: flat | notable: monotone,"The speaker speaks with confidence and a touch of excitement about privacy features but expresses genuine interest in seeing additional features, monotone vocal quality throughout.",T+I+A,True,implicit,add feature to see who viewed private notes,P3
TECH_0850,tech_software,"The loading speed of this web design software is lightning fast, but I believe they should consider adding a dark mode feature to help with night work sessions.",True,"Screenshot showing a light-colored interface with various settings and options visible. The screen appears bright, with no dark mode enabled.","Screenshot of the interface at night-time, highlighting current lack of dark theme options.",True,tone: enthusiastic | pace: fast | energy: medium | pitch: varied | notable: none,Speaker speaks in an upbeat tone but conveys a sincere desire for new features that would improve usability during late hours; slightly rapid speech.,T+I+A,True,explicit,add a dark mode feature to help with night work sessions,P3
TECH_0846,tech_software,"This webcam's video quality is impressive, but the software needs a simple way to adjust the focus manually for better detail.",True,"A person is adjusting a webcam on a computer desk, with a laptop visible in the background.",Photo of a person setting up the webcam on their computer desk with a laptop in the background.,True,tone: disappointed | pace: normal | energy: medium | pitch: falling | notable: trailing_off,"Speaker is excited but conveys disappointment about lack of manual focus options, speaking in a slightly hushed tone as if talking to a tech support line.",T+I+A,True,implicit,add simple manual focus adjustment,P3
TECH_0790,tech_software,"The power user software has great customization options, but it needs more intuitive settings for beginners. A step-by-step guide would make it easier to set up and use effectively.",True,"Screenshot showing a software panel with multiple buttons, sliders, and toggle switches. The interface has a modern design.","Picture showing screenshot of the software’s advanced customization panel with various buttons, sliders, and toggles in a sleek interface.",True,tone: frustrated | pace: normal | energy: medium | pitch: varied | notable: trailing_off,"The speaker's tone is slightly frustrated but hopeful, emphasizing the need for more user-friendly setups while suggesting beginner guides.",T+I+A,True,explicit,add a step-by-step setup guide,P3
TECH_0816,tech_software,"The mechanical keyboard is very portable and durable, but I wish there was a wireless option. It would be ideal if they added Bluetooth connectivity to match the high-quality build.",True,A keyboard connected with a cable next to an empty port on the side.,A picture of the current cable-connected keyboard compared with an empty port on its side suggesting a future wireless version.,True,tone: neutral | pace: normal | energy: medium | pitch: varied | notable: none,"Slightly impatient but positive tone, emphasizing the need for a wireless option in future models.",T+I+A,True,explicit,add Bluetooth connectivity,P3
TECH_0772,tech_software,Customer support for the database tool is top-notch; it would be even better if they included a more detailed onboarding process.,True,Screenshot showing a database setup page with a light blue background and a large text field.,"Screenshot of the initial setup page of the database tool, highlighting where an improved onboarding guide might appear.",True,tone: enthusiastic | pace: normal | energy: medium | pitch: varied | notable: none,The speaker's tone is formal and enthusiastic about the current support but indicates a desire for more comprehensive onboarding.,T+I+A,True,explicit,include a more detailed onboarding process,P3
TECH_0792,tech_software,"The cloud storage service is great for my business. However, the data privacy needs to be addressed better; I wish there was more transparency in how my data is handled.",True,Screenshot showing a cloud storage settings panel with options for file syncing and sharing.,The image reveals screenshot of the cloud storage settings panel,True,tone: neutral | pace: normal | energy: medium | pitch: flat | notable: none,"Speaker's tone is formal and concerned, with a noticeable emphasis on 'transparency'",T+I+A,True,explicit,improve data privacy measures,P3
TECH_0806,tech_software,"The AI writing assistant is impressive for generating drafts, but it would be more useful if the generated text had a broader range of tones.",True,A screenshot of text with highlighted sections and annotations.,A screenshot of the AI-generated text with annotations marking areas where tone adjustments are suggested.,True,tone: neutral | pace: normal | energy: medium | pitch: flat | notable: none,"The speaker's tone is casual, with slight emphasis on 'broader range of tones'.",T+I+A,True,explicit,make generated text more natural and customizable,P3
TECH_0775,tech_software,"The streaming device is fantastic, but I need more flexibility in its settings. Please add an option for custom bitrate configuration.",True,A screenshot of a streaming device control panel with options and settings visible.,Screenshot of the streaming device's control panel with annotations suggesting where to include custom bitrate options.,True,tone: frustrated | pace: normal | energy: medium | pitch: flat | notable: focused_delivery,The speaker’s tone is slightly frustrated and focused on wanting more settings customization.,T+I+A,True,explicit,add an option for custom bitrate configuration,P3
TECH_0795,tech_software,"I love my new laptop, but I wish it had better compatibility with older software. It would be fantastic if they could offer compatibility updates regularly.",True,A laptop is shown next to an older electronic device.,Visual of photo of the laptop alongside an outdated device,True,tone: sarcastic | pace: normal | energy: medium | pitch: varied | notable: none,"Speaker's tone is sarcastic and annoyed, especially when saying 'regularly'",T+I+A,True,explicit,offer compatibility updates regularly,P3
TECH_0778,tech_software,"The dash cam is very durable under various weather conditions, but it would be even better if they included a clearer user manual.",True,"A dash cam is mounted to a car windshield, displaying a video recording. There are some labels and arrows on the screen.",Photo of the dash cam mounted on a vehicle's windshield with annotations pointing to areas needing better documentation.,True,tone: neutral | pace: normal | energy: medium | pitch: flat | notable: none,The speaker’s tone is formal and detailed as they suggest improvements in user manuals for clarity.,T+I+A,True,explicit,include a clearer user manual,P3
TECH_0756,tech_software,"The webcam performs wonderfully in bright conditions, but it should have better low-light capabilities for reliable use at night or in dim lighting scenarios.",True,A webcam with a built-in light ring is centered in the frame.,Photo of photo of the webcam with its lens and surrounding lighting setup visible.,True,tone: calm | pace: normal | energy: medium | pitch: flat | notable: emphasis,"The speaker’s tone is calm but emphatic, particularly on 'better low-light capabilities'.",T+I+A,True,explicit,include better low-light capabilities for reliable use at night or in dim lighting scenarios,P3
TECH_0770,tech_software,The CRM software's reliability is unmatched. Could we please have an update that streamlines the process of creating custom workflows for different client segments?,True,"A screenshot comparing two interface designs, one with more elements and one simpler.",Close-up of comparison screenshot showing the current complex interface and a proposed streamlined workflow screen.,True,tone: neutral | pace: normal | energy: low | pitch: flat | notable: professional,"The speaker's tone is formal, suggesting specific updates that would significantly improve usability for their business needs.",T+I+A,True,explicit,streamline the project management process,P3
TECH_1002,tech_software,The smartphone takes stunning photos. Every shot looks professional even in auto mode.,True,A phone settings screen showing only two language options: English and Spanish. No other languages listed.,Phone language settings with very limited options,True,tone: disappointed | pace: normal | energy: medium | pitch: falling | notable: hesitation,Speaker sounds disappointed when discussing the product,T+I+A,True,implicit,add more language options to support international users,P5
TECH_1008,tech_software,This mouse is incredibly responsive. Every click registers perfectly in competitive games.,True,"A mouse software screen showing DPI settings with only three preset levels: 800, 1600, 3200. No custom DPI or profile options.",Mouse software with limited DPI presets and no custom profiles,True,tone: angry | pace: normal | energy: medium | pitch: varied | notable: none,Speaker sounds angry when discussing the product,T+I+A,True,implicit,add custom DPI profiles and on-the-fly switching,P5
TECH_1009,tech_software,The picture quality on this TV is breathtaking. Colors are vivid and blacks are deep.,True,A TV settings menu showing input sources. Only HDMI 1 and HDMI 2 listed. No Bluetooth audio output or casting option visible.,TV input settings without Bluetooth or casting options,True,tone: frustrated | pace: fast | energy: high | pitch: flat | notable: trailing_off,Speaker sounds frustrated when discussing the product,T+I+A,True,implicit,add Bluetooth audio output and screen casting support,P5
TECH_1020,tech_software,The backup software runs silently in the background. It handles everything automatically without interrupting my workflow.,True,"A backup settings screen showing only full backup option. No incremental, differential, or file-type filter options visible.","Backup settings with only full backup, no incremental option",True,tone: concerned | pace: normal | energy: medium | pitch: varied | notable: raised_volume,Speaker sounds concerned when discussing the product,T+I+A,True,implicit,add incremental backup and file-type filtering options,P5
TECH_0796,tech_software,This project management app is fantastic for my team. We coordinate sprints and backlogs with ease.,True,Screenshot comparing desktop and mobile versions of the app. The mobile version shows slower load times and a 'connection timeout' banner.,Picture showing infographic showing performance stats between desktop and mobile versions,True,tone: resigned | pace: fast | energy: high | pitch: varied | notable: controlled_delivery,"Speaker's tone is professional but concerned, with emphasis on 'should definitely'",T+I+A,True,implicit,enhance web version build quality,P5
TECH_1001,tech_software,My laptop handles video editing like a champ. Render times are impressively fast.,True,A laptop screen showing a file manager with dozens of folders. The disk usage bar at the bottom is completely red showing 94% full with only 12GB remaining.,Screenshot of laptop storage showing critically low disk space,True,tone: frustrated | pace: slow | energy: low | pitch: flat | notable: trailing_off,Speaker sounds frustrated when discussing the product,T+I+A,True,implicit,add automatic storage cleanup suggestions when disk usage is high,P5
TECH_1021,tech_software,This spreadsheet app handles complex formulas perfectly. Charts look professional.,True,"A spreadsheet showing data in cells. No pivot table, data validation, or conditional formatting options in the menu bar.",Spreadsheet without pivot table or conditional formatting,True,tone: anxious | pace: fast | energy: high | pitch: flat | notable: monotone,Speaker sounds anxious when discussing the product,T+I+A,True,implicit,add pivot table creation and conditional formatting tools,P5
TECH_0807,tech_software,The webcam's image quality is good. Colors come through naturally during video calls.,True,"A webcam on a desk in a dimly lit room. The preview window shows a dark, underexposed image with visible noise.",The screen shows photo of the webcam in a poorly lit environment with arrows pointing towards its features.,True,tone: concerned | pace: slow | energy: low | pitch: varied | notable: trailing_off,"The speaker's tone is formal and measured, emphasizing 'automatically adjusts settings'.",T+I+A,True,implicit,add a feature that automatically adjusts settings for low-light conditions,P5
TECH_1013,tech_software,The VPN keeps my browsing private and secure. Connection speeds are consistently fast.,True,"A VPN app showing a connect button and a single server location. No server list, favorites, or speed test feature visible.",VPN app with only one server location and no speed test,True,tone: anxious | pace: slow | energy: low | pitch: flat | notable: monotone,Speaker sounds anxious when discussing the product,T+I+A,True,implicit,add a server browser with speed test and favorites,P5
TECH_0826,tech_software,The build quality of these wireless earbuds is impressive. The metallic finish feels premium.,True,Close-up of earbuds next to their charging case. The case LED shows a red low-battery indicator.,View of close-up photo showcasing high-quality materials used in the construction of the earbuds.,True,tone: annoyed | pace: normal | energy: medium | pitch: varied | notable: trailing_off,"The speaker's tone is casual, but they emphasize 'longer' with a slight upward inflection, showing mild frustration.",T+I+A,True,implicit,extend battery life,P5
TECH_0833,tech_software,The monitor's color accuracy is impressive. Every shade renders beautifully for my design work.,True,Screenshot showing color mode options with light and dark themes and some sliders.,A screenshot of an interface showing different color mode options and settings.,True,tone: anxious | pace: fast | energy: high | pitch: flat | notable: controlled_delivery,"The speaker speaks formally with a slight hint of impatience, focusing on the practical need for quick access to color modes, speaking with monotone inflection.",T+I+A,True,implicit,include a hotkey to quickly switch between color modes without having to go into the settings menu every time,P5
TECH_0843,tech_software,My robot vacuum avoids furniture with ease. It navigates around table legs and chair legs perfectly.,True,"A robot vacuum in a living room. It follows a single straight path across the floor, leaving visible uncleaned strips along the walls and corners.",Photo of the robot vacuum in action around a living room filled with furniture and decor.,True,tone: resigned | pace: fast | energy: medium | pitch: flat | notable: pauses,"Speaker's tone is warm but hopeful, suggesting additional features to improve user experience.",T+I+A,True,implicit,add more customization options for cleaning paths,P5
TECH_1028,tech_software,The screen recorder captures smooth video without any frame drops.,True,"A screen recorder control panel with start/stop buttons. No region selection, webcam overlay, or annotation tools visible.",Screen recorder without region selection or annotation,True,tone: concerned | pace: slow | energy: low | pitch: varied | notable: raised_volume,Speaker sounds concerned when discussing the product,T+I+A,True,implicit,add region selection and live annotation drawing tools,P5
TECH_0803,tech_software,The build quality of this VPN service's router is impressive. Solid metal casing and great signal range.,True,A black router with indicator lights. A thin quick-start pamphlet is next to it. No detailed manual or documentation booklet visible.,A photo of the router with its robust build quality and an arrow pointing towards the user manual.,True,tone: disappointed | pace: fast | energy: medium | pitch: rising | notable: monotone,"The speaker's tone is enthusiastic, with a slight note of frustration when mentioning 'detailed documentation'.",T+I+A,True,implicit,add more detailed documentation on how to set up advanced configurations,P5
TECH_0773,tech_software,The battery life of this gaming console is impressive. I've been playing for hours and the console keeps up well.,True,A person playing a handheld gaming console. The battery indicator on screen shows one bar remaining out of four.,Snapshot of gamer playing the console with a close-up showing battery levels.,True,tone: annoyed | pace: normal | energy: medium | pitch: flat | notable: trailing_off,"The speaker's tone is curious and enthusiastic about the current performance, but they express hope for longer-lasting power.",T+I+A,True,implicit,extend battery for longer gaming sessions,P5
TECH_1026,tech_software,This file manager is lightning fast. Moving files between folders is seamless and intuitive.,True,"A file manager showing files in list view. No preview pane, batch rename, or duplicate finder option visible.",File manager without preview pane or batch operations,True,tone: disappointed | pace: normal | energy: medium | pitch: falling | notable: hesitation,Speaker sounds disappointed when discussing the product,T+I+A,True,implicit,add preview pane and batch rename functionality,P5
TECH_0757,tech_software,The project management app is user-friendly and efficient. Our team adopted it last month for sprint planning.,True,"A screenshot of a task board with three fixed columns labeled 'To Do', 'In Progress', and 'Done'. No settings or configuration options visible.",A screenshot from the app showing default task board view without any customizations applied.,True,tone: frustrated | pace: normal | energy: high | pitch: falling | notable: hesitation,"The speaker's tone is steady and matter-of-fact, with emphasis on 'could add'.",T+I+A,True,implicit,add more customization options to better cater to individual team workflow preferences,P5
TECH_0793,tech_software,The smartwatch's connectivity with other devices is seamless. Notifications come through instantly.,True,A smartwatch next to a smartphone. The watch screen shows a sync icon with a progress bar stuck at 40%. A 'Manual sync required' prompt is visible.,Snapshot of photo of the smartwatch paired with a smartphone,True,tone: anxious | pace: slow | energy: high | pitch: rising | notable: monotone,"Speaker's tone is enthusiastic and encouraging, with a slight pause before 'without'",T+I+A,True,implicit,add a feature for automatic syncing without the need for manual intervention,P5
TECH_0822,tech_software,The streaming device is a game-changer for family movie nights. Picture quality is outstanding.,True,"Screen capture of an audio settings panel with only a master volume slider. No equalizer, bass, treble, or surround options visible.",Frame showing annotated screenshot showing audio settings with red arrows pointing out limited options.,True,tone: resigned | pace: fast | energy: medium | pitch: flat | notable: hesitation,"The speaker is casual and laid-back but emphasizes 'customizable' audibly, hinting at an annoyance about the current lack of options, spoken with frustrated emphasis.",T+I+A,True,implicit,improve audio settings to be more customizable,P5
TECH_1022,tech_software,The photo organizer imports thousands of images without slowing down. The interface is clean.,True,"A photo library showing thumbnails in a grid. No face detection, location map, or smart album feature visible.",Photo library without face detection or location mapping,True,tone: annoyed | pace: slow | energy: low | pitch: falling | notable: pauses,Speaker sounds annoyed when discussing the product,T+I+A,True,implicit,add face recognition and location-based smart albums,P5
TECH_1010,tech_software,This code editor runs smoothly even with large files. Auto-save has saved me many times.,True,"A code editor interface showing a single open file. No split view, terminal panel, or extension sidebar visible.",Code editor with minimal layout and no split view,True,tone: disappointed | pace: slow | energy: low | pitch: falling | notable: hesitation,Speaker sounds disappointed when discussing the product,T+I+A,True,implicit,add split view and integrated terminal panel,P5
TECH_0753,tech_software,The portable charger is fantastic in terms of capacity. It keeps my phone going all day during travel.,True,A photo of a portable charger with a single USB-A port and one short cable. No additional adapters visible in the box.,Display showing photo showing a user trying to plug a different type of charging cord into the portable charger's limited port selection.,True,tone: frustrated | pace: slow | energy: medium | pitch: varied | notable: hesitation,"The speaker’s voice tone is slightly irritated, with an emphasis on 'should come'.",T+I+A,True,implicit,include more adapter options so I don't have to carry extra cords all the time,P5
TECH_1004,tech_software,The smartwatch pairs instantly with my phone. Notifications come through without delay.,True,"A smartwatch face showing time and steps. No weather widget, calendar, or customizable complications visible.",Smartwatch with minimal non-customizable watch face,True,tone: concerned | pace: slow | energy: low | pitch: varied | notable: raised_volume,Speaker sounds concerned when discussing the product,T+I+A,True,implicit,add customizable widgets and complications to watch faces,P5
TECH_1023,tech_software,This DAW records crystal clear audio. MIDI editing is precise and responsive.,True,"A DAW interface showing a single audio track. No mixer panel, effects rack, or plugin browser visible.",DAW with single track view and no mixer or effects,True,tone: irritated | pace: normal | energy: medium | pitch: rising | notable: vocal_fry,Speaker sounds irritated when discussing the product,T+I+A,True,implicit,add mixer panel and effects rack for multi-track production,P5
TECH_0830,tech_software,The collaboration features of this app are solid. File sharing works instantly across the team.,True,Screen capture of a comment panel with timestamps. Comments are posted but no reply threads or real-time typing indicators visible.,Frame showing screenshot highlighting the existing chat options with arrows pointing out lack of real-time feedback tools.,True,tone: annoyed | pace: fast | energy: medium | pitch: flat | notable: none,"The speaker's tone is thoughtful, slowing down when mentioning 'real-time commenting and feedback' to emphasize the importance of this suggestion.",T+I+A,True,implicit,add real-time commenting and feedback options,P5
TECH_1015,tech_software,This email client loads fast and handles large attachments without issues.,True,"An email compose window with basic formatting: bold, italic, underline. No templates, scheduling, or read receipt options visible.",Email compose with basic formatting only,True,tone: irritated | pace: fast | energy: high | pitch: rising | notable: vocal_fry,Speaker sounds irritated when discussing the product,T+I+A,True,implicit,add email templates and send scheduling features,P5
TECH_1029,tech_software,This antivirus catches threats before they can do damage. Real-time protection is solid.,True,"An antivirus dashboard showing scan results. No scheduled scan option, quarantine manager, or firewall settings visible.",Antivirus without scheduled scans or quarantine management,True,tone: anxious | pace: normal | energy: medium | pitch: flat | notable: monotone,Speaker sounds anxious when discussing the product,T+I+A,True,implicit,add scheduled scan configuration and quarantine manager,P5
TECH_0776,tech_software,The note-taking app is fantastic for organizing my lecture notes. Clean interface and fast search.,True,Display showing a document with two user icons at the top. Edit timestamps show a five-minute gap between changes from different users.,Screenshot of the collaboration interface with highlighted areas that need improvement.,True,tone: disappointed | pace: slow | energy: high | pitch: rising | notable: hesitation,"The speaker's tone is hopeful and constructive, with emphasis on the potential for enhanced collaboration tools.",T+I+A,True,implicit,integrate more advanced collaboration features like real-time co-editing,P5
TECH_0763,tech_software,This music streaming app is my go-to for discovering new artists. The recommendations are surprisingly accurate.,True,"A phone screen displays a music app mid-playback with a large banner ad covering the lower third of the screen, overlapping the playback controls.",Frame showing photo of a user's phone screen with the app open and displaying various playlists and album covers.,True,tone: disappointed | pace: fast | energy: medium | pitch: flat | notable: pauses,The speaker is casual and enthusiastic but frustrated by the lack of ad-free options in the free version.,T+I+A,True,implicit,"improve app had an option to filter out ads on the free version, though",P5
TECH_0847,tech_software,The note-taking app is really useful. I use it for meeting minutes and project brainstorms daily.,True,"A screenshot of a note-taking app with a math equation written in plain text. No formula rendering, equation toolbar, or LaTeX support visible.",Screenshot of the note-taking interface showing basic text and formatting options without math notation.,True,tone: resigned | pace: normal | energy: medium | pitch: falling | notable: trailing_off,"Speaker’s voice conveys excitement and a slight sense of wonder, imagining how new features could enhance the app, delivered in a animated tone.",T+I+A,True,implicit,add a built-in math formula editor – that’d be incredibly handy,P5
TECH_0784,tech_software,The cloud storage service has a user-friendly interface. Sharing files with clients is seamless and fast.,True,Display showing a cloud storage app interface with files and folders. The design appears clean and organized.,"Screenshot showing screenshot of the cloud storage app with various files and folders clearly visible, highlighting the simplicity of its design.",True,tone: frustrated | pace: normal | energy: medium | pitch: varied | notable: controlled_delivery,"The speaker's voice is calm but curious, expressing a desire for additional functionality in an informative tone.",T+I+A,True,implicit,improve by adding more granular permission settings for shared folders,P7
TECH_1033,tech_software,The smartwatch tracks my workouts accurately. Heart rate monitoring is spot on.,True,A smartwatch on a wrist showing the time and a fitness ring display.,Photo of smartwatch in normal use,True,tone: frustrated | pace: fast | energy: medium | pitch: rising | notable: controlled_delivery,Speaker expresses frustrated about smartwatch,T+I+A,True,implicit,improve third-party app loading speed on the watch,P7
TECH_1048,tech_software,This printer produces professional quality documents. Setup was straightforward.,True,A printer on a desk with neat paper stacks beside it.,Photo of printer in normal use,True,tone: frustrated | pace: normal | energy: medium | pitch: varied | notable: pauses,Speaker expresses frustrated about printer,T+I+A,True,implicit,add mobile printing support without requiring a computer,P7
TECH_1037,tech_software,This keyboard feels amazing to type on. The tactile feedback improves my typing speed.,True,A mechanical keyboard with RGB lighting on a desk mat. Keycaps are clean and legends are sharp.,Photo of mechanical keyboard in normal use,True,tone: disappointed | pace: slow | energy: low | pitch: falling | notable: monotone,Speaker expresses disappointed about mechanical keyboard,T+I+A,True,implicit,include a detachable wrist rest for ergonomic support,P7
TECH_0788,tech_software,The laptop is powerful and portable. The display is gorgeous and the keyboard feels premium.,True,"A laptop is being used at an outdoor cafe, displaying a 3D rendering program on the screen.","Picture showing picture of the laptop in use at an outdoor cafe, with its screen showing 3D rendering software.",True,tone: anxious | pace: fast | energy: medium | pitch: varied | notable: controlled_delivery,"The speaker’s voice is energetic and enthusiastic but frustrated about battery life issues, ending on a hopeful note for future improvements.",T+I+A,True,implicit,increase battery capacity,P7
TECH_0814,tech_software,The smart thermostat's interface is easy to navigate. The energy savings on my monthly bill have been noticeable.,True,"The image shows two phone screens side-by-side, comparing an older interface to a new onboarding page with step highlights and an FAQ icon.",Comparison images showing the old simple setup interface versus the proposed new user-friendly onboarding page with highlighted steps and an FAQ icon.,True,tone: anxious | pace: normal | energy: medium | pitch: varied | notable: raised_volume,"Slightly impatient tone, emphasizing on the lack of detailed instructions in the current onboarding process.",T+I+A,True,implicit,provide more detailed onboarding process,P7
TECH_1057,tech_software,The air purifier runs silently. Air quality has noticeably improved since installation.,True,An air purifier in a living room corner. The device shows a green air quality indicator.,Photo of air purifier in normal use,True,tone: disappointed | pace: slow | energy: low | pitch: falling | notable: trailing_off,Speaker expresses disappointed about air purifier,T+I+A,True,implicit,add a filter replacement reminder with estimated remaining life,P7
TECH_1046,tech_software,The dash cam records in crystal clear quality. Night vision mode captures everything.,True,A dash cam mounted on a windshield showing a clear daytime road view.,Photo of dash cam in normal use,True,tone: anxious | pace: slow | energy: low | pitch: falling | notable: hesitation,Speaker expresses anxious about dash cam,T+I+A,True,implicit,add GPS logging to tag footage with location data,P7
TECH_1042,tech_software,This cloud IDE lets me code from anywhere. Collaboration features work smoothly.,True,A browser showing a cloud IDE with code and a file tree. The interface looks clean.,Photo of cloud IDE in normal use,True,tone: resigned | pace: normal | energy: low | pitch: flat | notable: hesitation,Speaker expresses resigned about cloud IDE,T+I+A,True,implicit,add offline mode for working without internet connectivity,P7
TECH_1053,tech_software,The digital pen captures every stroke accurately. Integration with note apps is seamless.,True,A digital pen on a tablet with handwritten notes visible. The writing looks clean.,Photo of digital pen in normal use,True,tone: resigned | pace: slow | energy: low | pitch: flat | notable: monotone,Speaker expresses resigned about digital pen,T+I+A,True,implicit,improve palm rejection accuracy during extended writing sessions,P7
TECH_1038,tech_software,The webcam delivers sharp video quality for all my meetings. Auto-focus is reliable.,True,"A webcam mounted on top of a monitor, with a clean background behind it.",Photo of webcam in normal use,True,tone: anxious | pace: normal | energy: medium | pitch: varied | notable: trailing_off,Speaker expresses anxious about webcam,T+I+A,True,implicit,add a physical privacy shutter to the webcam,P7
TECH_0818,tech_software,The smartphone's performance is impressive. The camera and display quality alone make it worth the price.,True,A screenshot of data security settings with a blank section below.,The screen shows screenshot of the current data security settings compared with an empty section where future encryption features might be added.,True,tone: frustrated | pace: slow | energy: low | pitch: falling | notable: pauses,"Formal tone, emphasizing on improved data protection and user privacy needs.",T+I+A,True,implicit,"add more robust on-device data protection features, include advanced encryption options to ensure user privacy",P7
TECH_1054,tech_software,This portable monitor is perfect for dual-screen productivity on the go.,True,"A portable monitor next to a laptop, both showing content. The setup looks compact.",Photo of portable monitor in normal use,True,tone: irritated | pace: normal | energy: medium | pitch: varied | notable: pauses,Speaker expresses irritated about portable monitor,T+I+A,True,implicit,add built-in speakers to avoid carrying external audio,P7
TECH_1032,tech_software,This tablet is wonderfully lightweight. Reading ebooks on it is a pleasure.,True,A tablet propped up on a stand showing a video playing smoothly.,Photo of tablet in normal use,True,tone: annoyed | pace: normal | energy: medium | pitch: varied | notable: hesitation,Speaker expresses annoyed about tablet,T+I+A,True,implicit,add multi-window support for better multitasking,P7
TECH_1031,tech_software,The smartphone camera produces stunning portraits. Low-light photography is surprisingly good.,True,A smartphone on a table showing the home screen with app icons arranged neatly.,Photo of smartphone in normal use,True,tone: disappointed | pace: slow | energy: low | pitch: falling | notable: trailing_off,Speaker expresses disappointed about smartphone,T+I+A,True,implicit,extend software update support beyond two years,P7
TECH_1059,tech_software,The temperature sensor readings are accurate to the decimal. Smart home integration works perfectly.,True,A temperature sensor mounted on a wall showing the current reading.,Photo of temperature sensor in normal use,True,tone: annoyed | pace: fast | energy: medium | pitch: varied | notable: raised_volume,Speaker expresses annoyed about temperature sensor,T+I+A,True,implicit,add humidity monitoring capability alongside temperature,P7
TECH_1035,tech_software,The gaming console loads games incredibly fast. Graphics are stunning on my TV.,True,A gaming console setup under a TV with controllers arranged neatly on a shelf.,Photo of gaming console in normal use,True,tone: irritated | pace: fast | energy: high | pitch: rising | notable: raised_volume,Speaker expresses irritated about gaming console,T+I+A,True,implicit,reduce system update download sizes and frequency,P7
TECH_0754,tech_software,The antivirus software does a stellar job at protecting my system. I haven't had a single threat get through in over a year.,True,A screenshot of a software setup wizard with several options and small text labels.,Capture of screenshot of the software’s complex setup wizard with minimal explanatory notes.,True,tone: angry | pace: slow | energy: low | pitch: falling | notable: raised_volume,"The speaker sounds hesitant and uncertain, particularly when describing 'non-technical users'.",T+I+A,True,implicit,provide clearer documentation for non-technical users like myself,P7
TECH_1044,tech_software,The streaming service has an incredible content library. Recommendations are spot on.,True,A TV showing a streaming app home page with rows of content thumbnails.,Photo of streaming service in normal use,True,tone: concerned | pace: normal | energy: medium | pitch: rising | notable: trailing_off,Speaker expresses concerned about streaming service,T+I+A,True,implicit,add user profiles with individual watch histories and preferences,P7
TECH_1034,tech_software,These wireless earbuds are comfortable even after hours of wearing. Sound isolation is excellent.,True,"A pair of earbuds in their charging case with the lid open, sitting on a desk.",Photo of wireless earbuds in normal use,True,tone: resigned | pace: slow | energy: low | pitch: flat | notable: trailing_off,Speaker expresses resigned about wireless earbuds,T+I+A,True,implicit,add an in-ear detection feature to auto-pause playback,P7
TECH_1051,tech_software,The mesh wifi eliminates all dead zones in my house. Setup was incredibly easy.,True,A mesh wifi node on a shelf with a solid white light indicating good connection.,Photo of mesh wifi system in normal use,True,tone: disappointed | pace: normal | energy: low | pitch: falling | notable: trailing_off,Speaker expresses disappointed about mesh wifi system,T+I+A,True,implicit,add a dedicated backhaul channel for better performance,P7
TECH_0824,tech_software,This antivirus software's performance in detecting threats is outstanding.,True,"A screen displaying a user interface with various buttons and text fields, lacking prominent labels.",Display showing screenshot of a confusing UI that lacks clear labeling and guidance.,True,tone: disappointed | pace: normal | energy: medium | pitch: rising | notable: controlled_delivery,"The speaker's tone is formal yet friendly, with a slight pause before 'intuitive for non-tech users,' indicating thoughtfulness about the suggestion.",T+I+A,True,implicit,make user interface more intuitive,P7
TECH_0758,tech_software,The wireless earbuds have stellar sound quality and are easy to use.,True,The image shows a wireless earbud charging case with a red indicator light.,Snapshot of photo of the earbud case with its built-in charger showing low battery status.,True,tone: disappointed | pace: normal | energy: medium | pitch: falling | notable: none,"The speaker sounds disappointed and stressed, particularly on 'quickly', voice carries animated undertones.",T+I+A,True,implicit,extend charging case battery life,P7
TECH_1043,tech_software,The robot vacuum navigates around furniture perfectly. Scheduling through the app is easy.,True,A robot vacuum docked at its charging station in a clean living room.,Photo of robot vacuum in normal use,True,tone: frustrated | pace: fast | energy: high | pitch: varied | notable: raised_volume,Speaker expresses frustrated about robot vacuum,T+I+A,True,implicit,add a mop attachment option for hard floor cleaning,P7
TECH_0764,tech_software,The portable charger is compact and charges devices quickly.,True,A portable charger is on a white surface with its box visible in the background.,A photo of an unboxed portable charger on a white background with its packaging in the background.,True,tone: annoyed | pace: slow | energy: low | pitch: falling | notable: hesitation,"The speaker's tone is matter-of-fact, highlighting both positive features and potential improvements.",T+I+A,True,implicit,add a feature that could display the remaining charge time which would be very useful,P7
TECH_1058,tech_software,This drone captures breathtaking aerial footage. Flight stability is impressive.,True,A drone on a landing pad with its controller beside it. Both look well-maintained.,Photo of drone in normal use,True,tone: concerned | pace: normal | energy: medium | pitch: rising | notable: controlled_delivery,Speaker expresses concerned about drone,T+I+A,True,implicit,add a return-to-home altitude setting for obstacle-heavy areas,P7
TECH_0834,tech_software,The smart thermostat is really easy to use. The scheduling feature works perfectly with my morning routine.,True,The image shows an infographic comparing temperature settings and energy usage with charts and icons.,Visual of infographic showing a comparison of various temperature settings and their effects on energy consumption.,True,tone: anxious | pace: slow | energy: low | pitch: falling | notable: controlled_delivery,"The speaker has an enthusiastic tone, with a hint of excitement about the prospect of more customization options.",T+I+A,True,implicit,add more customization options for temperature schedules so that I can program different routines based on my daily schedule,P7
TECH_1055,tech_software,The USB-C hub works with all my devices. Build quality feels premium.,True,A USB-C hub connected to a laptop with multiple peripherals plugged in neatly.,Photo of USB-C hub in normal use,True,tone: anxious | pace: fast | energy: medium | pitch: rising | notable: trailing_off,Speaker expresses anxious about USB-C hub,T+I+A,True,implicit,add an ethernet port for stable wired connections,P7
TECH_0838,tech_software,The webcams’s video quality is stellar. Video calls with clients always look sharp and professional.,True,Display showing a webcam interface with motion detection controls and settings options.,A screenshot of the webcam's interface showing motion detection settings and options.,True,tone: irritated | pace: normal | energy: medium | pitch: flat | notable: raised_volume,"The speaker talks in a slightly frustrated tone, emphasizing the need for clearer documentation on setting up motion detection features.",T+I+A,True,implicit,provide a clearer guide or tutorial for setting up motion detection features,P7
TECH_0910,tech_software,"- The mechanical keyboard's sound is satisfying. - However, it could be quieter during early mornings without the need to adjust volume settings every time I start typing.",True,Screenshot showing settings with arrows and volume adjustment options.,Annotated screenshot of settings with arrows pointing towards volume adjustment for specific times,True,tone: frustrated | pace: normal | energy: medium | pitch: flat | notable: controlled_delivery,"Narrative tone, slightly frustrated by the need to repeatedly change volume settings",T+I+A,True,explicit,reduce noise levels of mechanical keyboards for early morning use,P4
TECH_0851,tech_software,"As a content creator, the video conferencing tool's interface is clean and simple. But during busy hours, I've noticed significant lag when multiple participants join.",True,Screenshot showing a video call with red circles highlighting areas of latency.,Screenshot of the video call screen with latency issues marked in red circles.,True,tone: frustrated | pace: normal | energy: medium | pitch: varied | notable: none,"Casual tone, slight frustration during a busy period description.",T+I+A,True,implicit,improve tool's performance under high traffic conditions,P4
TECH_0866,tech_software,"The photo editor’s new version looks sleek, but I’m still learning how to navigate the updated interface. It feels much different from before.",True,"The image shows a split-screen comparison of two photo editing interfaces. The left side appears older with more icons, while the right side is a cleaner, modern design.","Display showing comparison photo showing the old and new interfaces of a photo editing software, side-by-side.",True,tone: neutral | pace: normal | energy: medium | pitch: varied | notable: hesitation,"The speaker's tone is curious but slightly hesitant, with an emphasis on adapting to changes.",T+I+A,True,implicit,provide a smooth transition guide for users when updating photo editor interfaces to maintain usability,P4
TECH_0876,tech_software,"Using this note-taking app has made organizing my ideas much easier, but I can't help feeling that the search function could be more robust. Sometimes it feels like searching for a needle in a haystack.",True,A screenshot of a mobile app search bar displaying a list of results.,Photograph showing screenshot of the app's search bar returning too many irrelevant results.,True,tone: frustrated | pace: normal | energy: medium | pitch: flat | notable: controlled_delivery,"Measured tone, with slightly frustrated emphasis on 'search function,' hinting at room for improvement in search functionality.",T+I+A,True,explicit,improve robustness and accuracy of the search function,P4
TECH_0882,tech_software,"The onboarding process for this database tool could be smoother. It took me a while to figure out how to set up my first project, but once done, it works like a charm.",True,Screenshot showing a database setup screen with multiple settings and input fields.,Image depicting screenshot of the database tool's initial setup screen with various settings and options.,True,tone: enthusiastic | pace: fast | energy: medium | pitch: varied | notable: none,The speaker begins slightly frustrated but becomes enthusiastic toward the end.,T+I+A,True,explicit,simplify and streamline the onboarding process,P4
TECH_0862,tech_software,"The monitor display is beautiful when viewing movies and photos, but my eyes get tired quickly while coding or working with text files. The contrast settings could use some tweaking for this kind of work.",True,"The image shows a monitor split into two sections, one displaying a movie and the other with a code editor.",View of comparison photo showing the monitor displaying a movie scene and then switching to an open code editor window.,True,tone: resigned | pace: slow | energy: low | pitch: flat | notable: trailing_off,"The speaker speaks slowly and thoughtfully, with a hint of fatigue in their voice, voice carries resigned undertones.",T+I+A,True,explicit,optimize monitor contrast settings for extended use on text-heavy interfaces to reduce eye strain,P4
TECH_0880,tech_software,"After the onboarding process, everything seemed intuitive. But when it came to actually using some advanced features, I found myself needing a quick reference guide or tutorial more often than not.",True,Screenshot showing an app interface with a help menu and user manual visible.,View of screenshot of an app's interface with the help menu and user manual open in the background.,True,tone: disappointed | pace: normal | energy: medium | pitch: falling | notable: trailing_off,"Inquisitive tone, with a hint of disappointment, emphasizing 'quick reference guide,' indicating better tutorials are needed for advanced features.",T+I+A,True,implicit,provide more detailed tutorial support for using advanced features,P4
TECH_0902,tech_software,Why do I need to update the smartwatch software so often? It's always interrupting my workouts with a notification that it needs an upgrade.,True,The image shows a timeline infographic with workout routines and update notifications.,Infographic showing timeline of multiple update notifications across various workout routines,True,tone: angry | pace: fast | energy: high | pitch: rising | notable: raised_volume,"Angry emphasis on the word 'often', impatient tone",T+I+A,True,explicit,reduce unnecessary software update interruptions during usage,P4
TECH_0896,tech_software,"As a gamer, I'm blown away by how this laptop handles graphics and gaming loads. But my only gripe is that it's so heavy; I can't even move it from room to room without needing a break.",True,A laptop is shown next to several smaller tech devices. The laptop appears heavier and more substantial in comparison.,The screen shows photo of the laptop with its heavy design highlighted against other lighter tech devices.,True,tone: resigned | pace: normal | energy: low | pitch: falling | notable: trailing_off,"The speaker starts off positively but sounds more tired and weary when talking about the weight issue, spoken with hesitant emphasis.",T+I+A,True,implicit,decrease the weight of gaming laptops,P4
TECH_0912,tech_software,"This CI/CD platform’s interface is incredibly intuitive, but I spend way too much time trying to find the right documentation. It’s just not as easy to navigate as it could be.",True,The image shows two side-by-side views of a dashboard interface with updated navigation menus.,"Photo of comparison of the previous and current versions of the platform's dashboard interface, highlighting navigation changes.",True,tone: enthusiastic | pace: normal | energy: medium | pitch: varied | notable: none,The speaker’s tone is enthusiastic about the user interface but exhibits a hint of frustration when discussing the documentation issue.,T+I+A,True,explicit,improve navigation and organization of platform's documentation,P4
TECH_0856,tech_software,"Love the webcam's picture quality, but it would be amazing if there was a quick setup guide for beginners.",True,Screenshot showing webcam settings with red arrows pointing to different options.,Screenshot of webcam settings panel with red arrows marking areas that could use clearer guidance.,True,tone: neutral | pace: normal | energy: medium | pitch: varied | notable: none,Casual tone with an eager pitch on the need for a guide,T+I+A,True,explicit,"provide a more intuitive setup guide, especially for new users",P4
TECH_0863,tech_software,"-The graphics card works great with the latest games but heats up quickly, which is concerning. -I had to install a new cooling fan just to keep it running smoothly.",True,A gaming computer with several fans and heat sinks visible on the graphics card.,A photo of a gaming rig with multiple heat sinks and fans attached to the graphics card.,True,tone: anxious | pace: fast | energy: medium | pitch: varied | notable: trailing_off,"The tone is enthusiastic but concerned, with an emphasis on the cooling issues.",T+I+A,True,implicit,improve cooling efficiency in graphics cards to reduce overheating during high-performance tasks,P6
TECH_0897,tech_software,"This cloud storage service is great for backups, but I always struggle to find what I need when it's cluttered. Better search filters and organization would be a huge help!",True,Screenshot showing a list of backup files with file names and dates. The interface has a light background.,Photograph showing screenshot of the user interface showing various backup files without clear categorization.,True,tone: frustrated | pace: normal | energy: medium | pitch: varied | notable: none,"The speaker sounds slightly frustrated while discussing clutter and mentions desire for improved search functionality positively, with enthusiasm.",T+I+A,True,implicit,improve search filters and organization features in cloud storage services,P6
TECH_0893,tech_software,"I love how easy this smart thermostat is to install, but why do I need to reboot it every time the temperature drops outside? Quite annoying really!",True,Screenshot showing a settings menu with temperature controls and a reset button option.,A screenshot of the settings menu highlighting the temperature controls and a reset button.,True,tone: disappointed | pace: normal | energy: low | pitch: falling | notable: trailing_off,"The speaker sounds disappointed, with a slightly exasperated tone at the end of the sentence.",T+I+A,True,explicit,improve stability without needing to reboot for temperature changes in smart thermostats,P6
TECH_0867,tech_software,"The streaming device connects without issues, but sometimes the video buffers even with high-speed internet. It’s frustrating to have to pause and wait.",True,A TV screen displays a buffering icon and message next to a small streaming device.,A photo of a streaming device displaying a buffering message on a TV screen next to it.,True,tone: frustrated | pace: normal | energy: medium | pitch: varied | notable: raised_volume,"The speaker sounds frustrated, with an exasperated tone when mentioning the buffering issue.",T+I+A,True,explicit,improve streaming performance to reduce video buffer interruptions even on high-speed internet connections,P6
TECH_0852,tech_software,"The design tool's export options are great, but I often find myself using third-party converters to get them into a more compatible format.",True,The image shows a side-by-side comparison infographic with text and icons.,Infographic comparing the current and desired formats side by side.,True,tone: enthusiastic | pace: fast | energy: high | pitch: varied | notable: none,"Enthusiastic pitch, with emphasis on the compatibility issue at 1:30 into recording.",T+I+A,True,implicit,expand export options to include more compatible formats natively,P6
TECH_0903,tech_software,"- Build quality is top-notch with the monitor. - Brightness adjustments could be finer grained, though I rarely use it at max.",True,Screenshot showing a slider for brightness adjustment.,Annotated screenshot showing brightness control slider,True,tone: neutral | pace: normal | energy: medium | pitch: varied | notable: none,"Narrative tone, speaking with a mix of enthusiasm and mild frustration as he explains the pros and cons",T+I+A,True,explicit,improve brightness control granularity for finer adjustments,P6
TECH_0916,tech_software,"I love how accessible the email client is for my kids, but I keep wishing it was a bit more cost-effective. A smaller price tag would make it a no-brainer.",True,The image shows an infographic comparing features and pricing of different email clients.,Visual of infographic detailing the features of the email client compared to its pricing against competitors.,True,tone: neutral | pace: normal | energy: medium | pitch: flat | notable: none,"The speaker speaks in a friendly, parent-centric tone while discussing cost effectiveness issues.",T+I+A,True,explicit,make email client more affordable for casual users,P6
TECH_0883,tech_software,"This laptop's display quality is stunning, but sometimes it's a bit too sensitive to accidental touches. It can be quite disruptive during presentations.",True,"A laptop is being used during a presentation, with fingers touching the screen.",Capture of photo of the laptop being used in a presentation setting with fingers tapping the screen accidentally.,True,tone: frustrated | pace: normal | energy: medium | pitch: flat | notable: controlled_delivery,"The speaker's tone is slightly annoyed but not angry, emphasis on 'disruptive'.",T+I+A,True,implicit,improve touch sensitivity settings,P6
TECH_1084,tech_software,The calendar keeps my schedule perfectly organized. Reminders arrive right on time.,True,"A calendar showing events. All events show as solid color blocks with no travel time, buffer, or preparation time indicators.",Screenshot showing calendar app issue,True,tone: disappointed | pace: slow | energy: low | pitch: falling | notable: monotone,Speaker sounds disappointed about calendar app,T+I+A,True,implicit,add automatic travel time and buffer period between events,P8
TECH_0908,tech_software,The build quality of this monitor is solid. The stand is sturdy and the bezels are thin.,True,A screenshot of a settings panel with labels and text descriptions.,Screenshot of a hidden settings panel with annotations explaining key functionalities,True,tone: frustrated | pace: slow | energy: low | pitch: falling | notable: trailing_off,"Formal tone, slightly annoyed by the confusion around accessing certain features",T+I+A,True,implicit,make user documentation more accessible and straightforward,P8
TECH_1075,tech_software,The project app keeps our sprints on track. Kanban boards are clean and intuitive.,True,"A project dashboard showing team members. No workload heatmap, capacity indicator, or burnout risk metric visible.",Screenshot showing project management app issue,True,tone: disappointed | pace: normal | energy: low | pitch: falling | notable: monotone,Speaker sounds disappointed about project management app,T+I+A,True,implicit,add team workload heatmap and capacity planning indicators,P8
TECH_1078,tech_software,The video editor handles 4K footage without lag. Color grading tools are professional.,True,"A video export screen showing only MP4 and MOV format options. No GIF, WebM, or social media preset exports visible.",Screenshot showing video editor issue,True,tone: frustrated | pace: fast | energy: high | pitch: rising | notable: raised_volume,Speaker sounds frustrated about video editor,T+I+A,True,implicit,add more export formats including GIF and social media presets,P8
TECH_0878,tech_software,The VPN service keeps my data secure. Connection speeds are solid across all servers.,True,Display showing an error message with a network connection icon and a button labeled 'Retry'.,View of screenshot of an error message showing a lost network connection while using the app.,True,tone: angry | pace: normal | energy: medium | pitch: varied | notable: none,"Frustrated tone with emphasis on 'drops the connection' and 'inopportune moments,' highlighting the connectivity issue.",T+I+A,True,implicit,ensure stable and continuous network connections during use,P8
TECH_1067,tech_software,This mouse glides effortlessly. The sensor tracks perfectly on any surface.,True,A mouse software showing button mapping. The side buttons are mapped but the scroll wheel click and tilt functions show 'Not configurable'.,Screenshot showing gaming mouse issue,True,tone: irritated | pace: fast | energy: high | pitch: rising | notable: raised_volume,Speaker sounds irritated about gaming mouse,T+I+A,True,implicit,allow scroll wheel click and tilt function customization,P8
TECH_1080,tech_software,This spreadsheet handles massive datasets effortlessly. Formula performance is excellent.,True,"A spreadsheet showing a data table. No data validation dropdown, input restriction, or cell protection options in the toolbar.",Screenshot showing spreadsheet app issue,True,tone: disappointed | pace: normal | energy: medium | pitch: falling | notable: trailing_off,Speaker sounds disappointed about spreadsheet app,T+I+A,True,implicit,add data validation rules and cell protection for shared workbooks,P8
TECH_0884,tech_software,"When I'm traveling, the portability of this webcam is great. It fits perfectly in my laptop bag and the video quality is solid.",True,"A small microSD card is next to a webcam, with a card slot visible on the webcam.",A photo of a small microSD card next to the webcam with emphasis on the small card slot.,True,tone: frustrated | pace: normal | energy: medium | pitch: flat | notable: trailing_off,"The speaker sounds thoughtful but slightly irritated, particularly when mentioning 'tiny memory card', voice carries flat undertones.",T+I+A,True,implicit,design a more secure and user-friendly microSD slot,P8
TECH_1072,tech_software,The VPN protects my privacy on public networks. I feel secure browsing anywhere.,True,A VPN app showing connection logs. All logs show timestamps but no data usage per session or bandwidth consumption visible.,Screenshot showing VPN service issue,True,tone: concerned | pace: normal | energy: medium | pitch: rising | notable: hesitation,Speaker sounds concerned about VPN service,T+I+A,True,implicit,add per-session data usage tracking and bandwidth monitoring,P8
TECH_1083,tech_software,The database tool executes complex queries lightning fast. Connection management is solid.,True,"A database interface showing table schema. No auto-migration, schema diff, or rollback feature visible in the tools menu.",Screenshot showing database tool issue,True,tone: frustrated | pace: normal | energy: medium | pitch: flat | notable: hesitation,Speaker sounds frustrated about database tool,T+I+A,True,implicit,add schema migration tools with diff comparison and rollback,P8
TECH_1096,tech_software,This recipe app has thousands of curated dishes. Step-by-step instructions are clear.,True,"A recipe app showing a recipe list. No meal planning calendar, shopping list generator, or nutritional information visible.",Screenshot showing recipe app issue,True,tone: irritated | pace: fast | energy: high | pitch: rising | notable: raised_volume,Speaker sounds irritated about recipe app,T+I+A,True,implicit,add meal planning with automatic shopping list generation,P8
TECH_1068,tech_software,The smart TV brings movies to life. Sound from the built-in speakers fills the room.,True,A TV app store showing available apps. Popular streaming apps are listed but no ad-blocker or browser app is available.,Screenshot showing smart TV issue,True,tone: resigned | pace: normal | energy: low | pitch: flat | notable: monotone,Speaker sounds resigned about smart TV,T+I+A,True,implicit,add a web browser app to the TV app store,P8
TECH_1094,tech_software,This drawing app is intuitive and responsive. Colors are vibrant on screen.,True,"A drawing app showing a canvas with a basic toolbar. No symmetry tool, perspective grid, or reference image import visible.",Screenshot showing drawing app issue,True,tone: resigned | pace: normal | energy: low | pitch: flat | notable: controlled_delivery,Speaker sounds resigned about drawing app,T+I+A,True,implicit,add symmetry tools and perspective grid for professional illustration,P8
TECH_1071,tech_software,This portable speaker is my travel essential. Music sounds great even outdoors.,True,A speaker showing a single aux port and micro-USB charging. No USB-C port or wireless charging pad visible on the device.,Screenshot showing portable speaker issue,True,tone: annoyed | pace: fast | energy: medium | pitch: rising | notable: pauses,Speaker sounds annoyed about portable speaker,T+I+A,True,implicit,upgrade to USB-C charging and add wireless charging support,P8
TECH_1082,tech_software,This DAW produces studio-quality sound. Plugin support is extensive.,True,"A DAW showing a project with multiple tracks. No cloud save, version history, or collaboration invite option visible.",Screenshot showing music production app issue,True,tone: anxious | pace: normal | energy: medium | pitch: varied | notable: trailing_off,Speaker sounds anxious about music production app,T+I+A,True,implicit,add cloud project saving with version history and collaboration,P8
TECH_1073,tech_software,Cloud storage keeps all my files safe and accessible. Sharing links work perfectly.,True,A cloud storage interface showing shared files. All shared links show 'Anyone with link' access with no expiration date or password option.,Screenshot showing cloud storage issue,True,tone: anxious | pace: slow | energy: low | pitch: varied | notable: trailing_off,Speaker sounds anxious about cloud storage,T+I+A,True,implicit,add link expiration dates and password protection for shared files,P8
TECH_1093,tech_software,The podcast app has a clean interface. Playback controls are responsive.,True,"A podcast app showing a playlist. No sleep timer, playback speed control, or chapter navigation visible.",Screenshot showing podcast app issue,True,tone: disappointed | pace: slow | energy: low | pitch: falling | notable: hesitation,Speaker sounds disappointed about podcast app,T+I+A,True,implicit,add sleep timer and variable playback speed controls,P8
TECH_1062,tech_software,This tablet is wonderful for media consumption. The speakers are loud and clear.,True,A tablet screen showing a drawing app with only basic brushes. No pressure sensitivity settings or layer panel visible.,Screenshot showing tablet issue,True,tone: disappointed | pace: slow | energy: low | pitch: falling | notable: hesitation,Speaker sounds disappointed about tablet,T+I+A,True,implicit,add pressure sensitivity controls and layer support for artists,P8
TECH_0898,tech_software,The IDE plugin has transformed my coding workflow. Autocomplete and linting are top-notch.,True,A screenshot of a code editor with some visible glitches and distortion.,A screenshot showing lag during coding after an update.,True,tone: frustrated | pace: fast | energy: medium | pitch: rising | notable: raised_volume,"The speaker sounds frustrated and impatient, with a hint of urgency in their questioning.",T+I+A,True,implicit,improve performance after updates for IDE plugins,P8
TECH_1095,tech_software,The budget tracker categorizes expenses automatically. Monthly reports are clear.,True,"A budget app showing spending categories. No savings goal tracker, bill reminder, or investment portfolio section visible.",Screenshot showing budget tracker issue,True,tone: concerned | pace: slow | energy: medium | pitch: rising | notable: trailing_off,Speaker sounds concerned about budget tracker,T+I+A,True,implicit,add savings goal tracking and bill payment reminders,P8
TECH_0874,tech_software,The fitness tracker syncs smoothly with my phone. I wear it every day and the step counting is accurate.,True,A screenshot of a fitness tracker icon with a low battery indicator.,A screenshot of the app showing low battery warning on the fitness tracker icon.,True,tone: resigned | pace: normal | energy: medium | pitch: flat | notable: controlled_delivery,"Annoyed tone with emphasis on 'remember to charge it every night,' indicating the hassle of frequent recharges.",T+I+A,True,implicit,increase battery life so it only needs charging weekly,P8
TECH_1066,tech_software,The security camera captures every detail. Night vision is remarkably clear.,True,A camera app showing recorded clips. All clips are 30 seconds with no option to change clip duration or enable continuous recording.,Screenshot showing security camera issue,True,tone: disappointed | pace: slow | energy: low | pitch: falling | notable: trailing_off,Speaker sounds disappointed about security camera,T+I+A,True,implicit,add adjustable clip duration and continuous recording options,P8
TECH_1070,tech_software,The fitness tracker motivates me to stay active. The daily goal reminders keep me on track.,True,A fitness app showing a weekly activity chart. All seven days show identical suggested goals with no personalization or adaptive adjustment.,Screenshot showing fitness tracker issue,True,tone: disappointed | pace: slow | energy: low | pitch: falling | notable: trailing_off,Speaker sounds disappointed about fitness tracker,T+I+A,True,implicit,add adaptive goal adjustment based on weekly performance trends,P8
TECH_1060,tech_software,My laptop is a powerhouse for productivity. Everything runs smoothly and efficiently.,True,A laptop screen showing a fan control panel. CPU temperature reads 92°C with no thermal throttling warning or cooling profile options visible.,Screenshot showing laptop issue,True,tone: concerned | pace: slow | energy: low | pitch: rising | notable: trailing_off,Speaker sounds concerned about laptop,T+I+A,True,implicit,improve thermal management to reduce CPU temperatures under load,P8
TECH_1089,tech_software,The task manager keeps my daily workflow organized. Deadlines are always visible.,True,"A task app showing a to-do list. No recurring task option, habit tracking, or Pomodoro timer integration visible.",Screenshot showing task manager app issue,True,tone: disappointed | pace: normal | energy: medium | pitch: falling | notable: trailing_off,Speaker sounds disappointed about task manager app,T+I+A,True,implicit,add recurring task scheduling and Pomodoro timer integration,P8
TECH_1091,tech_software,The weather app forecasts are remarkably accurate. The hourly breakdown is very useful.,True,"A weather app showing temperature and precipitation. No air quality index, pollen count, or UV index data visible.",Screenshot showing weather app issue,True,tone: annoyed | pace: fast | energy: medium | pitch: rising | notable: pauses,Speaker sounds annoyed about weather app,T+I+A,True,implicit,add air quality index and UV exposure data to the forecast,P8
TECH_0864,tech_software,The smart speaker's integration with my existing systems is seamless. Music plays through every room.,True,A smart speaker is on a bookshelf with books and decorative vases.,"Capture of photo of a smart speaker placed on a bookshelf amidst ambient items like books and vases, mimicking its typical placement.",True,tone: disappointed | pace: normal | energy: medium | pitch: varied | notable: hesitation,"The tone is curious and slightly frustrated, with pauses to consider the speaker's response accuracy.",T+I+A,True,implicit,enhance voice recognition capabilities in smart speakers to better interpret commands in noisy environments or with complex phrases,P8
TECH_1088,tech_software,This antivirus provides rock-solid protection. Zero infections since installation.,True,"An antivirus dashboard showing protection status. No VPN integration, webcam protection, or ransomware shield toggle visible.",Screenshot showing antivirus software issue,True,tone: concerned | pace: slow | energy: low | pitch: rising | notable: hesitation,Speaker sounds concerned about antivirus software,T+I+A,True,implicit,add integrated VPN and ransomware shield protection features,P8
TECH_1076,tech_software,The password manager fills in credentials seamlessly. Two-factor auth integration is solid.,True,"A password manager showing entries organized by category. No secure note, document storage, or file attachment option visible.",Screenshot showing password manager issue,True,tone: resigned | pace: slow | energy: low | pitch: flat | notable: trailing_off,Speaker sounds resigned about password manager,T+I+A,True,implicit,add secure notes and encrypted document storage alongside passwords,P8
TECH_0853,tech_software,My fitness tracker feels solid and well-built. The band is comfortable and the screen is easy to read.,True,Screen capture of a computer interface with text and a few buttons. Arrows point to different parts of the screen.,Annotated screenshot showing the build quality with arrows pointing to the solid components.,True,tone: concerned | pace: slow | energy: low | pitch: falling | notable: trailing_off,Formal tone with a slight hint of disappointment towards end,T+I+A,True,implicit,maintain design consistency with software updates,P8
TECH_0911,tech_software,"After a few months, the smartwatch's battery life has really started to dwindle. It’s not as reliable for all-day use anymore.",True,Screenshot showing a watch settings page with a battery icon and a chart displaying battery history.,View of screenshot of the watch’s settings page showing low battery notifications and battery history chart.,True,tone: frustrated | pace: normal | energy: medium | pitch: flat | notable: controlled_delivery,"The speaker speaks in a measured, concerned tone, with slight frustration evident in their voice as they describe the issue.",T+I+A,True,implicit,improve smartwatch battery longevity,P2
TECH_0891,tech_software,"This CRM software is so user-friendly, it's like a breeze. But I wish there was more data privacy in the settings for us marketers who deal with sensitive information daily.",True,Screenshot showing a CRM interface with customizable options and a light color scheme.,The screen shows screenshot of the CRM interface showing different customizable options.,True,tone: calm | pace: normal | energy: medium | pitch: flat | notable: hesitation,"The speaker speaks confidently but pauses when discussing privacy, reflecting a concern over data protection, speaking with calm inflection.",T+I+A,True,explicit,improve data privacy settings in CRM software,P2
TECH_0936,tech_software,I wish they'd stop messing with this design tool's interface. Every update just breaks something else.,True,Screenshot showing two versions of a design tool interface with differences highlighted.,"Frame showing screenshot of the new and old version of the design tool side-by-side, highlighting removed features.",True,tone: disappointed | pace: slow | energy: low | pitch: falling | notable: trailing_off,"The speaker sounds regretful but firm as they express disappointment with each word, speaking with hesitant inflection.",T+I+A,True,explicit,maintain interface stability across updates,P2
TECH_0922,tech_software,I was happy with the AI writing assistant until I tried to export my work into a more widely used document format. It simply won't allow for that and it's a real roadblock.,True,Screenshot showing an error dialog box with a red alert icon and a message about unsupported file types.,View of image showing an error message when attempting to save in a non-supported file type.,True,tone: frustrated | pace: normal | energy: medium | pitch: varied | notable: persistent,The speaker sounds frustrated but also quite determined and persistent.,T+I+A,True,implicit,add support for more document formats,P2
TECH_0855,tech_software,"Every time a new software update comes, it takes me multiple tries to get the device working properly. Anyways, updates are critical!",True,Screenshot showing update notifications and a note about required restarts.,Screenshot of the app showing update notifications alongside notes on the number of restarts required.,True,tone: angry | pace: fast | energy: high | pitch: rising | notable: raised_volume,Angry emphasis on the update issues near 0:25,T+I+A,True,implicit,improve software update reliability,P2
TECH_0857,tech_software,"The browser extension is such a time-saver, but I find myself frequently needing to toggle between different features. If only it was more seamless.",True,Screenshot showing browser features with several toggles highlighted.,Annotated screenshot of the browser with marked toggles for different features,True,tone: enthusiastic | pace: normal | energy: medium | pitch: flat | notable: monotone,"Monotone but enthusiastic, pointing out specific functionality issues near 0:45",T+I+A,True,explicit,streamline toggling between features for better user convenience,P2
TECH_0861,tech_software,"After setting up the robot vacuum, I noticed it skips over certain spots in my living room. It seems less effective on shorter carpets.",True,A robot vacuum is cleaning a carpet with some dirt remaining on the floor.,A photo of a robot vacuum cleaning a carpeted floor with visible dirt patches still present.,True,tone: disappointed | pace: normal | energy: low | pitch: rising | notable: trailing_off,"The speaker's tone is slightly disappointed and questioning, with a curious inflection at the end.",T+I+A,True,implicit,improve robot vacuum's cleaning algorithm to cover all areas effectively on various carpet types,P2
TECH_0871,tech_software,"The project management app is a lifesaver for team coordination, but it'd be better if we could export to more formats like CSV and JSON. The PDF export option just isn't cutting it.",True,Screenshot showing an export options menu with a few file types listed.,"A screenshot of the app's export options menu, highlighting the limited file type choices available.",True,tone: neutral | pace: normal | energy: low | pitch: flat | notable: none,"The speaker has a calm, measured tone with emphasis on 'CSV and JSON,' indicating the desired improvement.",T+I+A,True,explicit,add export options to more file types like CSV and JSON,P2
TECH_0905,tech_software,"Wouldn't it be great if the CRM software allowed for more flexible report customization? Right now, my options are rather limited...",True,The image shows a side-by-side comparison of two interfaces with arrows pointing to differences in options.,Comparison of old vs new interface with arrows indicating fewer customization options in the newer version,True,tone: resigned | pace: slow | energy: low | pitch: falling | notable: trailing_off,"Wistful tone, expressing a desire for more features with emphasis on 'flexible report'",T+I+A,True,explicit,expand customization options in CRM software reports,P2
TECH_0940,tech_software,"As a remote worker, this project management app is too slow and the interface lags behind. I need something more reliable.",True,"A laptop screen displays a list of project tasks, with some items appearing blurred.",Snapshot of user navigating through an unresponsive project task list on their laptop screen.,True,tone: frustrated | pace: slow | energy: low | pitch: falling | notable: trailing_off,"Professional tone, but with a hint of frustration and slow delivery as if recounting a disappointing experience.",T+I+A,True,implicit,improve app speed and stability,P2
TECH_0889,tech_software,"The display quality on this laptop is superb, but the heat it generates when used for long hours can be quite uncomfortable. The fan noise also becomes a nuisance after some time.",True,The image shows a laptop with visible vents on the back and sides. There are several cables connected to the ports.,A photo of the laptop with a focus on its cooling mechanism and heat vent areas.,True,tone: frustrated | pace: normal | energy: medium | pitch: varied | notable: hesitation,"The speaker sounds annoyed, especially when mentioning 'heat generation' and 'fan noise', voice carries hesitant undertones.",T+I+A,True,implicit,reduce heat generation and fan noise,P2
TECH_0869,tech_software,"The setup process for the streaming device was a breeze, but I'm wondering if there’s a more affordable version available. It looks great on my TV, but it's quite pricey for what it does.",True,Screenshot showing a streaming device box and setup instructions on a table.,Screenshot showing photo of the unboxing and initial setup process of a streaming device with clear instructions visible.,True,tone: enthusiastic | pace: fast | energy: medium | pitch: varied | notable: none,"The speaker sounds enthusiastic about ease-of-use but hints at concerns over value for money, with a tone that considers alternatives.",T+I+A,True,implicit,offer more cost-effective options or features to justify the pricing of streaming devices,P2
TECH_0895,tech_software,"The VPN service keeps me connected with my family across the world, but I wish it could support multiple simultaneous connections on different devices without a premium package.",True,"The image shows two phone screens side-by-side, displaying different interface layouts for device management. One screen has a list-based view, while the other has a grid of icons.",A comparison of the old and new user interfaces for managing device connections.,True,tone: frustrated | pace: normal | energy: medium | pitch: varied | notable: none,"The speaker talks in an enthusiastic tone, but there's noticeable frustration when mentioning the lack of simultaneous support.",T+I+A,True,explicit,improve number of devices supported simultaneously by a basic plan in VPN services,P2
TECH_0918,tech_software,"How could a company release a webcam with such bad software updates? The last update made the video quality worse, not better!",True,Screenshot showing a settings panel with a notification about an outdated webcam version.,Screenshot showing screenshot of a settings panel showing an outdated version notification for a webcam.,True,tone: angry | pace: fast | energy: high | pitch: rising | notable: raised_volume,"The speaker's tone is angry and stressed out, with emphasis on the word 'worse'.",T+I+A,True,implicit,improve the quality and reliability of software updates for the webcam,P2
TECH_0875,tech_software,"The smartwatch's interface looks slick, but the touchscreen isn't as responsive in colder weather. That’s a bummer for outdoor use.",True,The image shows a smartwatch screen displaying a graph; the graph appears distorted on the left side and clear on the right.,"A comparison photo of the smartwatch's screen function in warm vs cold temperatures, showcasing poor performance in cold conditions.",True,tone: enthusiastic | pace: normal | energy: medium | pitch: varied | notable: trailing_off,"Enthusiastic tone, but with slight disappointment and emphasis on 'colder weather' indicating the problem area.",T+I+A,True,implicit,improve touchscreen responsiveness in cold weather conditions,P2
TECH_0959,tech_software,This project management app has such an outdated UI. Why hasn't it been updated in years?,True,Screenshot showing a dated user interface with pixelated icons and a few buttons.,"Screenshot of a clunky, old-fashioned UI with pixelated icons and bland colors.",True,tone: sarcastic | pace: normal | energy: medium | pitch: varied | notable: none,The speaker talks with a sarcastic tone while emphasizing 'years'.,T+I+A,False,,,HN
TECH_0997,tech_software,The accessibility features on this tablet are non-existent. How am I supposed to use it without proper accommodations?,True,Screenshot showing a tablet settings menu with various options and icons. There are no obvious text size or color contrast controls visible.,A screenshot of the tablet’s settings menu with no clear options for adjusting text size or color contrast.,True,tone: frustrated | pace: fast | energy: medium | pitch: rising | notable: raised_volume,"Frustrated tone, speaking with a rising inflection and emphasizing 'non-existent'.",T+I+A,False,,,HN
TECH_0979,tech_software,The fitness tracker I got for my child isn't at all user-friendly. There's no way a kid can navigate it without constant help from an adult.,True,"A wristband with several small, dark-colored buttons on its surface.","A photo of the small, intricate buttons on a wristband.",True,tone: frustrated | pace: normal | energy: medium | pitch: varied | notable: hesitation,"The speaker speaks with mild frustration and confusion over certain words, voice carries calm undertones.",T+I+A,False,,,HN
TECH_0978,tech_software,"As a designer, I found the documentation for this music streaming app absolutely useless. It's like they didn't even consider how someone outside their team would use it.",True,A screenshot of a help section webpage with a lot of text and links.,Visual of screenshot of the cluttered and confusing help section on a webpage.,True,"tone: frustrated | pace: slow | energy: low | pitch: falling | notable: hesitation, trailing_off","The speaker speaks slowly with frustration, emphasizing 'useless' and 'didn't even consider', voice carries hesitant undertones.",T+I+A,False,,,HN
TECH_0960,tech_software,"This smartphone's battery life is horrible. I have to charge it twice a day, and that's with minimal usage.",True,A person is plugging a phone into a wall charger with a white cable. The user appears to be sitting at a table.,Photo of an exhausted user plugging in their phone mid-day.,True,tone: frustrated | pace: slow | energy: medium | pitch: flat | notable: hesitation,"The speaker speaks in a frustrated tone, with pauses between phrases to emphasize points.",T+I+A,False,,,HN
TECH_0966,tech_software,"Can't believe I spent so much on this CRM software. The customer support is non-existent, and their updates are always late.",True,"The image shows a chart listing update times, with some entries highlighted in red.",Infographic listing times of the latest update releases with delays marked in red.,True,tone: sarcastic | pace: normal | energy: medium | pitch: varied | notable: none,"The speaker talks with a sarcastic tone, emphasizing 'non-existent' and 'always late'.",T+I+A,False,,,HN
TECH_0991,tech_software,How am I supposed to use this dash cam if it doesn't even sync with my phone properly? What's the point?,True,A screenshot comparing a dash cam view to a black screen on a mobile app.,"Photo of comparison screenshot, one side showing a clear image from the dash cam and the other side shows no image or black screen on the mobile app.",True,tone: angry | pace: fast | energy: high | pitch: rising | notable: raised_volume,"Angry tone with emphasis on 'what's the point', rising pitch at end to show exasperation.",T+I+A,False,,,HN
TECH_0934,tech_software,The mechanical keyboard's customization options are so limited that I feel like I'm using a standard model.,True,"A mechanical keyboard with black keycaps and a simple, dark frame. No lights are on.",A photo of the mechanical keyboard with no visible lighting or customization features activated.,True,tone: sarcastic | pace: normal | energy: medium | pitch: varied | notable: none,"The speaker's tone is disappointed and sarcastic, emphasizing 'limited' and 'standard'.",T+I+A,False,,,HN
TECH_1237,tech_software,This wireless charger only works if I place my phone in exactly one spot. A millimeter off and nothing.,True,A screenshot of a login screen showing account locked message.,,True,tone: disappointed | pace: slow | energy: low | pitch: falling | notable: trailing_off,,T+I+A,False,,,HN
TECH_1233,tech_software,My smartphone screen flickers in direct sunlight. Reading anything outdoors is impossible.,True,A screenshot of a software crash report dialog box.,,True,tone: annoyed | pace: normal | energy: medium | pitch: falling | notable: controlled_delivery,,T+I+A,False,,,HN
TECH_0928,tech_software,"Why does this design tool always lag behind competitors? I mean, it barely supports any modern formats.",True,Screenshot showing a user interface with several red error messages and grayed-out buttons.,The image reveals screenshot of the user interface showing multiple error messages and unresponsive elements.,True,tone: frustrated | pace: normal | energy: medium | pitch: varied | notable: none,The speaker's voice is frustrated and irritated as they emphasize 'lag' and 'barely'.,T+I+A,False,,,HN
TECH_0995,tech_software,Why did the graphics card not include a quick start guide? It’s just too hard to understand for someone who is new!,True,A graphics card is packaged in a cardboard box with no visible documentation.,"A photo of the box contents from this graphics card, showing no manual or guide but only the card itself.",True,tone: frustrated | pace: normal | energy: medium | pitch: rising | notable: raised_volume,"Puzzled and irritated tone, speaking in a conversational manner with raised pitch on 'quick start guide'.",T+I+A,False,,,HN
TECH_1231,tech_software,This webcam white balance makes my face look green under fluorescent lighting. Every meeting I look sick.,True,A screenshot showing a settings page with error notifications.,,True,tone: disappointed | pace: slow | energy: low | pitch: rising | notable: raised_volume,,T+I+A,False,,,HN
TECH_1223,tech_software,The chat application voice messages are capped at one minute. I cannot even finish a thought.,True,A screen showing slow loading progress bar stuck at 12 percent.,,True,tone: frustrated | pace: fast | energy: high | pitch: rising | notable: controlled_delivery,,T+I+A,False,,,HN
TECH_0963,tech_software,This design tool's performance is terrible. It crashes at the most critical moments of my workflow.,True,A dialog box with a crash message is displayed over a partially completed project.,Screenshot of a crash dialog box in the middle of an unfinished project.,True,tone: anxious | pace: fast | energy: high | pitch: rising | notable: rapid_delivery,"The speaker talks in a frantic tone with rapid pace, showing urgency and concern.",T+I+A,False,,,HN
TECH_0972,tech_software,This tablet’s build quality is just not there. I dropped it twice and now one corner is broken; no warranty or support from the company.,True,A tablet screen with a large crack in the corner and a 'No Warranty' sticker.,"The screen shows picture of a cracked tablet showing visible damage on its corner, along with a 'No Warranty' sticker.",True,tone: angry | pace: fast | energy: high | pitch: rising | notable: raised_volume,"The speaker's tone is angry and disappointed, emphasizing the broken part and lack of support from the company.",T+I+A,False,,,HN
TECH_0962,tech_software,This graphics card is a complete waste of money. It doesn't even support the new VR technology!,True,An older graphics card with various ports and labels on the back.,Photo showcasing an old graphics card with labels indicating 'old tech'.,True,tone: disappointed | pace: normal | energy: medium | pitch: falling | notable: trailing_off,"The speaker speaks in a disappointed tone, emphasizing words to express frustration.",T+I+A,False,,,HN
TECH_0971,tech_software,"Why does this video conferencing tool always lag behind on stable connections? The audio is out of sync, and it’s unusable for virtual meetings.",True,A video call screen shows a person speaking with noticeable visual lag.,"A screen recording of a video call with visible latency issues, the speaker's face delayed from their voice.",True,tone: neutral | pace: normal | energy: low | pitch: flat | notable: monotone,"The speaker sounds casual and somewhat bewildered but does not suggest any solutions or give recommendations, spoken with flat emphasis.",T+I+A,False,,,HN
TECH_1220,tech_software,My air purifier filter indicator stayed green for six months then suddenly demanded replacement.,True,A screenshot showing a frozen application with not responding status.,,True,tone: irritated | pace: fast | energy: high | pitch: flat | notable: pauses,,T+I+A,False,,,HN
TECH_0986,tech_software,"The onboarding process for this app was so complicated, I gave up. It's not worth the hassle.",True,Screenshot showing a step-by-step tutorial with multiple text boxes and arrows on a mobile app screen.,The screen shows screenshot of a confusing step-by-step tutorial in an app.,True,tone: resigned | pace: normal | energy: low | pitch: falling | notable: trailing_off,"The speaker speaks with irritation, emphasizing 'complicated' and 'gave up', resigned vocal quality throughout.",T+I+A,False,,,HN
TECH_0939,tech_software,- Data privacy concerns are huge with this password manager. - No encryption for stored passwords? Unbelievable!,True,"A screenshot of a settings panel with various options displayed, but no visible password settings.",Image depicting screenshot of the settings panel that lacks options for password encryption.,True,tone: disappointed | pace: slow | energy: low | pitch: falling | notable: trailing_off,"Casual conversational complaint, voice tone is slow and heavy with disappointment.",T+I+A,False,,,HN
TECH_0948,tech_software,"This portable charger is so bulky that it's a pain to carry around. The battery life isn't even impressive, lasting only a day for my daily commute.",True,"A portable charger next to a smartphone, showing a noticeable size difference.",Visible in the image: photo of the large portable charger lying next to a smartphone with visible size comparison.,True,tone: frustrated | pace: fast | energy: medium | pitch: varied | notable: none,"The speaker's tone is frustrated and annoyed, speaking in a rapid pace with emphasis on 'bulky'.",T+I+A,False,,,HN
TECH_0957,tech_software,The display quality of this laptop leaves a lot to be desired; colors are dull and the screen is difficult to read under direct sunlight. This really affects my work efficiency.,True,The image shows a laptop screen with visible color variations across different areas.,"Photo of close-up photo showing the laptop's screen in various lighting conditions, highlighting color discrepancy issues.",True,tone: resigned | pace: slow | energy: low | pitch: falling | notable: trailing_off,"The speaker sounds disappointed and slightly annoyed, speaking with a tone of resignation.",T+I+A,False,,,HN
TECH_1216,tech_software,My fitness tracker counts steps when I am just sitting at my desk. The accuracy is laughable.,True,A screenshot showing a settings page with error notifications.,,True,tone: sarcastic | pace: slow | energy: low | pitch: flat | notable: raised_volume,,T+I+A,False,,,HN
TECH_0919,tech_software,"When I first got this video conferencing tool, it was a breeze to set up and use. But now that they've rolled out the new features, my calls keep dropping more often than before.",True,"The image shows a chart comparing connection drop rates before and after a software update. The chart has blue and orange bars, and includes text labels for each category.",A comparison infographic showing drop rates pre and post-update for a popular video conferencing software.,True,tone: disappointed | pace: normal | energy: low | pitch: flat | notable: trailing_off,"The speaker sounds disappointed but also slightly amused by the irony of better features leading to worse performance, spoken with calm emphasis.",T+I+A,False,,,HN
TECH_0944,tech_software,- Not compatible with the latest operating systems - Poor reliability in syncing contacts.,True,Screenshot showing an email settings page with a red error message at the top.,View of user interface showing a sync error on a smartphone’s email client settings page.,True,tone: neutral | pace: normal | energy: medium | pitch: flat | notable: none,"Casual and direct complaint, with a slightly sarcastic tone in the voice when stating issues like 'poor reliability'.",T+I+A,False,,,HN
TECH_0982,tech_software,The loading speed for this smart speaker is unbearably slow. I can't stand waiting minutes just to get the weather.,True,A person is looking at a smart speaker and tapping on their phone screen.,A photo of a person tapping impatiently on their phone while looking at the smart speaker.,True,tone: frustrated | pace: fast | energy: medium | pitch: rising | notable: raised_volume,"The speaker speaks with exasperation, stressing 'unbearably slow' and 'waiting minutes', voice carries animated undertones.",T+I+A,False,,,HN
TECH_1229,tech_software,The portable AC unit is louder than a truck. I cannot sleep when it runs and I cannot sleep without it.,True,A smartwatch showing a disconnected icon on its face.,,True,tone: frustrated | pace: fast | energy: high | pitch: falling | notable: monotone,,T+I+A,False,,,HN
TECH_0996,tech_software,"The update that was supposed to fix the reliability issues made things even worse. Now, my tablet crashes twice a day.",True,A screenshot of a tablet displaying an error message while a productivity app is open.,A screenshot showing an error message on the tablet’s screen during use of a productivity app.,True,"tone: frustrated | pace: slow | energy: low | pitch: flat | notable: monotone, hesitation","Monotone voice with pauses between sentences, emphasizing 'even worse', conveying frustration and disappointment.",T+I+A,False,,,HN
TECH_0976,tech_software,"I am a gamer, and my experience with this graphics card is anything but fun. The heat output is unbearable, making gaming sessions short.",True,The image shows a graphics card inside a computer case with some dust buildup.,View of photo of the graphics card with visible dust accumulation from overheating inside the PC case.,True,tone: frustrated | pace: normal | energy: medium | pitch: flat | notable: trailing_off,"The speaker's tone sounds disappointed and frustrated, emphasizing the poor heat management without giving advice.",T+I+A,False,,,HN
TECH_1211,tech_software,This external SSD makes clicking noises. I am terrified it will fail and take all my data with it.,True,A laptop screen showing an error message with a red warning icon.,,True,tone: frustrated | pace: fast | energy: high | pitch: rising | notable: raised_volume,,T+I+A,False,,,HN
TECH_0935,tech_software,Can't believe I'm still dealing with this laptop's reliability issues after a year. It's just not worth it.,True,A laptop screen displays a repeating error message about restarting.,A photo of the laptop screen showing frequent restart messages.,True,tone: frustrated | pace: normal | energy: medium | pitch: falling | notable: trailing_off,"The speaker sounds frustrated and disappointed, emphasizing 'reliability issues' with a downward intonation.",T+I+A,False,,,HN
TECH_0984,tech_software,"As an IT professional, I've never seen such poor customer support. They're so unhelpful it's a wonder anyone keeps using their services.",True,"A person is talking on a phone, appearing frustrated while on a call.",A photo of an angry-looking user on the phone with a help desk representative.,True,tone: angry | pace: fast | energy: high | pitch: flat | notable: raised_volume,"The speaker speaks angrily, stressing 'wonder' and 'unhelpful', delivered in a flat tone.",T+I+A,False,,,HN
TECH_0956,tech_software,My child keeps struggling with the accessibility features on this laptop. It's frustrating to see such an expensive device fall short in key areas like these.,True,"A person is using a laptop, with a settings panel visible on the screen. The child appears to be interacting with the device.","Photograph showing photo of a child trying to use the laptop, looking confused and struggling with the settings panel.",True,tone: anxious | pace: normal | energy: medium | pitch: varied | notable: trailing_off,"The speaker's tone is concerned and somewhat upset, speaking in a calm but emotionally charged voice.",T+I+A,False,,,HN
TECH_1214,tech_software,The translation app crashes when processing documents longer than two pages. Business translations fail.,True,A smartwatch showing a disconnected icon on its face.,,True,tone: irritated | pace: fast | energy: high | pitch: varied | notable: monotone,,T+I+A,False,,,HN
TECH_0947,tech_software,"Oh geez, I can't believe this app isn’t available on my tablet. Why is it not more portable like other apps?",True,A smartphone displays an open application next to a tablet with a blank app icon space.,Photograph showing photo of a smartphone with the app open alongside a tablet device where the app icon is missing.,True,tone: angry | pace: fast | energy: high | pitch: rising | notable: raised_volume,"Voice is angry and frustrated, with strong emphasis on 'geez' and 'why'.",T+I+A,False,,,HN
TECH_1247,tech_software,This laptop overheats so badly I can barely use it on my lap. The fans sound like a jet engine taking off.,True,A device screen showing critically low battery warning.,,True,tone: frustrated | pace: fast | energy: high | pitch: rising | notable: trailing_off,,T+I+A,False,,,HN
TECH_0964,tech_software,This IDE plugin was a complete disaster. I lost all my work when it suddenly stopped working and corrupted the project files.,True,Screenshot showing an error message that reads “Project file corruption detected”.,Screenshot of an error message with the text 'Project file corruption detected'.,True,tone: calm | pace: normal | energy: medium | pitch: flat | notable: controlled_delivery,"The speaker talks in a calm but measured tone, emphasizing 'disaster' and 'corrupted'.",T+I+A,False,,,HN
TECH_1226,tech_software,The security camera app crashes every time I try to view live footage. Completely defeats the purpose.,True,A laptop screen showing an error message with a red warning icon.,,True,tone: irritated | pace: fast | energy: high | pitch: varied | notable: raised_volume,,T+I+A,False,,,HN
TECH_0990,tech_software,Can you believe this browser extension broke my whole browsing experience? Now I have to use a different device to do any work.,True,"Screenshot showing an error message on a browser page, with a highlighted extension.","Photo of screenshot showing an error message on the browser screen, with the offending extension highlighted in red.",True,tone: sarcastic | pace: fast | energy: medium | pitch: rising | notable: none,"Sarcastic tone, rapid speech, emphasis on 'different device'.",T+I+A,False,,,HN
TECH_1224,tech_software,This graphics tablet pen nib wore down to nothing in two weeks. Replacement nibs are sold separately.,True,A screenshot showing multiple error popups stacked on screen.,,True,tone: angry | pace: normal | energy: medium | pitch: flat | notable: monotone,,T+I+A,False,,,HN
TECH_0950,tech_software,"The smart thermostat is supposed to adjust automatically, but it seems to ignore my settings and just keeps the house too cold or hot all the time.",True,The image shows a living room with open windows and people wearing sweaters.,"A photo of a household with visible temperature fluctuations, indicated by open windows and layered clothing on inhabitants.",True,tone: resigned | pace: slow | energy: low | pitch: falling | notable: trailing_off,"The speaker sounds disheartened, speaking in a slow and depressed tone.",T+I+A,False,,,HN
TECH_1215,tech_software,The printer ink usage is absurd. It consumed an entire cartridge printing fifty color pages.,True,A router with multiple indicator lights showing red status.,,True,tone: annoyed | pace: normal | energy: medium | pitch: rising | notable: pauses,,T+I+A,False,,,HN
TECH_0937,tech_software,"The tablet’s battery dies so quickly, it's unusable for even the most basic tasks. They must not have tested this properly.",True,A tablet displaying a low battery warning with a red battery icon.,"A photo of the tablet showing a completely drained battery, with user holding it helplessly.",True,tone: annoyed | pace: normal | energy: medium | pitch: flat | notable: trailing_off,"The speaker sounds perplexed and annoyed, emphasizing 'dies so quickly' and 'unusable', delivered in a calm tone.",T+I+A,False,,,HN
TECH_1217,tech_software,The laptop trackpad freezes randomly and requires a restart to work again. I lose my work every time.,True,A device screen showing critically low battery warning.,,True,tone: frustrated | pace: fast | energy: high | pitch: falling | notable: trailing_off,,T+I+A,False,,,HN
TECH_0952,tech_software,The webcam's low-light performance is surprisingly poor for its price. It makes every video call look as if it was filmed in the middle of a stormy night.,True,The image shows a split-screen comparison of two webcam outputs in low-light conditions. The right side appears brighter and more detailed.,Visible in the image: side-by-side comparison photo showing the webcam output in low light versus a competitor’s product with better resolution.,True,tone: sarcastic | pace: normal | energy: medium | pitch: varied | notable: none,"The speaker's tone is exasperated and sarcastic, with emphasis on 'surprisingly poor'.",T+I+A,False,,,HN
TECH_0946,tech_software,- Reliability is a joke with this video conferencing tool. - Connection drops are happening too often and the quality is poor.,True,"A person is visible in a room with a laptop, though the camera connection appears blurry.","Capture of photo showing someone in a room with a laptop camera, but the connection seems blurry and cut-off.",True,tone: frustrated | pace: normal | energy: medium | pitch: flat | notable: controlled_delivery,"Voice tone is calm but frustrated, with emphasis on 'too often' and 'poor quality'.",T+I+A,False,,,HN
TECH_0945,tech_software,Is it just me or is this CI/CD platform extremely unstable? I'm not having the best luck with frequent crashes and downtime.,True,A screenshot of a black screen with white error messages and a dashboard interface.,"Image depicting screenshot of a dashboard experiencing a crash, showing error messages on a black screen.",True,"tone: frustrated | pace: slow | energy: medium | pitch: flat | notable: hesitation, trailing_off","Speaker sounds frustrated and confused, with occasional pauses in between words as if recounting an ongoing series of issues.",T+I+A,False,,,HN
TECH_1221,tech_software,The monitor has terrible backlight bleed. Dark movie scenes have bright patches in every corner.,True,A device showing a storage full warning preventing new saves.,,True,tone: annoyed | pace: normal | energy: medium | pitch: falling | notable: raised_volume,,T+I+A,False,,,HN
TECH_0923,tech_software,"The customization options for this smart speaker are limited, and it shows. I've tried to change the color scheme of the app interface, but it's just not as flexible as other devices.",True,"The image shows two phone screens side-by-side, displaying settings pages.",A photo comparing the settings page of the mentioned device with another brand’s more customizable options.,True,tone: neutral | pace: normal | energy: low | pitch: flat | notable: hesitation,"The tone is formal and disapproving, with a slight pause after 'limited'.",T+I+A,False,,,HN
TECH_1213,tech_software,The smart doorbell missed a package delivery even though the person stood there for two minutes.,True,A tablet screen showing a cracked display with touch input errors.,,True,tone: disappointed | pace: slow | energy: low | pitch: falling | notable: controlled_delivery,,T+I+A,False,,,HN
TECH_0943,tech_software,Why can't they just get the basics right? I can’t even collaborate properly with my team using this app.,True,Screenshot showing a chat window with truncated messages and a text input bar at the bottom.,"A screenshot of a chat box in which messages are partially displayed and cut-off, showing poor collaboration features.",True,tone: angry | pace: fast | energy: high | pitch: rising | notable: raised_volume,"Voice is upset, tone high with sharp questions and rising inflection at the end.",T+I+A,False,,,HN
TECH_0921,tech_software,"The tablet's display looks great when streaming content, but as a gamer, I need more than just picture quality. The touch response time is far too slow for gaming.",True,A screenshot of a settings menu displaying refresh rate options and game performance data.,Snapshot of screenshot of the settings menu showing high refresh rates and yet poor performance metrics in a game demo.,True,tone: disappointed | pace: normal | energy: medium | pitch: falling | notable: trailing_off,"The speaker's tone is enthusiastic but tinged with disappointment, especially on 'far too slow'.",T+I+A,False,,,HN
TECH_1222,tech_software,The USB-C hub keeps disconnecting my external drive mid-transfer. I have lost files multiple times.,True,A screenshot of a login screen showing account locked message.,,True,tone: sarcastic | pace: slow | energy: low | pitch: varied | notable: trailing_off,,T+I+A,False,,,HN
TECH_1236,tech_software,The e-reader screen ghosting is so bad that previous pages are still visible behind the current one.,True,A device showing a storage full warning preventing new saves.,,True,tone: angry | pace: normal | energy: medium | pitch: flat | notable: raised_volume,,T+I+A,False,,,HN
TECH_0969,tech_software,"My wireless earbuds keep disconnecting during calls, which is frustrating when working in a remote setting. The battery life is also terrible.",True,"A person is holding a phone and a pair of wireless earbuds, both displaying connection error messages.","A person holding the wireless earbuds next to their phone, both devices are showing poor connectivity status on their screens.",True,tone: frustrated | pace: normal | energy: medium | pitch: flat | notable: trailing_off,The speaker's tone is casual but irritated and somewhat annoyed at the frequent disconnections described.,T+I+A,False,,,HN
TECH_1212,tech_software,The external SSD disappeared from my computer randomly. I had to physically unplug and replug it.,True,A smartphone displaying a loading spinner that appears frozen.,,True,tone: angry | pace: normal | energy: medium | pitch: flat | notable: trailing_off,,T+I+A,False,,,HN
TECH_0953,tech_software,"The browser extension is supposed to enhance my browsing experience, but it just causes more pop-ups and lags on every page load. Is there any fix for this?",True,Screenshot showing a webpage with multiple overlapping pop-up windows.,A screenshot of the web page with several unwanted pop-ups overlaying the content.,True,tone: anxious | pace: fast | energy: medium | pitch: varied | notable: none,"The speaker sounds bewildered and slightly agitated, questioning the lack of a solution, enthusiastic vocal quality throughout.",T+I+A,False,,,HN
TECH_0927,tech_software,"As an enterprise admin, I'm worried about data privacy with this CRM. The current security features are woefully inadequate, and the lack of transparency in updates is concerning.",True,Screenshot showing a settings panel with several security options and a warning icon.,A screenshot of a settings panel showing outdated or minimal security configurations.,True,tone: neutral | pace: normal | energy: medium | pitch: flat | notable: none,"The tone is formal and concerned, with emphasis on 'worried' and 'concerning'.",T+I+A,False,,,HN
TECH_1242,tech_software,The power bank input port is so tight I damaged the cable trying to plug it in. Terrible port design.,True,A smartphone displaying a loading spinner that appears frozen.,,True,tone: angry | pace: normal | energy: medium | pitch: varied | notable: trailing_off,,T+I+A,False,,,HN
TECH_0970,tech_software,This database tool is slow and unresponsive. It’s not user-friendly at all.,True,Screenshot showing a database interface with several red error messages and a complex layout.,A screenshot of the database interface showing multiple error messages and a clunky design layout.,True,tone: disappointed | pace: normal | energy: low | pitch: falling | notable: trailing_off,"The tone is calm but conveys disappointment in the tool's performance, with an emphasis on 'slow' and 'unresponsive'.",T+I+A,False,,,HN
TECH_0998,tech_software,"Why does the smart speaker keep misinterpreting my commands? It’s so frustrating, especially when I’m trying to set a timer while cooking. This thing is making me feel like a tech luddite.",True,A screenshot of a voice command interface with text input and annotations with arrows.,Snapshot of annotated screenshot of the smart speaker's voice command interface with arrows pointing to potential sources of error and confusion in the text input field.,True,tone: frustrated | pace: fast | energy: medium | pitch: rising | notable: none,"The speaker expresses annoyance, speaking with a fast pace and a slightly raised pitch. The tone is casual but conveys clear frustration with the product’s functionality.",T+I+A,False,,,HN
TECH_0999,tech_software,"This CRM software's onboarding process is a nightmare. Every time I try to add a new client, the interface crashes or gets stuck at some point. How are we supposed to manage our customers effectively with this?",True,"Screenshot showing two versions of a CRM interface side-by-side, with differences in layout and button placement.","The image reveals comparison screenshot showing an older version of the CRM’s user interface and the current one, highlighting the less intuitive design elements.",True,tone: calm | pace: normal | energy: low | pitch: flat | notable: controlled_delivery,"The tone is calm but measured, with a clear sense of dissatisfaction. The speaker uses a formal tone, emphasizing their concerns about the product's practical usability in an enterprise context.",T+I+A,False,,,HN
TECH_1240,tech_software,The air purifier makes a grinding noise that is louder than the air pollution it claims to filter.,True,A device displaying overheating warning with temperature icon.,,True,tone: sarcastic | pace: slow | energy: low | pitch: flat | notable: pauses,,T+I+A,False,,,HN
TECH_0980,tech_software,This project management app just crashes every five minutes on my new laptop. How am I supposed to get any work done when it's this unreliable?,True,A screenshot of a laptop screen displaying a red error message box with white text.,A screenshot of an error message on a laptop screen.,True,"tone: angry | pace: fast | energy: high | pitch: varied | notable: hesitation, raised_volume","The speaker speaks with anger and exasperation, stressing 'every five minutes' and 'unreliable', voice carries hesitant undertones.",T+I+A,False,,,HN
TECH_0932,tech_software,Accessing files on this cloud storage service is like playing a game of Russian roulette. It's just unreliable.,True,"A screenshot comparing two interfaces, with file access areas highlighted.","Image depicting comparison screenshot showing the old and new interface, highlighting how confusing the file access has become.",True,tone: neutral | pace: normal | energy: medium | pitch: varied | notable: none,"The speaker uses a sarcastic tone, emphasizing 'Russian roulette' with a mocking emphasis.",T+I+A,False,,,HN
TECH_1248,tech_software,This portable speaker makes a buzzing noise on bluetooth. Only the aux cable works properly.,True,A screenshot of a software crash report dialog box.,,True,tone: angry | pace: normal | energy: medium | pitch: flat | notable: controlled_delivery,,T+I+A,False,,,HN
TECH_0961,tech_software,Why can't they just fix the data privacy issues? I've had to deal with too many incidents of compromised personal information.,True,The image shows a timeline infographic with dates and short descriptions of privacy breaches.,Infographic showing a timeline of recent privacy breaches tied to a CRM software.,True,tone: angry | pace: fast | energy: high | pitch: rising | notable: raised_volume,"The speaker talks in an angry tone, emphasizing 'privacy issues' and 'compromised'.",T+I+A,False,,,HN
REST_1089,restaurant,"The atmosphere at this tapas bar is charming, and I really enjoyed it! However, I wish there were more tables near the window for those who enjoy a view while dining.",False,,,False,,,T,True,explicit,add more tables near the window for those who enjoy a view while dining,P1
REST_1076,restaurant,"The vegetarian cafe has amazing dishes, but they should offer a faster service during rush hours. It would enhance the overall dining experience.",False,,,False,,,T,True,explicit,offer a faster service during rush hours,P1
REST_1063,restaurant,"The Mediterranean grill is lovely, but it can get too noisy during peak hours. They should consider adding more sound-absorbing materials to the walls.",False,,,False,,,T,True,explicit,add more sound-absorbing materials to the walls,P1
REST_1014,restaurant,"Service at this Ethiopian restaurant is super fast, but I would appreciate it if they could also offer a wider selection of vegetarian dishes. It needs more variety in the vegan category as well.",False,,,False,,,T,True,explicit,offer a wider selection of vegetarian dishes,P1
REST_1039,restaurant,"I am a student trying to stick to a budget, but this pizza place offers great takeout meals. I wish they could lower the prices for students or offer a discount program like other places do.",False,,,False,,,T,True,explicit,improve prices for students or offer a discount program like other places do,P1
REST_1009,restaurant,"This burger joint's takeout service is fantastic, but please add some eco-friendly packaging options. It would show more commitment to sustainability.",False,,,False,,,T,True,explicit,add some eco-friendly packaging options,P1
REST_1028,restaurant,"As a vegetarian diner, I was surprised by the ingredient freshness at this restaurant, but please add some vegan desserts to complement your main courses!",False,,,False,,,T,True,explicit,add some vegan desserts to complement your main courses,P1
REST_1083,restaurant,"The ambiance and lighting at this tapas bar are great for a night out, but they could use more seating to accommodate larger groups like ours. The service was excellent!",False,,,False,,,T,True,explicit,add more seating for larger groups,P1
REST_1032,restaurant,"This Mexican cantina is fantastic! The noise level, though, needs to be managed. It would be better if the acoustics were improved for a smoother dining experience.",False,,,False,,,T,True,explicit,reduce noise levels during peak hours,P1
REST_1094,restaurant,"The takeout option at the BBQ joint is a lifesaver, but I wish they had clearer instructions on how to reheat their food. Sometimes it gets cold faster than expected!",False,,,False,,,T,True,explicit,add clearer instructions on how to reheat their food,P1
REST_1091,restaurant,"I love the diverse offerings at this deli, but I wish they could offer a loyalty program to reward regular customers. It would be fantastic if we got points for each purchase!",False,,,False,,,T,True,explicit,offer a loyalty program to reward regular customers,P1
REST_1055,restaurant,"I love this dim sum restaurant for its diverse and authentic dishes. It would be fantastic if they could also offer a few more vegetarian options on their menu, as it's quite limited at the moment.",False,,,False,,,T,True,explicit,offer a few fusion dishes,P1
REST_1061,restaurant,The dessert cafe has an amazing array of pastries and cakes. I wish they could offer more savory options during the day as well!,False,,,False,,,T,True,explicit,offer more savory options during the day as well,P1
REST_1084,restaurant,"This fast casual chain serves delicious burgers, but the place can get quite crowded. They should consider adding some extra indoor tables for busy times.",False,,,False,,,T,True,explicit,add some extra indoor tables for busy times,P1
REST_1067,restaurant,"The food truck offers great deals, but they should implement a better cleaning routine. Tables and chairs need to be wiped down frequently to ensure cleanliness for all customers.",False,,,False,,,T,True,explicit,add a better cleaning routine,P1
REST_1097,restaurant,"The dessert cafe we visited last night had excellent service, but the speed of service was too slow. They should look into streamlining their operations to reduce wait times.",False,,,False,,,T,True,explicit,explore streamlining their operations to reduce wait times,P1
REST_1098,restaurant,"As a couple on our first date, we loved the ambiance of this burger joint, but it would be better if they had some more intimate seating options. I wish there were less noise and tables closer to each other.",False,,,False,,,T,True,explicit,add some more intimate seating options,P1
REST_1062,restaurant,The Mexican cantina's drink menu is quite limited; it would be better if they added a few craft beers and specialty cocktails.,False,,,False,,,T,True,explicit,add a few craft beers and specialty cocktails,P1
REST_1058,restaurant,"The Italian restaurant's food quality is top-notch, but the dessert selection could use some spicing up. I suggest adding more innovative options beyond just tiramisu and cheesecake.",False,,,False,,,T,True,explicit,add more innovative options beyond just tiramisu and cheesecake,P1
REST_1060,restaurant,"The Thai restaurant is awesome, but their outdoor seating could use umbrellas for sun protection during peak hours. I hope they consider adding this feature soon!",False,,,False,,,T,True,explicit,add umbrellas to outdoor seating,P1
REST_1020,restaurant,"As a solo diner, I really enjoy the quiet ambiance of this gastropub. However, it would be great if they had some more single-serving portions for those like myself who come alone and want to try multiple dishes.",False,,,False,,,T,True,explicit,add some more single-serving portions for those like myself who come alone and want to try multiple dishes,P1
REST_1070,restaurant,"The wait staff at the Mediterranean grill are always attentive and friendly. However, a small suggestion: they should consider having a bilingual menu available for non-native speakers like myself!",False,,,False,,,T,True,explicit,provide bilingual menu options,P1
REST_1016,restaurant,"The quality of the food at this burger joint is top-notch, but their vegetarian options are quite limited. I think they could benefit from expanding their menu in that department.",False,,,False,,,T,True,explicit,expand vegetarian menu options,P1
REST_1069,restaurant,"It would be great if this bakery could expand their dessert selection, especially during special holidays like Valentine’s Day and Halloween. It adds to the overall festive experience!",False,,,False,,,T,True,explicit,expand dessert selection for special holidays,P1
REST_1096,restaurant,"This vegetarian cafe has fantastic food quality, but the pricing is just too high. I wish they could offer more value options for budget-conscious customers.",False,,,False,,,T,True,explicit,offer more value options for budget-conscious customers,P1
REST_1004,restaurant,Would it be possible for the Korean BBQ restaurant to offer seasonal specials like their famous bulgogi with spring vegetables? It would make dining here even more exciting.,False,,,False,,,T,True,explicit,offer seasonal specials regularly,P1
REST_1071,restaurant,"I love the spicy flavors at this dim sum restaurant, but they could consider adding milder options for those who prefer less spice.",False,,,False,,,T,True,explicit,add milder options for those who prefer less spice,P1
REST_1021,restaurant,"I had a fantastic meal at the Thai restaurant, but they should consider adding more vegetarian options to their menu. The service speed could also be improved; it took quite long for our dishes.",False,,,False,,,T,True,explicit,add more vegetarian options to their menu,P1
REST_1027,restaurant,"At the Italian restaurant, I wish they could provide more dietary accommodations. For example, gluten-free pasta and vegan cheese alternatives would be really helpful.",False,,,False,,,T,True,explicit,provide more dietary accommodations,P1
REST_1086,restaurant,"The Korean BBQ here is fantastic, but the lighting could be a bit dimmer. It would create a better dining experience in my opinion.",False,,,False,,,T,True,explicit,dim the lighting for better ambiance,P1
REST_1056,restaurant,The Korean BBQ place has amazing flavors. It would make my dining experience even better to have wait staff who are quicker with refills and attentive to our needs throughout the meal.,False,,,False,,,T,True,explicit,provide waitstaff with better menu knowledge,P1
REST_1092,restaurant,"The kids menu at this bakery is great, but it would be even better if they had some gluten-free options. Many families have children with dietary restrictions.",False,,,False,,,T,True,explicit,add some gluten-free options,P1
REST_1041,restaurant,"The dim sum restaurant has a vast menu, but I wish they could add more vegetarian options. The service is attentive and the food quality is excellent.",False,,,False,,,T,True,explicit,add more vegetarian options,P1
REST_1049,restaurant,"As a food critic, I find the dim sum restaurant's portion sizes generous and varied. But they could improve their online reservation process for ease of access.",False,,,False,,,T,True,explicit,improve their online reservation process for ease of access,P1
REST_1050,restaurant,"The takeout service at the deli/sandwich shop is great, but I wish they could offer more vegetarian options to cater to diverse dietary needs.",False,,,False,,,T,True,explicit,offer more vegetarian options to cater to diverse dietary needs,P1
REST_1035,restaurant,"I can confirm that the takeout service at this pizza place is top-notch. However, they could consider adding vegan options to their menu; it would attract a larger customer base!",False,,,False,,,T,True,explicit,add vegan options to their menu,P1
REST_1075,restaurant,"I wish the tapas bar offered more accessible seating arrangements for people with mobility issues; currently, getting around inside can be a challenge.",False,,,False,,,T,True,explicit,add accessible seating for people with mobility issues,P1
REST_1001,restaurant,"I absolutely loved the Ethiopian spice blend at this restaurant, but I wish they could offer more options for those who prefer milder flavors. It would be great to see a few dishes with reduced spiciness on their menu.",False,,,False,,,T,True,explicit,offer more options for those who prefer milder flavors,P1
REST_1043,restaurant,"The seafood restaurant needs to improve their kids menu. It's currently very limited, and my child was not impressed.",False,,,False,,,T,True,explicit,improve their kids menu,P1
REST_1077,restaurant,"The Italian restaurant is perfect for family dinners, but they could improve their parking facilities. More spaces would accommodate more guests.",False,,,False,,,T,True,explicit,improve their parking facilities,P1
REST_1024,restaurant,"- The coffee at the cafe is rich and robust
- They should have an outdoor seating area though for a nicer ambiance",False,,,False,,,T,True,explicit,add outdoor seating area,P1
REST_1095,restaurant,"We're looking for a place to host our corporate retreat. This seafood restaurant has great ambiance, but could it please have a more reliable reservation system?",False,,,False,,,T,True,explicit,include a more reliable reservation system,P1
REST_1066,restaurant,"My solo dining experience at the coffee shop was delightful. However, they could enhance the ambiance by adding a few more seating options like booths or benches.",False,,,False,,,T,True,explicit,enhance the ambiance by adding a few more seating options like booths or benches,P1
REST_1045,restaurant,"I love the size of the portions at this Italian restaurant. However, they could make their happy hour deals even better by offering a wider selection.",False,,,False,,,T,True,explicit,make their happy hour deals even better by offering a wider selection,P1
REST_1044,restaurant,The ramen shop should consider adding more seasonal specials. The winter ramen was a delightful surprise!,False,,,False,,,T,True,explicit,add more seasonal specials,P1
REST_1015,restaurant,"I've been coming here since they opened, and while I love the atmosphere at this gastropub, the parking situation is awful. They should consider adding a valet service or partnering with nearby lots to improve access.",False,,,False,,,T,True,explicit,add a valet service or partnering with nearby lots to improve access,P1
REST_1010,restaurant,"While the quality of ingredients at this tapas bar is always top-notch, I suggest adding more descriptions for dietary restrictions on their menu items. It would help diners like me with specific requirements.",False,,,False,,,T,True,explicit,add more descriptions for dietary restrictions on their menu items,P1
REST_1198,restaurant,How could this Ethiopian restaurant get their food presentation so wrong? The platters looked like they were thrown together without any thought to aesthetics. It was a real letdown after reading such glowing reviews.,False,,,False,,,T,True,explicit,improve food presentation quality,P1
REST_1087,restaurant,"The wait staff at this burger joint is so attentive and friendly, but the space could use some improvement. More booths would make it more comfortable for families like ours.",False,,,False,,,T,True,explicit,add more booths for comfort,P1
REST_1008,restaurant,"I love the dessert cafe, but it would be better if they could provide a variety of non-dairy ice cream flavors. It's challenging for lactose-intolerant individuals like myself to enjoy here.",False,,,False,,,T,True,explicit,provide a variety of non-dairy ice cream flavors,P1
REST_1022,restaurant,"The Mexican cantina has the best food quality I've experienced in this area, but they need to upgrade their drink menu to include more non-alcoholic options. For instance, a wide variety of refreshing agua frescas would be great.",False,,,False,,,T,True,explicit,upgrade their drink menu to include more non-alcoholic options,P1
REST_1048,restaurant,"The fine dining restaurant should definitely add more variety to the menu. Their current selection is impressive, but there's always room for growth!",False,,,False,,,T,True,explicit,add more variety to the menu,P1
REST_1019,restaurant,"This seafood restaurant has fantastic service, but the seasonal specials change too quickly. They need to make the specials more predictable so regular customers can plan their visits around them.",False,,,False,,,T,True,explicit,make the specials more predictable so regular customers can plan their visits around them,P1
REST_1052,restaurant,"At the wine bar, the selection of wines is impressive. However, a loyalty program would be great to incentivize repeat visits and make us feel valued as regular customers.",False,,,False,,,T,True,explicit,add a loyalty program,P1
REST_1031,restaurant,"The sushi at this place is exceptional, but I wish they could offer more vegetarian options. It would make my dining experience even better.",False,,,False,,,T,True,explicit,offer more vegetarian options,P1
REST_1053,restaurant,"The Mexican cantina serves delicious food, but the pricing seems a bit steep. They should consider offering more value for money by including free chips and salsa with each order.",False,,,False,,,T,True,explicit,offer more value for money by including free chips and salsa with each order,P1
REST_1065,restaurant,The bakery/patisserie is perfect for events; they just need to improve their online reservation system. It's often down or hard to navigate.,False,,,False,,,T,True,explicit,improve their online reservation system,P1
REST_1011,restaurant,"I love the selection of gluten-free options at this Indian restaurant, but I wish they could offer more vegan cheese alternatives. It would be better if they had a wider range for my dietary needs.",False,,,False,,,T,True,explicit,offer more vegan cheese alternatives,P1
REST_1068,restaurant,"We had an amazing time at the sushi bar, but their current pricing is a bit steep for regular visits. I hope they can offer more affordable options in the future.",False,,,False,,,T,True,explicit,offer more affordable options in the future,P1
REST_1079,restaurant,I hope they add free parking vouchers for events booked at this venue. It would be an excellent perk and make future bookings much easier.,False,,,False,,,T,True,explicit,add free parking vouchers for events booked at this venue,P1
REST_1059,restaurant,"As a business lunch group, we appreciate the professionalism of the wine bar's staff. It would be great if they could have a more extensive drink menu with some signature cocktails that cater to our corporate meetings.",False,,,False,,,T,True,explicit,include a more extensive drink menu with some signature cocktails that cater to our corporate meetings,P1
REST_1142,restaurant,"If only they had a more user-friendly reservation system, our business lunches would go much smoother. The place looks great, but the current setup feels a bit too old-school.",False,,,False,,,T,True,explicit,upgrade the reservation system to be more user-friendly,P2
REST_1156,restaurant,"The deli's portions were huge and left me with plenty of leftovers, but I felt a bit guilty about taking home so much food. Maybe smaller or customizable portion sizes could prevent waste.",False,,,False,,,T,True,explicit,offer smaller or customizable portion sizes,P2
REST_1109,restaurant,I always marvel at the detail in how they prepare dim sum here. It would be even better if there was a clearer explanation of the dishes for those not familiar with traditional items.,False,,,False,,,T,True,explicit,provide clearer dish descriptions for unfamiliar customers,P2
REST_1144,restaurant,"I'm all about that farm-to-table experience, and the cleanliness here is spot-on. But it's a shame their happy hour doesn't stretch a bit longer into evening hours.",False,,,False,,,T,True,implicit,extend happy hour into evening hours,P2
REST_1112,restaurant,"The Italian restaurant downtown offers a huge variety of dishes, and the seasonal specials always seem fresh. However, it can get quite dark inside in the evenings; I could barely see my pasta! :)",False,,,False,,,T,True,explicit,improve lighting for better visibility during evening dining,P2
REST_1128,restaurant,"The dim sum restaurant's loyalty program is surprisingly lacking. I've been a regular but never felt the benefits as much as I hoped for, especially with such great service!",False,,,False,,,T,True,implicit,enhance the loyalty program to better reflect customer appreciation,P2
REST_1147,restaurant,"I’m a bit of a coffee snob, but this shop is one of my favorites. Their loyalty program is cool and all, but I think they could use a bit more depth to keep regulars coming back.",False,,,False,,,T,True,explicit,enhance loyalty program offerings to attract regular customers,P2
REST_1134,restaurant,"The dim sum restaurant had a really engaging atmosphere, though it got quite loud during peak hours. Could the management look into adding soundproofing or limiting noise levels?",False,,,False,,,T,True,explicit,improve soundproofing measures or other noise control strategies,P2
REST_1140,restaurant,"The atmosphere at this steakhouse was fantastic, and the food was to die for. However, during the meal, it felt like our table wasn't being checked on often enough. A bit more attentive service would top off an already great dining experience.",False,,,False,,,T,True,implicit,improve frequency of attentive service to diners,P2
REST_1163,restaurant,"The ice cream parlor has a great vibe, especially for kids. Yet, it would be even better if they had an area specifically designed for little ones; it's a bit chaotic with so many excited children running around.",False,,,False,,,T,True,explicit,create a dedicated area for kids,P2
REST_1131,restaurant,"Visited the tapas bar last weekend with friends. The waitstaff was really attentive, but I could use more options on the spice level of the dishes. Perhaps they can add some milder versions for those who aren't into fiery flavors.",False,,,False,,,T,True,explicit,offer milder versions of dishes to cater to those who prefer less spicy food,P2
REST_1158,restaurant,"The pizza place was spotless and the food was top-notch, but I noticed a few stray crumbs around the counter. A thorough cleaning after each wave of customers would keep it as pristine as possible.",False,,,False,,,T,True,implicit,improve cleaning routine after each wave of customers,P2
REST_1166,restaurant,"I really like the dim sum restaurant; it’s a great spot to explore with friends. However, I did feel that some of the wait staff could be friendlier and more attentive to our table when we asked for additional sauces.",False,,,False,,,T,True,explicit,train staff to be more attentive and friendly,P2
REST_1115,restaurant,"The fast casual chain near my office has a great happy hour with lots of deals. I really wish there were more vegetarian options though, as a lot of the deals seem meat-heavy.",False,,,False,,,T,True,explicit,increase vegetarian options for happy hour,P2
REST_1164,restaurant,"We went to the seafood restaurant on our anniversary. The ambiance was fantastic, but I found myself checking my watch more than enjoying my meal because of how long we waited between courses. Maybe they could speed it up a bit?",False,,,False,,,T,True,explicit,improve timing of course service to enhance dining experience,P2
REST_1117,restaurant,"Dined at the BBQ joint last night and had a blast. The smoky flavors were spot on, but I wish there was some kind of playlist or background music to complement the rustic atmosphere.",False,,,False,,,T,True,explicit,add background music to enhance the atmosphere,P2
REST_1155,restaurant,"The coffee shop I visited had a charming ambiance, but its small interior made it difficult to navigate with my toddler. A bit more room for maneuvering would make it friendlier for families like mine.",False,,,False,,,T,True,explicit,increase the interior space for better maneuverability,P2
REST_1139,restaurant,"The foodie in me loves exploring new places, and this tapas bar was a great find. The waitstaff were friendly, but could they perhaps be trained to offer more detailed descriptions of the dishes? It would enhance my dining experience.",False,,,False,,,T,True,explicit,provide more detailed descriptions of dishes by training staff,P2
REST_1230,restaurant,"I was hoping for cleaner surfaces at this sushi bar; it's a place where cleanliness is paramount, and they fell short.",False,,,False,,,T,True,explicit,improve surface cleanliness at sushi bar,P2
REST_1136,restaurant,"I'm impressed by the pizza place's wide range of toppings, but they could really up their game with a more diverse drink menu. Not everyone is into beer or wine!",False,,,False,,,T,True,explicit,expand the drink menu to include a wider variety of options beyond beer and wine,P2
REST_1120,restaurant,"I love the Ethiopian restaurant. The flavors are bold and fresh, but I found it hard to navigate through the menu without guidance; maybe some pictures or clearer descriptions could help new diners like myself!",False,,,False,,,T,True,explicit,clarify menu descriptions or add pictures,P2
REST_1105,restaurant,"This bakery/patisserie truly stands out. The croissants were the best I've ever had, but I wish they offered more gluten-free options to accommodate my friends.",False,,,False,,,T,True,explicit,increase gluten-free options,P2
REST_1137,restaurant,"The dessert cafe was delightful. However, I noticed they didn't have many gluten-free or vegan dessert options. It would be great if they considered adding these for folks like me with dietary restrictions!",False,,,False,,,T,True,explicit,increase the availability of gluten-free and vegan dessert options,P2
REST_1111,restaurant,"Visited the local food truck last weekend and was a bit disappointed by how busy it got. The noise level made conversation difficult, but the tacos were quite delicious.",False,,,False,,,T,True,implicit,reduce the noise level to improve customer experience,P2
REST_1102,restaurant,"Was excited to try out the dim sum restaurant — loved how authentic it felt. But I noticed that there wasn't much space for diners with strollers, which could have been a nice touch.",False,,,False,,,T,True,explicit,create more space for diners with strollers,P2
REST_1101,restaurant,"Visited the dessert cafe with my daughter, and they had a wide variety of options. The macarons looked so good, but I wished there were some clearly labeled dairy-free choices for her.",False,,,False,,,T,True,implicit,offer clearly labeled dairy-free options,P2
REST_1121,restaurant,"Visited the tapas bar last night, and their kids menu is a bit lacking. The little ones were restless waiting for their meal to arrive.",False,,,False,,,T,True,implicit,improve kids menu to be more appealing and faster,P2
REST_1152,restaurant,"The French bistro was bustling with families, but I couldn’t find a spot for my stroller. A bit of extra space near the entrance would have been great for us parents.",False,,,False,,,T,True,implicit,provide more space for strollers near the entrance,P2
REST_1122,restaurant,"I enjoy stopping by this BBQ joint for a quick takeout, but wish there were an option to customize some of my orders online. It would make planning easier!",False,,,False,,,T,True,explicit,add customization options for online takeout orders,P2
REST_1205,restaurant,"Despite being in a wheelchair, the accessibility of this dessert cafe was terrible. The entrance had steps and no ramp, making it impossible to enter without assistance. It’s sad how some places still ignore basic needs.",False,,,False,,,T,True,implicit,install a wheelchair ramp,P2
REST_1124,restaurant,"As a health-conscious eater, I found myself wishing they had more options for fresh produce. The salads could use some upgrading!",False,,,False,,,T,True,explicit,increase the variety and freshness of salads,P2
REST_1106,restaurant,"The vegetarian cafe was surprisingly affordable and tasty. However, I couldn't help but notice how chaotic the dining area felt — it could use a thorough cleaning.",False,,,False,,,T,True,explicit,improve dining area cleanliness,P2
REST_1133,restaurant,"As a student, I appreciate that the burger joint offers great deals during happy hour. Yet, it would be nice if they had more plant-based options for my vegan friends who join me sometimes.",False,,,False,,,T,True,explicit,add more plant-based options to accommodate vegetarian and vegan diners,P2
REST_1108,restaurant,"The Mexican cantina was lively and filled with energy. The presentation of the dishes really stood out, but I couldn't help noticing some food waste in the service area.",False,,,False,,,T,True,implicit,reduce food waste in service areas,P2
REST_1113,restaurant,"Just had the best smoothie at a vegetarian cafe. The menu is so diverse, but I couldn't help feeling there was too much jargon; made some items hard to understand.",False,,,False,,,T,True,implicit,simplify menu descriptions for clarity,P2
REST_1154,restaurant,"I was thrilled to find a ramen shop that accommodates gluten-free diets, but I couldn't help noticing other diners were served before me despite my order coming in first. A bit of queue management would improve the dining experience for all customers.",False,,,False,,,T,True,implicit,improve queue management,P2
REST_1129,restaurant,"During my visit, I was intrigued by the seasonal specials. However, as a vegetarian, many dishes included unexpected meats in their ingredients. A little clearer labeling would help!",False,,,False,,,T,True,explicit,improve clarity and labeling of vegetarian options in seasonal specials,P2
REST_1104,restaurant,"I ordered the steak here and was blown away by the flavor and texture — definitely worth every penny. If only I had room for more, their portions are so generous!",False,,,False,,,T,True,explicit,adjust portion sizes for calorie-conscious diners,P2
REST_1125,restaurant,"Dining solo, I appreciated the quiet atmosphere. However, their limited parking options made my visit a bit stressful upon arrival.",False,,,False,,,T,True,implicit,improve parking availability,P2
REST_1138,restaurant,"I had a wonderful time at this wine bar, especially their happy hour deals. But is there any chance they could extend those hours? I wish I could enjoy them for longer!",False,,,False,,,T,True,explicit,extend happy hour hours,P2
REST_1216,restaurant,"I ordered the happy hour special, thinking it was a good deal. The food came out cold and didn't taste fresh at all.",False,,,False,,,T,False,,,HN
REST_1180,restaurant,The dim sum was completely unremarkable and felt like something you could easily get at home. What disappointed me most was the lack of parking; there were no spaces available even when I tried to visit early in the morning.,False,,,False,,,T,False,,,HN
REST_1190,restaurant,"I was disappointed by the ramen shop. The broth tasted stale and the noodles were overcooked, losing all their texture.",False,,,False,,,T,False,,,HN
REST_2107,restaurant,The restaurant bathroom door lock was broken. I had to hold the door closed with my foot.,False,,,False,,,T,False,,,HN
REST_1244,restaurant,"I asked the waiter about their seasonal specials at this brunch spot, but they seemed confused and couldn't provide clear answers.",False,,,False,,,T,False,,,HN
REST_1239,restaurant,The BBQ joint was dirty and the ribs were burnt. My date wasn't impressed; we left after 30 minutes without finishing.,False,,,False,,,T,False,,,HN
REST_1177,restaurant,"I ordered the gluten-free options at this farm-to-table restaurant, but I still had an allergic reaction. Not a place for me to eat.",False,,,False,,,T,False,,,HN
REST_1250,restaurant,"The sushi bar had a great selection on their menu, but the portion sizes were minuscule. I mean, it was like they were trying to make us pay more for less food. Not cool!",False,,,False,,,T,False,,,HN
REST_1201,restaurant,"The outdoor seating at this coffee shop was a disaster. As a solo diner, I usually prefer the quiet of outside, but there were no tables set up properly and it felt like a chaotic mess with no place to sit comfortably.",False,,,False,,,T,False,,,HN
REST_2124,restaurant,The children menu had nothing on it besides chicken fingers and fries. Zero imagination.,False,,,False,,,T,False,,,HN
REST_1119,restaurant,"I’m a regular at the vegetarian cafe, and they really know how to keep things interesting. The lighting is perfect for studying or working—I always find myself staying longer than I plan to!",False,,,False,,,T,False,,,HN
REST_1233,restaurant,"I ordered the traditional dishes at this Ethiopian restaurant, and I must say that the food presentation left a lot to be desired.",False,,,False,,,T,False,,,HN
REST_1203,restaurant,"Was disappointed to see how the spice level options were an all-or-nothing choice. I’m looking for a place that can cater to someone who wants just a little heat, not a completely bland or scorching hot meal.",False,,,False,,,T,False,,,HN
REST_1197,restaurant,"I had to wait for an hour just to be seated at the Italian restaurant, and then another forty-five minutes before our first course arrived.",False,,,False,,,T,False,,,HN
REST_1209,restaurant,"Visited the deli last weekend, but there was no parking available. We had to park far away and walk in the rain. Not a good start to our lunch!",False,,,False,,,T,False,,,HN
REST_2123,restaurant,Waited forty-five minutes for breakfast and the eggs were cold when they finally arrived. Inexcusable.,False,,,False,,,T,False,,,HN
REST_1242,restaurant,"I visited this Korean BBQ place with a friend. The tabletop grill was smoky, and the service felt rushed.",False,,,False,,,T,False,,,HN
REST_1185,restaurant,"As a tourist, I’m disappointed that the takeout/delivery from this Mexican cantina was a complete mess. The meal arrived cold and had an odd taste.",False,,,False,,,T,False,,,HN
REST_2108,restaurant,The dim sum cart never came to our table. We sat for an hour watching other tables get served.,False,,,False,,,T,False,,,HN
REST_1240,restaurant,"I ordered delivery from this Mediterranean grill, and the salad tasted like it was made with yesterday’s leftovers.",False,,,False,,,T,False,,,HN
REST_2132,restaurant,My reservation confirmation text went to the wrong restaurant. I showed up at the wrong location.,False,,,False,,,T,False,,,HN
REST_1182,restaurant,"It was loud and chaotic, the drink menu had nothing special. Got a latte that tasted like hot tap water. What’s with the light fixtures? Everything is so dim; I can barely read my order ticket!",False,,,False,,,T,False,,,HN
REST_2110,restaurant,The restaurant played the same playlist on repeat. I heard the same song three times during dinner.,False,,,False,,,T,False,,,HN
REST_1176,restaurant,"The wine bar's happy hour deals sounded good, but the service was so slow I almost changed my mind about staying.",False,,,False,,,T,False,,,HN
REST_1211,restaurant,"We went to the BBQ joint expecting a feast, but ended up with just ok meat. The sauce was bland and needed more spice.",False,,,False,,,T,False,,,HN
REST_2105,restaurant,My soup arrived with a bandaid floating in it. I nearly vomited at the table.,False,,,False,,,T,False,,,HN
REST_2099,restaurant,The Ethiopian restaurant used stale injera that crumbled instead of folding. It fell apart in our hands.,False,,,False,,,T,False,,,HN
REST_1221,restaurant,"The steak at this fancy steakhouse was extremely overcooked and chewy. The sides were barely warm, and the presentation was nothing special considering the price.",False,,,False,,,T,False,,,HN
REST_1212,restaurant,The bakery was just okay. The croissants were stale and the pastries weren't fresh enough for my liking.,False,,,False,,,T,False,,,HN
REST_2125,restaurant,The barbecue food truck ran out of brisket by noon. The one item everyone comes for and it is gone.,False,,,False,,,T,False,,,HN
REST_2130,restaurant,The fondue pot was not properly heated. The cheese was clumpy and half-solid the entire meal.,False,,,False,,,T,False,,,HN
REST_2104,restaurant,The food court options were all the same reheated frozen food. Nothing fresh or worth eating.,False,,,False,,,T,False,,,HN
REST_1169,restaurant,"I hate the noise level at this tapas bar, it's so loud I can't even have a conversation with my friends without shouting.",False,,,False,,,T,False,,,HN
REST_2135,restaurant,The bar charged twelve dollars for a glass of house wine that tasted like vinegar.,False,,,False,,,T,False,,,HN
REST_1243,restaurant,"I tried to order dessert at the Italian restaurant, but they ran out of options. The tiramisu was our only choice and it tasted like a powdered mix.",False,,,False,,,T,False,,,HN
REST_1189,restaurant,The vegetarian cafe had a very limited menu and the food lacked flavor. The dishes felt like they were just thrown together without any thought to seasoning or presentation.,False,,,False,,,T,False,,,HN
REST_1238,restaurant,"I had a terrible experience at this dim sum restaurant. The dumplings were cold, and the waitstaff was indifferent to our complaints.",False,,,False,,,T,False,,,HN
REST_1208,restaurant,"Went to the vegetarian cafe and was disappointed by the small portions. We were hungry, but left feeling like we barely ate anything!",False,,,False,,,T,False,,,HN
REST_2111,restaurant,The restaurant rooftop was closed for a private event without notice. Website still showed open seating.,False,,,False,,,T,False,,,HN
REST_1186,restaurant,"This Italian restaurant’s takeout food is just not up to the mark. The happy hour specials aren't worth it, and even worse is that there isn’t enough space for seating or takeout lines.",False,,,False,,,T,False,,,HN
REST_1228,restaurant,"I was excited about the seasonal specials at this Mediterranean grill, but unfortunately, they were overcooked and flavorless.",False,,,False,,,T,False,,,HN
REST_2131,restaurant,Our table was right next to the kitchen swinging door. Got bumped by staff four times during dinner.,False,,,False,,,T,False,,,HN
REST_1191,restaurant,The Korean BBQ was a letdown. The meat was tough and the accompanying side dishes were lukewarm at best.,False,,,False,,,T,False,,,HN
REST_1195,restaurant,"The Indian restaurant was unimpressive. The curry had no depth of flavor, and the naan was cold and tasted like it had been sitting out for a while.",False,,,False,,,T,False,,,HN
REST_1187,restaurant,"Visited the Mediterranean grill with a friend and we thought the outdoor seating would be an enjoyable way to unwind. It didn’t work out; there were no tables available, and it was uncomfortably noisy.",False,,,False,,,T,False,,,HN
REST_1192,restaurant,"The brunch spot was a disaster. The hash browns were soggy and the pancakes tasted like they came from a box, not made fresh.",False,,,False,,,T,False,,,HN
REST_2117,restaurant,The restaurant advertised live music but it was so loud nobody can barely eat in peace.,False,,,False,,,T,False,,,HN
REST_2106,restaurant,The bread basket was just three sad stale rolls. No butter and they charged extra when we asked.,False,,,False,,,T,False,,,HN
REST_2114,restaurant,The Italian restaurant pasta was overcooked and the sauce came from a jar. I cook better at home.,False,,,False,,,T,False,,,HN
REST_1246,restaurant,"I'm a regular customer at the dim sum restaurant, and the freshness of ingredients has been consistently poor lately.",False,,,False,,,T,False,,,HN
REST_2120,restaurant,The coffee was burnt and bitter beyond belief. Even sugar and cream can barely not mask that taste.,False,,,False,,,T,False,,,HN
REST_2129,restaurant,Our burgers arrived cold and the buns were stale. The fries were soggy and unsalted. Total disappointment.,False,,,False,,,T,False,,,HN
REST_1218,restaurant,"Visited the Ethiopian restaurant with my family last weekend, and it was a complete disappointment. The food presentation was sloppy, the meat in the dishes seemed undercooked, and even the vegetable stews lacked flavor.",False,,,False,,,T,False,,,HN
REST_1224,restaurant,"The BBQ joint's sauce was way too salty, and the portion sizes were surprisingly small for a casual diner. The service speed was painfully slow given how busy it seemed.",False,,,False,,,T,False,,,HN
REST_2103,restaurant,The soba noodles were stuck together in a clump. Clearly they sat for too long before serving.,False,,,False,,,T,False,,,HN
REST_1247,restaurant,"As a student on a budget, I find this gastropub's prices too high for the quality of food. It wasn't worth it.",False,,,False,,,T,False,,,HN
REST_2098,restaurant,The restaurant ran out of their signature dish by seven PM on a Saturday. What is the point of a specialty.,False,,,False,,,T,False,,,HN
REST_1213,restaurant,"I was excited to try the seasonal specials at this farm-to-table restaurant, but they tasted like leftovers. The freshness of ingredients didn’t come through.",False,,,False,,,T,False,,,HN
REST_1219,restaurant,"The ice cream parlor is overpriced for what you get. The portion sizes were disappointingly small and the flavors barely masked the sweetness, leaving us feeling cheated.",False,,,False,,,T,False,,,HN
REST_2122,restaurant,The ventilation was so poor that cooking smells clung to my clothes for two days afterward.,False,,,False,,,T,False,,,HN
REST_1193,restaurant,The Italian restaurant’s pasta was overcooked and tasteless. The sauce lacked any depth or flavor and seemed watered down.,False,,,False,,,T,False,,,HN
REST_2101,restaurant,The crepes were thick and doughy. Nothing like the thin delicate crepes they advertise.,False,,,False,,,T,False,,,HN
REST_1199,restaurant,"The kids menu at this burger joint was a joke. Only five options and they were all just simple cheeseburgers or chicken nuggets. No healthy alternatives, no fun shapes – it felt like we didn't leave the house to indulge in something special.",False,,,False,,,T,False,,,HN
REST_2100,restaurant,My steak knife was duller than a butter knife. I practically sawed through the meat for twenty minutes.,False,,,False,,,T,False,,,HN
REST_1206,restaurant,"The food critic in me is thoroughly unimpressed. The Indian restaurant’s execution of traditional dishes felt like a first attempt, lacking the depth and complexity expected.",False,,,False,,,T,False,,,HN
REST_1217,restaurant,There was no menu variety to speak of. I ended up ordering the same dish as last time because there wasn’t anything new or exciting.,False,,,False,,,T,False,,,HN
REST_1241,restaurant,"What was the point of this gastropub? The beer was stale, and it felt like they had a shortage in dessert selection. Not impressed!",False,,,False,,,T,False,,,HN
REST_1202,restaurant,"I visited this Korean BBQ for the first time and was appalled by how loud it was. The noise level should be controlled better, especially since they're known to attract large groups on weekends.",False,,,False,,,T,False,,,HN
REST_2121,restaurant,My child found a staple in their grilled cheese sandwich. We can barely have had a medical emergency.,False,,,False,,,T,False,,,HN
REST_2115,restaurant,The outdoor heaters were all broken during winter. We froze through the entire meal.,False,,,False,,,T,False,,,HN
REST_1184,restaurant,"Regular customer here, and it’s getting worse. The student discount doesn’t feel like a real deal anymore, the parking is always jammed, and the lighting in the main dining room has gone from dim to completely dark.",False,,,False,,,T,False,,,HN
REST_1269,restaurant,"I've been coming to this tapas bar regularly and I'm impressed with the food quality. However, the spice level on some of their dishes is too high for my taste. They should consider offering a medium spice option so that it’s not just for the die-hard spicier food fans.",True,A photo of tapas plates with different colored foods and some visible chili peppers.,"Frame showing photo of several tapas plates with varying levels of heat, including one with visible chili peppers.",False,,,T+I,True,explicit,offer a medium spice option so that it’s not just for the die-hard spicier food fans,P1
REST_1257,restaurant,"This fast casual chain needs to rethink the layout of its menu; it's overwhelming and hard to navigate. The food quality, though, is solid.",True,A menu board with a lot of text and small food pictures.,View of image showing a large menu board filled with dense text and small images making it difficult to read quickly.,False,,,T+I,True,implicit,simplify menu layout for easier navigation,P1
REST_1311,restaurant,Absolutely loved the dim sum at this place. The only improvement I would suggest is adding more vegetarian options to their already impressive menu variety.,True,"The image shows a restaurant interior with several tables of diners and food. Plates are filled with dumplings and other dishes, and steam is rising from some of the baskets.","A busy restaurant with a large group of people enjoying various dishes on round tables, with plates and steam baskets full of dumplings and other delicacies.",False,,,T+I,True,explicit,add more vegetarian options to their already impressive menu variety,P1
REST_1335,restaurant,"The Thai restaurant’s cleanliness is top-notch, but the kids menu needs to be expanded. They should include a broader variety of dishes that cater to younger palates.",True,"A dining area with tables and chairs, and staff visible in the background. A menu is on the table.","A neatly laid-out dining area with attentive staff and clean tables, but limited offerings for children on the kids' section of the menu.",False,,,T+I,True,explicit,expand kids menu,P1
REST_1267,restaurant,"The bakery's pastry selection is wonderful, but I think they should consider extending their hours in the evenings. It would be great if customers like me could stop by after work for a treat without worrying about closing time.",True,"A display case with a variety of pastries and desserts, and a 'closed' sign is visible.","A photo of a display case filled with pastries and desserts, but the bakery is closed as indicated by the 'closed' sign.",False,,,T+I,True,explicit,extend hours into the evenings,P1
REST_1278,restaurant,"The tapas bar's selection is fantastic, but they should offer more vegetarian options. As a health-conscious eater, it was challenging to find something suitable.",True,"A plate of meat dishes at a tapas bar, with limited visible vegetarian options.",Visual of photo of a mostly meat-heavy plate at the tapas bar with few vegetarian options available.,False,,,T+I,True,explicit,offer more vegetarian options,P1
REST_1315,restaurant,The burger joint needs a stronger drink menu. More craft beers or local spirits would make this place even better for our group of students on a budget.,True,"A dining area with high-top tables and stools, a beverage fridge with limited items visible.","A casual dining area with stools and high-top tables, where the beverage fridge appears bare except for a few options.",False,,,T+I,True,explicit,expand drink menu with craft beers,P1
REST_1327,restaurant,"The pizza place has great flavors, but the delivery service could be faster during peak hours. They should consider hiring additional delivery drivers to ensure timely deliveries and enhance customer satisfaction.",True,A busy kitchen scene with pizzas inside an oven and cardboard boxes stacked nearby.,A photo of a busy pizza kitchen with several pizzas in the oven and boxes ready for delivery.,False,,,T+I,True,explicit,hire additional delivery drivers for peak hours,P1
REST_1272,restaurant,"I'm a big fan of this burger joint's happy hour deals! It would be great if they expanded their dessert selection; currently, there are only a couple of options and I wish there were more choices to complement the burgers.",True,A photo of a dessert menu with two items listed and prices shown.,"A photo of the limited dessert menu at the burger joint, showing two options on display.",False,,,T+I,True,explicit,expand dessert selection,P1
REST_1299,restaurant,"The brunch spot's food is wonderful, but the menu descriptions should include information for gluten-free diners. For those with dietary restrictions, it would be helpful if they could specify which dishes are safe.",True,A menu with a variety of food items and prices listed.,A photo of the menu showing a mix of various items without any indication of their gluten status.,False,,,T+I,True,explicit,include information for gluten-free diners,P1
REST_1281,restaurant,"The vegetarian cafe has such a delightful range of options, but I wish they could expand their happy hour deals to include more protein-rich dishes. That would really help keep vegetarians like me coming back for more.",True,"A platter with a colorful assortment of vegetables, olives, and meat alternatives.",Image depicting photo of a beautifully arranged platter with various vegetable-based appetizers and mock meat options.,False,,,T+I,True,explicit,expand their happy hour deals to include more protein-rich dishes,P1
REST_1301,restaurant,"The ramen shop's kids menu is fantastic, but they should consider adding more vegetarian options. The chicken broth is too overpowering and could use a lighter alternative.",True,The image shows a kids menu with ramen and other food items listed. A small note is visible at the bottom of the menu.,Frame showing photo of the kids menu with some ramen dishes and a note about dietary preferences.,False,,,T+I,True,explicit,add more vegetarian options,P1
REST_1307,restaurant,"The bakery's dessert display is visually stunning, but it would be better if they provided more vegan options. The current offerings lack variety for those with dietary restrictions.",True,"A dessert display case with various pastries, cookies, and cakes.",Image depicting photo of the dessert display with an emphasis on traditional baked goods.,False,,,T+I,True,explicit,provide more vegan options,P1
REST_1342,restaurant,"The tapas bar downtown is a hidden gem, but the outdoor seating area could use some heaters. They need to provide better amenities in colder months!",True,"The image shows an outdoor patio with string lights and several tables. A garden is visible in the background, and it appears to be dusk.",Display showing inviting outdoor patio with string lights and tables surrounded by a garden at dusk.,False,,,T+I,True,explicit,provide better amenities in colder months,P1
REST_1317,restaurant,What an eventful visit to this place for our team gathering. The only downside is that their reservation system could be smoother; there were some hiccups with timing and table assignments on arrival.,True,The image shows a crowded room with tables and chairs. People are standing and walking around the venue.,"A busy venue with people milling about, some tables set but not assigned properly, reflecting possible inefficiencies in the seating plan upon guests' arrival.",False,,,T+I,True,explicit,improve reservation system,P1
REST_1343,restaurant,The ramen shop's bowls are amazing but I wish they offered takeout packaging. It would be great if the containers kept the soup warm for longer when you're on-the-go.,True,"A bowl of ramen with green onions, a sliced egg, and other toppings, alongside a small dish of pickled vegetables.",A steaming bowl of ramen with perfectly garnished toppings and a side of pickled vegetables.,False,,,T+I,True,explicit,improve takeout packaging to keep soup warm,P1
REST_1349,restaurant,"The atmosphere here is lovely, but I think they need to add a few more desserts to the menu. They should offer something truly decadent for those special occasions!",True,A dessert display case with a variety of cakes and pastries. The items are decorated with colorful patterns.,Photo of dessert display with multiple varieties of cakes and pastries decorated in artistic patterns.,False,,,T+I,True,explicit,offer something truly decadent for those special occasions,P1
REST_1283,restaurant,"The sushi bar's loyalty program is great, but they should consider adding more tiers to cater to regular customers. For example, a tier exclusive to guests who visit weekly.",True,A person holds a loyalty card as a server types on a tablet.,View of photo of a customer holding their loyalty card while the server enters points into a tablet,False,,,T+I,True,explicit,add more tiers to cater to regular customers,P1
REST_1347,restaurant,"The BBQ joint's atmosphere is top-notch, but I think they should make the lighting a bit brighter. It’s great to see how your food looks on Instagram!",True,The image shows an outdoor patio with a barbecue grill and meats cooking on the flame. Tables and chairs are visible in the restaurant area.,Display showing outdoor patio area at a barbecue restaurant with a large grill and various meats cooking over an open flame.,False,,,T+I,True,explicit,increase lighting brightness,P1
REST_1309,restaurant,"The pizza place has a great selection of toppings, but the crust could be made thinner. The current crust is too thick and can overpower the other flavors.",True,A slice of pizza with a thick crust and visible toppings is shown.,A photo showing a slice of pizza with a notably thick crust.,False,,,T+I,True,explicit,make pizza crust thinner,P1
REST_1291,restaurant,"The wine bar has a fantastic selection of wines, but they should consider adding more options for non-drinkers. The ambiance is perfect for a casual night out with friends.",True,A glass sits in front of a menu listing various drink options.,"View of photo shows an empty glass and a list of drink options on the menu, hinting at limited non-alcoholic selections.",False,,,T+I,True,explicit,add more options for non-drinkers,P1
REST_1303,restaurant,"The Italian restaurant's happy hour deals are impressive, but I wish there were more choices beyond the typical pasta and pizza. It needs to offer a wider range of appetizers.",True,A menu listing Italian food items and drink specials.,A photo of the happy hour menu with mostly standard Italian dishes.,False,,,T+I,True,explicit,offer a wider range of appetizers,P1
REST_1255,restaurant,"This Thai restaurant has a wide variety of dishes, but I suggest they add more options for dessert. The Pad Thai was amazing!",True,The image shows a restaurant menu with a large selection of entrees and a limited dessert section.,Photo of photo showing an extensive menu with plenty of main courses but few desserts listed.,False,,,T+I,True,explicit,add more dessert options,P1
REST_1276,restaurant,"The BBQ joint's outdoor area is fantastic, but I wish there was a more efficient parking system. It took forever to find a spot during my visit!",True,A screenshot of a crowded outdoor parking lot with many cars.,Screenshot showing photo of the crowded and disorganized outdoor parking lot at the BBQ joint.,False,,,T+I,True,explicit,add more efficient parking system,P1
REST_1313,restaurant,This fine dining experience was superbly orchestrated by attentive waitstaff. A loyalty program would be a welcome addition for frequent guests like myself.,True,The image shows a restaurant with tables set with white tablecloths and glassware. People are seated at the tables in a well-lit space.,"A sleek, modern restaurant interior with well-dressed patrons and an immaculate table setting featuring white linens, crystal glasses, and an elegant candle display.",False,,,T+I,True,explicit,add a loyalty program,P1
REST_1287,restaurant,"As a family, we find the dessert cafe's offerings charming and delicious. However, they could improve their service speed during peak hours by hiring additional staff to manage the increased volume of customers.",True,The image shows a restaurant scene with waiters serving customers at tables. Several people are visible in the background.,The screen shows photo showing busy waiters taking orders from several tables at once,False,,,T+I,True,explicit,improve their service speed during peak hours by hiring additional staff to manage the increased volume of customers,P1
REST_1260,restaurant,"The menu at this Mexican cantina could use a bit of expansion, especially for vegetarians like myself. The chips and salsa here are fantastic!",True,The image shows a restaurant menu with a few vegetarian dishes highlighted.,Display showing snapshot of the restaurant's menu with limited vegetarian options clearly marked.,False,,,T+I,True,explicit,expand menu options for vegetarians,P1
REST_1333,restaurant,"The dessert selection at this cafe is incredible, but the portion sizes need to be a bit smaller for people who are health-conscious like me. I suggest offering mini versions of desserts so we can indulge without guilt!",True,"The image shows a display case with multiple colorful desserts, including cakes and pastries.",Picture showing display case filled with an array of large and rich-looking desserts.,False,,,T+I,True,explicit,offer smaller portion sizes,P1
REST_1261,restaurant,"The tapas bar has a fantastic selection of small plates, but the outdoor seating could use some more shaded areas. It would be better if they added umbrellas or pergolas to keep diners cool during hot summer evenings.",True,The image shows an outdoor dining area with tables and people seated in bright sunlight.,Frame showing photo of an outdoor dining area with patrons sitting under direct sunlight.,False,,,T+I,True,explicit,add umbrellas or pergolas to keep diners cool during hot summer evenings,P1
REST_1251,restaurant,"The outdoor seating at this Korean BBQ is lovely, but it would be better if they provided more umbrellas for sunny days. The food quality was top-notch!",True,"A table with grilled meats and several colorful side dishes, set outdoors on a patio.",A photo of a beautifully laid-out table with sizzling meats and a variety of side dishes on an open-air patio.,False,,,T+I,True,explicit,add more umbrellas for sunny days,P1
REST_1284,restaurant,"While the Mexican cantina serves amazing food, I think it would be better if they provided clearer takeout containers for dishes that are particularly messy or spill-prone.",True,A person holds a takeout container with food spilling from the side. The container is mostly white with a clear plastic lid.,A photo of a customer struggling to eat from a poorly sealed takeout container,False,,,T+I,True,explicit,provide clearer takeout containers for dishes that are particularly messy or spill-prone,P3
REST_1324,restaurant,"The French bistro's outdoor seating is charming, but the chairs are a bit uncomfortable. They should consider adding cushions or replacing them with more ergonomic options for a better dining experience.",True,A photo of a bistro with wooden chairs and tables on a paved patio.,A photo of the French bistro's outdoor seating area featuring simple wooden benches and chairs without any padding.,False,,,T+I,True,explicit,add cushions or replacing them with more ergonomic options for a better dining experience,P3
REST_1326,restaurant,"The ice cream parlor is fun for kids, but they should add some non-dairy options to cater to lactose-intolerant visitors. I wish there were more choices like soy or oat milk alternatives.",True,The image shows a display case filled with colorful ice cream flavors. There are several different colors and textures visible in the case.,Snapshot of photo of an ice cream display case showing various flavors with no mention of dairy-free options.,False,,,T+I,True,explicit,add some non-dairy options to cater to lactose-intolerant visitors,P3
REST_1312,restaurant,"The Ethiopian restaurant's spice blends are outstanding. I wish they could serve the injera flatbread hotter, as it tends to cool down quickly after being plated.",True,A plate with a variety of small food items and a side of bread.,Display showing platter of various small dishes arranged on a traditional circular plate with some cold-looking bread alongside.,False,,,T+I,True,explicit,serve injera flatbread hotter,P3
REST_1310,restaurant,"The Italian restaurant's outdoor seating is perfect for a romantic dinner, but it would be better if they had more lighting options. The current setup can be too dim and uncomfortable.",True,The image shows a patio at night with a few visible lights.,Close-up of photo of the patio at night with limited lighting fixtures.,False,,,T+I,True,explicit,add more lighting options,P3
REST_1338,restaurant,"This Korean BBQ spot is fantastic, but the reservation system could use some upgrading. I suggest they make it more user-friendly and streamlined so we can book tables ahead of time more smoothly.",True,A phone screen displays a restaurant reservation app interface with various options and text. The layout appears dense with many small elements.,A photo of a detailed but confusing restaurant reservation app interface displayed on a phone screen.,False,,,T+I,True,explicit,upgrade reservation system,P3
REST_1334,restaurant,"Great to see the food truck has an extensive menu, but I recommend adding more dietary accommodations such as gluten-free and dairy-free options.",True,A street scene with a line of people waiting at a colorful food truck.,Capture of photo of a bustling street with people queuing up at a brightly colored mobile kitchen unit.,False,,,T+I,True,explicit,add more dietary accommodation options,P3
REST_1262,restaurant,"The Korean BBQ restaurant offers a wide variety of dishes, but I wish there were more spice level options for the less adventurous eaters. They could consider adding a milder version of their signature dish to cater to all palates.",True,"Plates of Korean BBQ dishes including meat, vegetables, and sauces are visible on a table. Some dishes appear red in color.","A photo of multiple plates with various Korean BBQ dishes, some clearly very spicy.",False,,,T+I,True,explicit,add a milder version of their signature dish to cater to all palates,P3
REST_1292,restaurant,The farm-to-table restaurant offers amazing seasonal specials. I wish they could provide a bit more detail on where the ingredients come from to satisfy my curiosity as a health-conscious eater.,True,A plate of colorful fresh vegetables and herbs is shown on a white surface.,"Visual of photo of a plate with fresh vegetables and herbs, but no accompanying description of the origin or farm details.",False,,,T+I,True,explicit,provide a bit more detail on where the ingredients come from to satisfy my curiosity as a health-conscious eater,P3
REST_1273,restaurant,"The vegetarian cafe’s menu needs a bit more variety in its spiciness. For those who enjoy it extra hot, they could consider adding some spice level options or even a spicy sauce on the side.",True,A close-up photo of a vegetarian dish with a white sauce and green garnish.,Close-up of picture of a dish from the vegetarian cafe with no clear indication of spiciness and no spices visible at all.,False,,,T+I,True,explicit,add a bit more variety in its spiciness,P3
REST_1320,restaurant,It would be better if they improved their food presentation skills. The plating is quite drab despite having delicious ingredients.,True,"A plate of food with a simple arrangement, appearing mostly beige in color.","Visible in the image: photo of a dish where the food looks quite plain and not visually appealing on the plate, suggesting poor plating skills.",False,,,T+I,True,explicit,improve food presentation,P3
REST_1294,restaurant,"The coffee shop's beans are fantastic, but the noise level is pretty high during peak hours. They could add soundproofing to improve ambiance for those who prefer a quieter setting.",True,"People sit at tables with coffee cups, espresso machines are visible in the background.","A photo showing people talking loudly over cups of coffee and espresso machines in operation, suggesting loudness.",False,,,T+I,True,explicit,add soundproofing to improve ambiance for those who prefer a quieter setting,P3
REST_1298,restaurant,"The Mediterranean grill is a great place for vegetarians, but it would be better if they offered more vegan options. I suggest adding dishes that are free from all animal products to cater to strict vegans like me!",True,"A plate of food including vegetables, rice, and other items, with a small sign nearby.",View of photo of a mixed vegetarian plate with a small sign indicating limited vegan options available.,False,,,T+I,True,explicit,offer more vegan options,P3
REST_1279,restaurant,"The ramen shop's portion sizes are perfect for takeout customers like me! However, the containers could be slightly bigger and better-insulated for hot foods.",True,A takeout container from a ramen shop with a clear plastic lid. The container appears to be partially filled with food.,"A photo of a takeout container from the ramen shop, showing it is not very large or well insulated.",False,,,T+I,True,explicit,make takeout containers bigger and better insulated,P3
REST_1318,restaurant,The wait staff here are too eager to rush through the dining experience. Please add a more relaxed approach for solo diners who enjoy leisurely meals.,True,A person sits at a table in a restaurant while servers work nearby.,"A lone diner at an unoccupied table, while servers hurriedly attend to other tables and clear plates off quickly.",False,,,T+I,True,explicit,add a more relaxed approach for solo diners who enjoy leisurely meals,P3
REST_1332,restaurant,"The French bistro's outdoor seating is lovely, but I wish the reservation system could be smoother. It would make it better if they had an online platform that syncs with their in-house schedule.",True,"A street scene with outdoor tables at a bistro, and people seated at them. The day appears sunny.","A busy street scene outside a charming bistro, showing patrons enjoying their meal on a sunny day.",False,,,T+I,True,explicit,add online reservation platform,P3
REST_1282,restaurant,How about the Ethiopian restaurant adds a section on their menu for those with food allergies? I'm an event planner organizing a dinner and knowing what is in each dish would be invaluable.,True,"A menu with numerous food items listed, without clear dietary labels or icons.","Photo of photo showing a menu crowded with items, lacking clear labeling or symbols for dietary accommodations.",False,,,T+I,True,explicit,add allergy information section on the menu,P3
REST_1346,restaurant,"As a student, the Italian restaurant downtown is a bit pricey but I wish their portions were bigger. It would be better if we could get more value for money as students.",True,"The image shows a display of pasta dishes with red, green, and white sauces. Plates are large and full of food.",Display showing colorful display of pasta dishes in large serving plates with sauces that vary from red to green and white.,False,,,T+I,True,explicit,offer better value portions for students,P3
REST_1258,restaurant,"As a health-conscious eater, I wish this Mexican cantina would offer more fresh salads. The guacamole is fantastic!",True,"The image shows a restaurant interior with tables and chairs, and colorful artwork on the walls. A salad bar with a few options is visible.",Photo of photo showcasing the restaurant's bustling interior with colorful decor and limited salad options displayed.,False,,,T+I,True,explicit,offer more fresh salad options,P3
REST_1271,restaurant,"The ambiance at the ramen shop is cozy, but they could consider adding more seating options for larger groups. The lighting is a bit too dim, making it hard to read the menu.",True,A dimly lit ramen shop with people seated at tables and counters. Some menu items are visible in the background.,"The image reveals photo of diners in the ramen shop with very low lighting, obscuring some menu items.",False,,,T+I,True,explicit,add more seating options for larger groups,P3
REST_1300,restaurant,This coffee shop is a student favorite due to its affordability and proximity to the university campus. I suggest adding more outlets for charging laptops during busy mornings when all seats are taken up with people studying or working.,True,The image shows a cafe seating area with people using laptops and phones. Tables have cups and other items on them.,"Display showing photo of occupied seating where each patron is using their devices, without visible chargers.",False,,,T+I,True,explicit,add more outlets for charging laptops during busy mornings when all seats are taken up with people studying or working,P3
REST_1268,restaurant,The burger joint's food presentation is a bit lackluster compared to other places. It would be great if they could put more effort into arranging each dish attractively; it really makes a difference for the overall dining experience.,True,A burger and fries are on a white plate. The food appears casually arranged.,The image reveals photo of a burger and fries served on a standard plate with little attention paid to arrangement or presentation.,False,,,T+I,True,explicit,improve food presentation,P3
REST_1259,restaurant,"For such a busy place, it's surprising the service isn't faster. But I understand they are maintaining the quality of their food — the beef carpaccio is divine!",True,The image shows a busy dining hall with people standing near a counter and staff members moving around. Tables and chairs are visible in the background.,A crowded dining hall with patrons waiting for their orders and staff rushing about.,False,,,T+I,True,implicit,improve service speed,P3
REST_1302,restaurant,"I love the pizza place's drink menu, but it would be better if they offered non-alcoholic alternatives. The current range is too narrow and lacks variety for those who prefer soft drinks.",True,A photo of a drink menu listing several cocktails and other alcoholic beverages.,A photo of the drink menu with a focus on alcoholic beverages.,False,,,T+I,True,explicit,offer non-alcoholic alternatives,P3
REST_1270,restaurant,"The Thai restaurant has an amazing outdoor seating area, but it can get quite noisy during peak hours. They could add some sound-absorbing elements like plants or curtains to make dining a more pleasant experience for guests.",True,"People are seated at tables outdoors, eating and drinking. There are umbrellas and a building in the background.",A photo of the outdoor area with diners sitting and chatting loudly over their meals.,False,,,T+I,True,explicit,add some sound-absorbing elements like plants or curtains to make dining a more pleasant experience for guests,P3
REST_1264,restaurant,"The Italian restaurant's menu is diverse, but the cleanliness could use a bit of improvement. I suggest they should ensure all tables and chairs are wiped down thoroughly after each dining party to maintain a better hygiene standard.",True,A table with a plate of food and scattered crumbs on it.,"Picture showing photo of a table with crumbs and an unfinished meal, indicating a lack of proper cleaning.",False,,,T+I,True,explicit,ensure all tables and chairs are wiped down thoroughly after each dining party to maintain a better hygiene standard,P3
REST_1252,restaurant,"The cleanliness of this fine dining restaurant needs to be addressed; I noticed dust on the table and some crumbs on the floor. However, the wine selection was impressive!",True,"A table with various objects, including papers and small items, appears clean but has some visible specks of dirt.","Visible in the image: detailed view of a spotlessly clean yet cluttered-looking table, with a few visible specks of dirt.",False,,,T+I,True,implicit,improve cleanliness standards,P3
REST_1253,restaurant,"This wine bar should definitely add more vegan options! The atmosphere is wonderful, but as a vegetarian, I found it challenging to find dishes that fit my dietary restrictions.",True,"A wine list is displayed on a dark wall, with a short list of food items below it.",An image of an elegant wine list displayed on the wall with minimal food offerings listed.,False,,,T+I,True,explicit,add more vegan options,P3
REST_1330,restaurant,"The French bistro offers delicious food, but the accessibility could be improved by adding wheelchair ramps to the entrance. They should consider installing them to ensure everyone can enjoy the dining experience without any obstacles.",True,The image shows the front of a bistro with a dark awning over the entrance. A few tables are visible outside.,Snapshot of photo of the front entrance of the French bistro with no visible ramp or assistance for those with mobility issues.,False,,,T+I,True,explicit,add wheelchair ramps for accessibility,P3
REST_1275,restaurant,"The farm-to-table restaurant’s portion sizes are impressive, but could they include healthier options for the health-conscious eaters among us? Many dishes seem quite heavy.",True,"A plate of food with several different items, including a steak and vegetables.",A photo of a large plate from the farm-to-table menu with very rich-looking food items on it.,False,,,T+I,True,explicit,include healthier options on the menu,P3
REST_1367,restaurant,"Love the authentic vibes at this Mexican cantina, though it can get quite noisy during peak hours. It's not ideal for a quiet conversation over dinner.",True,People are seated at tables in a brightly lit restaurant with a busy background.,Image depicting photo shows people dining in an animated atmosphere with visible noise and activity around the tables.,False,,,T+I,True,implicit,manage noise levels during peak hours,P2
REST_1417,restaurant,"The sushi bar offers beautiful presentations, but I had an issue with the portion sizes of some dishes. They seem a bit small compared to what you'd expect in other places.",True,A platter of sushi with a variety of rolls and two smaller side dishes on the left.,A beautifully arranged platter of sushi with two smaller portions placed at one end,False,,,T+I,True,implicit,adjust portion sizes to meet customer expectations,P2
REST_1369,restaurant,Wasn't a huge fan of how this pizza place's menu items looked different from what was advertised on the board. The actual food was much less appealing.,True,A menu board displays several food items with accompanying pictures.,Snapshot of photo shows an attractive looking menu board with pictures that starkly contrast with the real dishes served on tables.,False,,,T+I,True,implicit,improve consistency between menu descriptions and actual dishes served,P2
REST_1353,restaurant,"The kitchen here maintains excellent cleanliness, but I noticed that some tables need a bit more attention after each dining session.",True,A photo of kitchen equipment next to restaurant tables with dishes and clutter.,A photo of clean kitchen equipment and dirty restaurant tables left for cleaning.,False,,,T+I,True,implicit,ensure thorough table cleaning after each use to maintain overall cleanliness,P2
REST_1427,restaurant,"Just ate at the seafood restaurant and everything was overcooked, lacking any freshness. The waiter said it’s a matter of preference, but I know fresh when I taste it.",True,"The image shows a plate of cooked seafood, including shrimp and lobster. The food appears browned and is presented on a white plate with a green garnish.",Display showing photo of overcooked sea food with no visible signs of being freshly prepared.,False,,,T+I,True,implicit,improve seafood freshness,P2
REST_1383,restaurant,"At the sushi bar, I couldn't help but notice a few customers with leftovers from such generous portions. The flavors were spot on, just a bit too much for a light lunch.",True,"A plate of sushi with rice and fish, with some empty space on the plate.","Display showing large plate of sushi overflowing with rice and fish, surrounding an empty space where bites should be.",False,,,T+I,True,implicit,adjust portion sizes for reasonable servings,P2
REST_1411,restaurant,"The deli sandwiches are always a hit, but I wish there were more options for kids. The little ones might appreciate something less substantial than the adult menu items.",True,A large sandwich on a plate with multiple layers of ingredients.,"Photo of close-up of a large, complex sandwich on a plate with no side options visible",False,,,T+I,True,explicit,expand the kids menu with smaller options,P2
REST_1380,restaurant,Our first time visiting this fine dining restaurant and it was impressive. Just noticed that the drink menu had some items not listed — we had to rely on the waiter's recommendations.,True,"A dining table setting with glassware and silverware, partially visible menu in the background.","Frame showing photo of a fine dining table with glasses and utensils, while the visible parts of the drink menu are incomplete.",False,,,T+I,True,implicit,expand drink menu options,P2
REST_1409,restaurant,"The ambiance at the bistro is cozy, but it gets quite loud during peak hours. It would be nice to have some sound dampening materials or a quieter dining area.",True,"A busy bistro with people seated at tables, and overlapping conversations.",Close-up of photo of diners in a bustling bistro with many conversations overlapping.,False,,,T+I,True,explicit,improve sound dampening or create a quieter dining area,P2
REST_1460,restaurant,"When I ordered takeout from the ramen shop, the noodles were already cold by the time it got to me. For the price, you’d expect some kind of assurance that everything would be hot and fresh.",True,A takeaway box with condensation on the lid and sides.,"Close-up of photo of a takeaway box with visible condensation around the edges, indicating prolonged travel time causing food to cool down.",False,,,T+I,True,implicit,improve the box's sealing or insulation to prevent condensation,P2
REST_1407,restaurant,"The steakhouse's seasonal specials are always a delight, but it would be nice to have a clearer indication of what ingredients come with each dish for those watching their diet.",True,Screenshot showing a menu with a 'Seasonal Specials' section listing food items.,Screenshot showing menu showing the seasonal specials section.,False,,,T+I,True,explicit,clarify ingredient information for health-conscious diners,P2
REST_1395,restaurant,"Family dinner was lovely, but trying to reserve a table here involves a lot of back and forth. It feels quite complex compared to other places.",True,A restaurant interior with several families seated at tables. Some people are looking at their phones.,"Photo of photo showing families sitting at tables in the restaurant; one group appears on their phones, possibly making reservations.",False,,,T+I,True,implicit,simplify reservation system,P2
REST_1488,restaurant,"Visited the new ramen shop downtown. Was really hoping for a vegetarian option, but all the broths seemed to be animal-based. Plus, I don't see how you can get that spicy level right after just opening. Too hot and unbalanced.",True,A plate of red noodles in a dark-colored broth.,"Visual of plate with broth and noodles, very red from spices.",False,,,T+I,True,explicit,add vegetarian broth options,P2
REST_1416,restaurant,"We came here as a family with kids and found the reservation system to be quite challenging. If making reservations for larger groups was smoother, it would really enhance our experience at this farm-to-table restaurant.",True,"A group of people are seated around a wooden table. They appear to be adults and children, and are smiling.",Visual of smiling group of adults and children sitting around a rustic table,False,,,T+I,True,explicit,simplify reservation system for families,P2
REST_1363,restaurant,"The pizza place has amazing seasonal specials. But what about the outdoor seating? It's always empty, even on nice days.",True,"The image shows a restaurant with many tables occupied inside, while the outdoor patio area is empty.",A photo shows a bustling indoor dining area but an empty outdoor seating section during good weather conditions.,False,,,T+I,True,explicit,promote outdoor seating usage,P2
REST_1399,restaurant,"This burger joint is fabulous, but how come there's no outdoor seating? It could be such a nice spot for people-watching!",True,"The image shows a restaurant dining area with several tables and chairs. People are seated at some of the tables, and there are lights hanging from the ceiling.",Close-up of photo of the interior dining area at a busy burger restaurant; no visible outdoor space.,False,,,T+I,True,explicit,introduce outdoor seating,P2
REST_1381,restaurant,"The brunch spot is lovely, but I always end up feeling a bit chilly in the corner booth where we sat. The food, however, was absolutely delicious and beautifully presented.",True,"A table is set with multiple plates of food, and a person is seated in a dimly lit corner.",Display showing photo of an elegantly set table with steaming dishes and a cold-looking customer sitting in a dark corner of the restaurant.,False,,,T+I,True,implicit,improve heating or seating in cold areas of the restaurant,P2
REST_1375,restaurant,"Happy hour at the pizza place is a hit, but I noticed some of my vegetarian friends had limited choices. A few more veggie options would make it even better!",True,"The image shows a happy hour menu with several food and drink items listed. Meat dishes are prominently featured, with fewer vegetarian options visible.","Frame showing photo of the happy hour menu with plenty of meat dishes highlighted, with fewer vegetable options.",False,,,T+I,True,explicit,expand the vegetarian options during happy hour,P2
REST_1391,restaurant,"Visited the Italian restaurant last night, and it's a lovely place with dim lighting. However, there was quite a bit of noise from other patrons, which made conversation difficult at times.",True,A photo of a table setting in a restaurant with several plates and glasses. People are visible in the background.,The image reveals photo showing an elegantly set table in a dimly lit Italian restaurant with visibly noisy diners nearby.,False,,,T+I,True,implicit,reduce noise levels in the restaurant,P2
REST_1415,restaurant,"As a business lunch group, we really appreciated the speed of service. The only thing that could improve it would be if there were seasonal specials featured on the menu during peak times.",True,The image shows a busy restaurant with people seated at tables and servers walking between them. Several tables have plates of food on them.,A bustling lunch scene with servers quickly taking orders and delivering dishes,False,,,T+I,True,explicit,highlight seasonal specials on the menu,P2
REST_1357,restaurant,"The value for money at this place is great, but can we get more accurate pricing on the menu? It's a bit confusing.",True,The image shows a blurry menu with some text and pricing information.,Capture of blurry image of a menu with unclear price tags near items.,False,,,T+I,True,implicit,clarify pricing on the menu,P2
REST_1377,restaurant,"Fine dining at its best, but I noticed a discrepancy between what was on the menu and what we received. The dishes didn't quite match descriptions.",True,A photo of plated food in front of a blurred menu board.,A photo of beautifully presented food that doesn't correspond to the listed dishes in the background menu.,False,,,T+I,True,implicit,ensure food served matches menu descriptions,P2
REST_1355,restaurant,The portion sizes here are generous and very satisfying. Is there ever a lighter option for those watching their calories?,True,A photo showing two large plates of food with a small side salad on each plate.,Photo of photo of large servings with a small side salad.,False,,,T+I,True,explicit,offer lighter portion options,P2
REST_1373,restaurant,"The deli's sandwiches are divine, but I wish there was a clearer option for those of us trying to stick to our health goals. Maybe include more nutritional information?",True,A deli counter displays a variety of meats and cheeses in a glass case.,"Capture of photo of the deli counter with various displayed meats and cheeses, but no visible nutritional info.",False,,,T+I,True,explicit,include more nutritional information for health-conscious customers,P2
REST_1390,restaurant,"The kids menu at this place was a lifesaver for our family trip. The food was a big hit with the little ones, but the portion sizes were just a bit too small if you're trying to feed several children without breaking the bank.",True,"A photo of a child's plate of food next to adult plates, with people eating at a table.","A photo of a child's meal on a smaller plate compared to adult meals, showing happy kids eating their food.",False,,,T+I,True,implicit,increase portion sizes on the kids menu,P4
REST_1388,restaurant,"Farm-to-table restaurants are all the rage, but it's hard not to notice when something feels a bit out of season. The greens were still tasty, just not as crisp as I hoped they'd be this time of year.",True,"A plate of colorful vegetables including carrots, lettuce, and tomatoes. Some leaves appear wilted around the edges.","Picture showing plate of farm-fresh vegetables, with some leaves looking less fresh than others on the side of the dish.",False,,,T+I,True,implicit,ensure seasonally appropriate produce is used,P4
REST_1396,restaurant,"A fun BBQ place, but when we tried to order a burger with less spice, they seemed confused. It would be nice if the menu was clearer about spice levels!",True,"A menu displays several burgers with red pepper icons, likely indicating spice levels. The background is a casual BBQ restaurant setting.",Visual of photo of various spicy burgers on the menu at a casual BBQ joint.,False,,,T+I,True,explicit,clarify spice level options on menu,P4
REST_1372,restaurant,"Our regular spot for ramen has gotten a bit slow with their service. We often find ourselves waiting longer than expected for our orders, despite it being less crowded.",True,The image shows a ramen shop with empty tables and chairs. Staff members are visible behind the counter in the background.,"Frame showing photo of a busy but empty seating area inside the ramen shop, with staff seen in the background.",False,,,T+I,True,implicit,improve staff efficiency to reduce customer wait times,P4
REST_1352,restaurant,"The variety of desserts at this cafe is impressive, but a few options felt too similar in flavor. Perhaps diversifying would be even better.",True,The image shows a variety of cream-colored pastries and cakes on a table. Some have fruit toppings and a light dusting of powder.,An image showcasing several dessert items that look quite similar.,False,,,T+I,True,explicit,increase the range of flavors in dessert offerings to better cater to diverse tastes,P4
REST_1402,restaurant,"The French bistro's happy hour is fantastic, but sometimes the specials seem a bit pricey. Maybe they could consider offering smaller portions?",True,A plate with a variety of small food items on it.,Picture showing plate with small plates of various appetizers.,False,,,T+I,True,explicit,offer smaller portions for happy hour specials,P4
REST_1354,restaurant,"Happy hour specials are a hit here, but I wish there were more vegan options. It's such a popular time!",True,"A menu showing a variety of drinks and snacks, with a small section labeled 'vegan options'.",Image depicting image of happy hour drink and snack selections with limited vegan offerings.,False,,,T+I,True,explicit,expand the happy hour menu to include more vegan options,P4
REST_1398,restaurant,"Slept through happy hour, but when I finally stopped by, the specials board was outdated. A bit disappointing given how tempting the deals were!",True,A happy hour board with some text and empty spaces for deals.,Photo of photo of a happy hour board showing some blank sections where deal descriptions should be.,False,,,T+I,True,implicit,keep the happy hour specials board up to date,P4
REST_1386,restaurant,"My friend and I had a fantastic time at the Mexican cantina! The food was fresh and vibrant, but the clanging of dishes and loud chatter made it hard to carry on our conversation. Is there some way you could address that?",True,The image shows a brightly lit cantina with people seated at tables and servers moving around. Several colorful drinks are visible on the bar.,"A bustling cantina with bright colors and an energetic atmosphere, showing servers busily refilling drinks and clearing plates.",False,,,T+I,True,explicit,decrease noise level for better conversation,P4
REST_1374,restaurant,"Was excited to try the new coffee shop in town, but I couldn't find a spot to park. It was either circle around for what felt like forever or go across the street and walk it over.",True,"The image shows a parking lot mostly filled with cars, and some vehicles parked along the side of a street.",Frame showing photo of the small parking lot near full capacity with overflow cars along the street.,False,,,T+I,True,implicit,provide more or better parking options for customers,P4
REST_1382,restaurant,"The Korean BBQ was a feast for the eyes and stomach, but I found myself glancing at my phone more often than I'd like to admit due to the low lighting. Would love to come back when it's brighter!",True,A dimly lit table with grilled meat and several phones held up by people.,"Visible in the image: dimly lit table with sizzling meat on grill stations, making customers reach for their phones for light.",False,,,T+I,True,explicit,improve lighting for better ambiance and visibility,P4
REST_1378,restaurant,"Was thrilled to find this burger joint offered gluten-free buns, but the clarity could be better. I had to ask twice about options for those with allergies.",True,A photo of a counter with multiple people standing and interacting near a cash register.,The screen shows photo of a busy counter where customers and staff are talking closely together.,False,,,T+I,True,explicit,improve clarity for dietary accommodations,P4
REST_1370,restaurant,"Enjoyed the vegan options at this health-conscious bakery, but they could use some clearer labeling for dietary needs. It's a bit confusing.",True,A display of various pastries and cakes with handwritten labels.,View of photo shows a range of baked goods with labels that appear vague or hard to understand in terms of specific dietary needs.,False,,,T+I,True,explicit,improve clarity of dietary labeling for baked goods,P4
REST_1376,restaurant,"The burger joint’s lighting could be a bit brighter, especially for a quick lunch on gloomy days. It's cozy but can feel dark inside.",True,"The image shows a dining area with tables and chairs, dimly lit with shadows on the walls.",The screen shows photo of the dining area with dimly lit tables and shadows visible on the walls.,False,,,T+I,True,explicit,increase lighting to improve visibility during dimly lit times,P4
REST_1404,restaurant,"The ice cream parlor has fantastic flavors, but I always feel like I'm in a hurry here. A bit more seating and relaxed atmosphere would be lovely!",True,The image shows a busy ice cream shop with several people and tables. A display case filled with ice cream flavors is visible.,Visual of crowded ice cream shop with limited seating.,False,,,T+I,True,implicit,increase seating and create a more relaxed atmosphere,P4
REST_1384,restaurant,"The dessert cafe is a real treat with its array of pastries, but I wish there were more space between tables. It's quite cozy in here!",True,"A cafe interior with multiple tables and people, and desserts on the tables.",Screenshot showing crowded cafe interior filled with closely placed tables and customers enjoying their desserts.,False,,,T+I,True,explicit,increase spacing between tables for more comfortable dining,P4
REST_1410,restaurant,"The deli's food presentation is unique and eye-catching, but sometimes it feels like the packaging could be more eco-friendly. It would be great to see some compostable options!",True,"A sandwich in plastic packaging sits on a white surface. The sandwich appears to have lettuce, tomato, and some type of meat inside.",A photo of a beautifully presented sandwich in non-compostable packaging.,False,,,T+I,True,explicit,offer compostable packaging options,P4
REST_1356,restaurant,"Service here is fast and efficient, but there's a bit of chaos during peak hours. It could use some streamlining?",True,The image shows a busy kitchen and dining area with people working. Tables are set and there are several individuals visible throughout the space.,A snapshot showing bustling staff in the kitchen and dining area.,False,,,T+I,True,explicit,improve organization of operations to reduce service pressure during peak hours,P4
REST_1435,restaurant,Can they not keep the tables clean? I saw a dirty napkin left on the surface and some crumbs. It's just not up to my standards.,True,A table with some items and visible crumbs on the surface.,A poorly maintained table with visible food debris.,False,,,T+I,False,,,HN
REST_1418,restaurant,"Visited the new sushi bar downtown and was utterly disappointed. The fish tasted like it had been sitting out all day, and there wasn’t even a basic soy sauce option available for those who need gluten-free alternatives.",True,A plate of sushi with various colored fish slices and some rice.,Screenshot showing plate of poorly presented sushi with discolored fish slices.,False,,,T+I,False,,,HN
REST_1432,restaurant,The Mediterranean grill is far less welcoming than the Mexican cantina next door. The decor here feels outdated and dull.,True,"The image shows the interior of a restaurant with wooden tables and chairs. Dim lighting illuminates the simple, uncluttered space.","Picture showing inside view of an older, dimly lit eatery with plain decor.",False,,,T+I,False,,,HN
REST_1450,restaurant,"The noise level is too high here, especially during the dinner rush. I was having trouble holding a conversation with my colleagues over lunch.",True,"The image shows a restaurant dining area with several occupied tables. People are seated at the tables, and there is a general sense of activity.",Visible in the image: photo of busy tables and loud chatter in the restaurant's dining area.,False,,,T+I,False,,,HN
REST_1474,restaurant,The loyalty program at this ramen shop is a joke. I've been coming here for months and haven't seen any meaningful rewards or discounts.,True,A worn loyalty card with several crossed-out items and faded graphics.,A poorly organized loyalty card with scratched out entries and faded images of past offerings.,False,,,T+I,False,,,HN
REST_1454,restaurant,The cleanliness here is an issue. I noticed crumbs and stains on the tables after they were supposedly cleaned.,True,A restaurant table with a dark wood surface and some visible crumbs. A white napkin is folded on the table.,"A photo of a table at a restaurant with visible crumbs and faint staining, even though it appears to have been wiped down.",False,,,T+I,False,,,HN
REST_1437,restaurant,Why does the gastropub have such a high noise level? It makes it hard to enjoy my quiet glass of wine without being disturbed.,True,The image shows a dimly lit bar with people standing and sitting at the counter. Several glasses and bottles are visible on the bar top.,A scene inside a bar with patrons loudly conversing and music playing loudly in the background.,False,,,T+I,False,,,HN
REST_2140,restaurant,The communal table meant I was eating elbow to elbow with complete strangers. Zero personal space.,True,A restaurant exterior showing peeling paint and faded signage.,,False,,,T+I,False,,,HN
REST_1434,restaurant,How long does it take to get a simple order of ramen here? The slow service was such a letdown.,True,A person is looking at their watch while standing at an empty table near a counter.,Snapshot of empty table with an impatient customer checking their watch in front of the counter.,False,,,T+I,False,,,HN
REST_2145,restaurant,The French bistro service was incredibly rude. The waiter rolled his eyes when we asked a question.,True,A takeout container showing food that has shifted and spilled inside.,,False,,,T+I,False,,,HN
REST_1453,restaurant,The ambiance here is just not what I expected. It felt way too informal for a brunch spot with aspirations of being trendy.,True,"A brunch setting with a table and chairs, featuring a variety of dishes and glasses. The decor appears casual with some clutter.","Photograph showing photo of the casual and slightly messy setup at a brunch venue, with mismatched furniture and low-quality decor.",False,,,T+I,False,,,HN
REST_2141,restaurant,The music was so loud we had to shout across the table. A dinner conversation was impossible.,True,A plate showing wilted garnish and dried-out food presentation.,,False,,,T+I,False,,,HN
REST_1455,restaurant,Is there a better parking situation nearby? We ended up circling the block for nearly half an hour trying to find a space.,True,Cars are parked along a street in front of a restaurant with limited space.,"A photo of cars parked haphazardly in front of a restaurant, with no visible available spots.",False,,,T+I,False,,,HN
REST_1481,restaurant,"Was told the happy hour was from 4-7 PM, but it seemed like a bait and switch. The specials were just regular menu prices during that timeframe.",True,A poster board displays a faded 'Happy Hour' advertisement with some text marked out.,A poster board outside the restaurant showing an old 'Happy Hour' advertisement with crossed-out text and no updated details.,False,,,T+I,False,,,HN
REST_1448,restaurant,"Visited the Thai restaurant with my kids, and their menu is surprisingly lacking in options for them. They were disappointed as there was nothing suitable on the kids' menu.",True,A menu board with a blank section for kids' items is hanging on a wall.,Screenshot showing photo of an empty kid's section of the menu hanging on a wall.,False,,,T+I,False,,,HN
REST_2168,restaurant,Our server had zero knowledge of the menu. Every question was met with I will go check.,True,A restaurant table with dirty plates and spilled drinks still present.,,False,,,T+I,False,,,HN
REST_1493,restaurant,"Went to this dessert cafe for a special occasion. The presentation was stunning, but the flavors were just off. Too much mint in everything!",True,"A plate with a colorful, patterned design and some lighter, unfinished areas.","A beautiful plate with pastel colors and intricate designs, but some parts of it look undercooked.",False,,,T+I,False,,,HN
REST_1397,restaurant,"As an event planner, I had to rely heavily on takeout services this weekend. It was great the food tasted as delicious when it arrived as it did in their restaurant!",True,A receipt from a restaurant with a list of food items and prices.,View of photo of a receipt from a local restaurant showing varied items ordered for takeout.,False,,,T+I,False,,,HN
REST_2159,restaurant,Our takeout bag was soaking wet from condensation. The food containers had leaked sauce everywhere.,True,A photo of a dish that looks nothing like the menu photo.,,False,,,T+I,False,,,HN
REST_1489,restaurant,"Couple's night at this fancy Italian place, and we were disappointed by the dirty utensils. It doesn't matter how good the pasta is when you're eating with a fork that looks like it hasn't been washed.",True,A spoon and knife rest on a table with some food remnants on both utensils.,"Capture of spoon and knife on the table, both visibly streaked with food residue.",False,,,T+I,False,,,HN
REST_2139,restaurant,The breakfast diner served expired orange juice. It tasted fermented and I felt sick afterward.,True,A menu board with items crossed out and prices changed with marker.,,False,,,T+I,False,,,HN
REST_1492,restaurant,"The outdoor seating at this Mexican cantina is just underwhelming. No real shade and it's right next to the street, so we could hear the traffic all night long.",True,A patio with several small umbrellas and a street with cars visible in the background.,"A patio with only a few small umbrellas for shade, visible cars passing by on the adjacent street.",False,,,T+I,False,,,HN
REST_1419,restaurant,"Was hoping for a great farm-to-table experience, but the service was slow and the menu selection felt repetitive. I asked about vegan options; they had none listed and didn’t offer any alternatives.",True,A receipt with several identical items listed.,"View of receipt with similar dish names written across it, indicating limited menu variety.",False,,,T+I,False,,,HN
REST_2152,restaurant,The TV screens at every table were blasting sports and can barely not be muted. We came to dine not watch games.,True,A plate of food showing undercooked meat with raw center visible.,,False,,,T+I,False,,,HN
REST_1449,restaurant,"As a health-conscious eater, I expected more variety in terms of healthy options here. The menu seems to revolve around heavy dishes.",True,The image shows a restaurant menu with several food items listed and prices.,"A picture of the menu items displayed on the wall, highlighting heavy and rich dishes.",False,,,T+I,False,,,HN
REST_1444,restaurant,"The fresh ingredients were really not up to standard at the Mediterranean grill. The vegetables tasted like they'd been sitting out too long, and it’s a pity for such an otherwise good place.",True,"A plate of food with a variety of vegetables and dips, some appear wilted.",The screen shows poorly prepared mezze plate with wilted vegetables and lackluster presentation.,False,,,T+I,False,,,HN
REST_1451,restaurant,"When I tried to order takeout, the app was incredibly confusing. It took forever just to place a simple pizza order.",True,A mobile phone screen displays a busy ordering interface with numerous buttons and text options.,A photo of the mobile phone interface showing a complicated and cluttered ordering screen with too many options.,False,,,T+I,False,,,HN
REST_1467,restaurant,"We tried the Indian restaurant's special thali set and it was a complete disaster. The flavors were just off, and for someone who loves spices, this felt like eating boiled rice with salt.",True,A thali set with multiple small bowls and plates containing various foods. The presentation appears simple and the colors are muted.,"A photo of a poorly presented thali set with dishes that seem bland and lack flavor, contrasting the vibrant expectations of an Indian thali meal.",False,,,T+I,False,,,HN
REST_2149,restaurant,The ramen broth was so salty it was inedible. I drank three glasses of water and still felt parched.,True,A restaurant showing a long queue extending outside the door.,,False,,,T+I,False,,,HN
REST_1476,restaurant,This was my first visit to the coffee shop downtown and the menu is so confusing. I asked for a regular latte but ended up with something completely different.,True,"A coffee menu with a lot of text and various font sizes, making it appear cluttered.","A photo of a crowded, poorly organized coffee menu that looks difficult to read or navigate.",False,,,T+I,False,,,HN
REST_1447,restaurant,"Compared to the Thai restaurant next door, this one seems outdated in its seasonal specials. It just doesn’t keep up with current trends.",True,"The image shows two restaurant menus side by side, with one menu having fewer items than the other.",The image reveals side-by-side comparison showing two different restaurants' menus for seasonal dishes; the highlighted menu here lacks creativity and variety.,False,,,T+I,False,,,HN
REST_2171,restaurant,My dietary preference card was ignored by every server shift. I explained my allergies four times.,True,A plate showing wilted garnish and dried-out food presentation.,,False,,,T+I,False,,,HN
REST_1471,restaurant,"They say this Italian place caters well to those with gluten allergies, but I found myself questioning the kitchen's cleanliness. Is that a crumb or flour on my plate?",True,A close-up photo of pasta with sauce and some crumbs on the plate.,A close-up photo of an Italian dish with visible crumbs and possible flour residue.,False,,,T+I,False,,,HN
REST_1495,restaurant,"A lot of the lighting here is too dim, making it hard to read the menu or really see our food. It's a bit romantic for a business lunch.",True,"A dimly lit room with multiple tables, each holding a lit candle.",Dark room with only candles providing light on each table.,False,,,T+I,False,,,HN
REST_1478,restaurant,"Visited this French bistro for a romantic dinner, and it was far from perfect. The portion sizes were minuscule, leaving us feeling unsatisfied after our date night.",True,A plate with a small serving of food on a dark surface.,A plate with very small portions of food against a dark background.,False,,,T+I,False,,,HN
REST_1428,restaurant,Why are the desserts here so limited? The Thai restaurant down the street has a much better selection.,True,A white plate holds a single chocolate cupcake with light frosting.,"A single, unimpressive dessert on a white plate.",False,,,T+I,False,,,HN
REST_1446,restaurant,"The ambiance at this Korean BBQ was really lovely, but the portion sizes were too small for our group of eight.",True,"A dining area with a wooden table and chairs, and a light-colored wall.","A well-lit dining area with a friendly and cozy atmosphere, but an empty table indicates that seating might be limited.",False,,,T+I,False,,,HN
REST_2160,restaurant,The Mediterranean food was drowning in oil. Every dish left a pool of grease on the plate.,True,A takeout container showing food that has shifted and spilled inside.,,False,,,T+I,False,,,HN
REST_2173,restaurant,The sushi rice was room temperature and hard. It crumbled instead of holding the fish in place.,True,A restaurant interior showing empty tables with dirty surfaces.,,False,,,T+I,False,,,HN
REST_1485,restaurant,The dessert cafe served an overly sweet and poorly presented ice cream sundae. I expected better from a place specializing in treats.,True,"A bowl of ice cream with many colorful toppings, overflowing the sides.","Frame showing large bowl of ice cream with excessive toppings, spilling over the edges and showing poor presentation skills.",False,,,T+I,False,,,HN
REST_1459,restaurant,"The Mediterranean grill's ingredients tasted stale, and it was a huge turnoff after the vibrant flavors we expected. It’s hard to believe such a popular place could serve food that clearly wasn’t fresh.",True,A dish contains wilted vegetables and some pieces of meat.,"Visual of close-up photo of a dish with wilted vegetables and lackluster meats, indicating stale ingredients.",False,,,T+I,False,,,HN
REST_2153,restaurant,The tacos fell apart the moment I picked them up. The tortillas were paper thin and completely soggy.,True,A restaurant table with dirty plates and spilled drinks still present.,,False,,,T+I,False,,,HN
REST_1486,restaurant,"At the Korean BBQ place, it was hard to ask for less spicy options. The staff seemed dismissive of my request and it got me a dish I couldn't handle.",True,"The image shows a plate of grilled meats covered in a red sauce, on a table with other dishes.","Display showing photo showing grilled meats with what appears as extremely red or fiery sauce all over, on the table where customers can barely find their food.",False,,,T+I,False,,,HN
REST_2175,restaurant,The steakhouse charged extra for every side dish. The final bill was double what we expected.,True,A takeout container showing food that has shifted and spilled inside.,,False,,,T+I,False,,,HN
REST_2154,restaurant,Our waiter disappeared after taking our order. We flagged down three different staff to get drinks.,True,A menu board with items crossed out and prices changed with marker.,,False,,,T+I,False,,,HN
REST_1465,restaurant,"The ice cream parlor was a beautiful setting, but the service was slow and disorganized. It feels like such a missed opportunity given the ambiance that could have supported an amazing experience.",True,A photo of an ice cream parlor with colorful decorations and cluttered tables and shelves.,"A photo of an elaborately decorated ice cream parlor with visibly unorganized shelves and tables, despite its attractive appearance from a distance.",False,,,T+I,False,,,HN
REST_1436,restaurant,I'm a vegetarian and the options here are pretty limited. It's frustrating because I expect better choices from this type of establishment.,True,"A menu listing several food items, with two vegetarian options highlighted.",Close-up of menu with only two vegetarian items listed among numerous meat-based dishes.,False,,,T+I,False,,,HN
REST_1438,restaurant,"Visited this gastropub last night, and I was disappointed to find that the loyalty program doesn't track points for drinks. As a frequent visitor, it’s frustrating not to get rewarded.",True,A blurry photo of a drink menu listing various cocktails and beers.,A blurry photo of a drink menu with multiple alcoholic beverages listed.,False,,,T+I,False,,,HN
REST_2147,restaurant,The restaurant sent promotional texts at midnight after I gave my number for the waitlist.,True,A dining area showing a fly near the food preparation counter.,,False,,,T+I,False,,,HN
REST_2144,restaurant,Our wine was served at room temperature when it was supposed to be chilled. Basic wine service failure.,True,A photo of a dish that looks nothing like the menu photo.,,False,,,T+I,False,,,HN
REST_2174,restaurant,The cocktail tasted like pure alcohol with no mixer. I asked for a margarita not straight tequila.,True,A photo of a dish that looks nothing like the menu photo.,,False,,,T+I,False,,,HN
REST_1425,restaurant,"Went to this Korean BBQ place for a special occasion, but the presentation was terrible. The meat was not seasoned properly and looked like it had been sitting out all day.",True,A photo of meat with visible seasoning on a dark surface.,A photo of poorly presented meat with unevenly distributed seasoning.,False,,,T+I,False,,,HN
REST_1477,restaurant,"As an event planner, I can appreciate the ambiance of this restaurant, but the slow service speed and outdated reservation system were disappointing.",True,"A restaurant scene with tables and servers, some people are visible in the background.",The image reveals photo taken during a busy dinner time at the restaurant showing servers moving slowly between tables.,False,,,T+I,False,,,HN
REST_2165,restaurant,The Mexican cantina guacamole was brown and clearly made hours ago. It tasted oxidized and flat.,True,A dessert that has melted and lost its shape on the plate.,,False,,,T+I,False,,,HN
REST_1484,restaurant,The fast casual chain's lack of gluten-free options made me feel unwelcome. How can a restaurant not cater to dietary restrictions?,True,A menu with several food items listed and accompanying pictures.,A menu with no clear indicators for gluten-free options and detailed photos that do not clarify ingredient details.,False,,,T+I,False,,,HN
REST_2146,restaurant,Our food arrived with a completely different spice level than ordered. My mild dish was volcanic.,True,A restaurant restroom showing an overflowing paper towel dispenser.,,False,,,T+I,False,,,HN
REST_1463,restaurant,"We came to the Indian restaurant hoping for a delightful dining experience, but the wait staff seemed disinterested and our requests for recommendations were met with blank stares. Not exactly what you want on a first visit.",True,A photo of a restaurant with staff standing near tables.,"Photograph showing photo of poorly attentive staff standing by the table, giving an impression of disinterest towards customers’ needs.",False,,,T+I,False,,,HN
REST_1473,restaurant,"I can't believe how long it took to get my dessert at this cafe. What kind of service is that for a place where you expect quick, light treats?",True,A plate with a partially eaten dessert and some crumbs.,Picture showing photo of an elegantly presented yet half-eaten dessert with crumbs on the plate.,False,,,T+I,False,,,HN
REST_1421,restaurant,"The pizza place here is notorious for its thin crust, but this time even the tomato sauce was off. How do you manage to get it wrong every single time?",True,A slice of pizza with pepperoni and sauce visible on the crust.,A photo of a slice of pizza with poorly distributed toppings and poor-quality sauce.,False,,,T+I,False,,,HN
REST_1461,restaurant,"The burger joint had this amazing deal during happy hour that sounded too good to be true, but the burgers were tough and under-seasoned. It’s a letdown considering how much everyone was excited about it.",True,A burger on a plate with a side of fries and a drink. The burger appears somewhat dry.,"A photo of a poorly presented burger with dry, overcooked meat that looks unappetizing compared to its happy hour advertisement.",False,,,T+I,False,,,HN
REST_2158,restaurant,The soup of the day has been the same soup for three weeks straight. There is nothing daily about it.,True,A restaurant interior showing empty tables with dirty surfaces.,,False,,,T+I,False,,,HN
REST_1441,restaurant,"Do they really need a Thai restaurant with such limited menu variety? It feels like there are only a few dishes to choose from, and it’s not reflective of the cuisine's range.",True,A small portion of food on a large white plate.,"Close-up of photo showing a small portion size on a large plate, indicating a lackluster meal presentation.",False,,,T+I,False,,,HN
REST_2157,restaurant,The wine they recommended was corked and they still charged us full price after we complained.,True,A receipt showing unexpected charges and inflated prices.,,False,,,T+I,False,,,HN
REST_1475,restaurant,"At this Mexican cantina, the ambiance is great but the speed of service left much to be desired. It's like they're taking a long time on purpose just to keep you waiting.",True,"An outdoor seating area with several tables and chairs, some occupied by people. The tables are set with plates and glasses, and there are plants visible in the background.",A photo showing a beautifully decorated outdoor seating area with guests waiting patiently at their tables.,False,,,T+I,False,,,HN
REST_2155,restaurant,The ramen egg was overcooked solid. It was supposed to be soft-boiled but was hard as a rock.,True,A restaurant exterior showing peeling paint and faded signage.,,False,,,T+I,False,,,HN
REST_2162,restaurant,The bakery croissants were dry and crumbly. The filling was artificial tasting and overly sweet.,True,A dining area showing a fly near the food preparation counter.,,False,,,T+I,False,,,HN
REST_2163,restaurant,The food portions have shrunk dramatically since last year but prices went up twenty percent.,True,A plate with hair visible in the food.,,False,,,T+I,False,,,HN
REST_1469,restaurant,"Was this place supposed to be a cozy little BBQ joint? The tables are sticky, the floors are dusty, and there's no attempt at cleanliness that you'd expect in any decent restaurant.",True,"A dining area with several tables covered in dishes and debris, and a visibly dirty floor.",A photo of a dirty dining area with cluttered tables and unclean floor surfaces.,False,,,T+I,False,,,HN
REST_1440,restaurant,Why does the brunch spot not have a dedicated kids menu? It's really awkward to bring my children when there’s nothing for them on the regular menu.,True,"A photo of a brunch buffet with plates of food including fruit, pastries, and eggs.","Screenshot showing photo of an extensive brunch spread with various dishes, but no sign of kid-friendly options.",False,,,T+I,False,,,HN
REST_1503,restaurant,The steakhouse has incredible portions! But they really need to consider their happy hour specials more. It would be fantastic if they could offer a wider selection of deals during those times.,False,,,True,tone: enthusiastic | pace: fast | energy: high | pitch: varied | notable: none,"enthusiastic, upbeat with excitement",T+A,True,explicit,improve happy hour specials,P1
REST_1563,restaurant,"The pizza place is clean and efficient, but the reservation system seems a bit outdated. They could improve it by integrating a more user-friendly online booking platform for reservations.",False,,,True,tone: neutral | pace: normal | energy: medium | pitch: flat | notable: controlled_delivery,Formal measured tone with emphasis on the need to update reservation technology,T+A,True,explicit,improve it by integrating a more user-friendly online booking platform for reservations,P1
REST_1511,restaurant,The takeout containers at this dessert cafe should definitely be a bit sturdier. I had an issue with my brownie melting all over the box.,False,,,True,tone: frustrated | pace: normal | energy: medium | pitch: flat | notable: none,"Speaker talks in a casual, slightly frustrated tone, emphasizing the word 'sturdier'.",T+A,True,explicit,make takeout containers sturdier,P1
REST_1597,restaurant,"I love the seafood restaurant's takeout service, but I think they should consider adding a few more vegetarian dishes to their menu.",False,,,True,tone: enthusiastic | pace: fast | energy: high | pitch: varied | notable: none,The speaker sounds enthusiastic and passionate about the takeout service with a thoughtful note on vegetarian options.,T+A,True,explicit,add a few more vegetarian dishes to their menu,P1
REST_1575,restaurant,"The vegan options at this Italian restaurant are amazing, and they're served quickly. However, I wish there were more seasonal specials that catered specifically to vegetarian/vegan diners.",False,,,True,tone: cheerful | pace: normal | energy: medium | pitch: varied | notable: none,Speaker's voice reflects a casual and content tone while making an enthusiastic suggestion about seasonal vegan options.,T+A,True,explicit,add more seasonal specials that catered specifically to vegetarian/vegan diners,P1
REST_1583,restaurant,"The ambiance of the wine bar is perfect for a romantic dinner, but could they please add some more lighting options? I would love to be able to choose between brighter and dimmer settings.",False,,,True,tone: disappointed | pace: slow | energy: low | pitch: falling | notable: trailing_off,"The speaker sounds somewhat disappointed with a slight whine in her voice, emphasizing the need for more lighting options at the wine bar to improve ambiance, spoken with measured emphasis.",T+A,True,explicit,add some more lighting options?,P1
REST_1593,restaurant,"The Mexican cantina's food is delicious, but I think they need to offer more vegetarian options in their menu.",False,,,True,tone: cheerful | pace: normal | energy: medium | pitch: varied | notable: none,"The speaker sounds polite and positive, with a slight emphasis on the word 'vegetarian'.",T+A,True,explicit,offer more vegetarian options in their menu,P1
REST_1561,restaurant,"The French bistro has a great lighting setup that makes the place cozy and inviting, but they should add more vegetarian options to their menu. I wish there were more choices beyond just salads!",False,,,True,tone: enthusiastic | pace: fast | energy: medium | pitch: varied | notable: trailing_off,Warm enthusiastic praise with a note of disappointment in the pitch for lack of veggie options,T+A,True,explicit,add more vegetarian options to their menu,P1
REST_1501,restaurant,"The vegetarian cafe's ambience is delightful, but I wish they could expand their dessert options. It would be great to have some more variety in sweet endings!",False,,,True,tone: cheerful | pace: normal | energy: medium | pitch: varied | notable: none,"casual, friendly tone with a hint of enthusiasm",T+A,True,explicit,expand their dessert options,P1
REST_1509,restaurant,The noise level at this place can be overwhelming. They should consider sound management methods like dimming lights and playing soft background music during busy hours.,False,,,True,tone: neutral | pace: normal | energy: medium | pitch: flat | notable: slight_irritation,serious tone with a hint of irritation,T+A,True,explicit,add sound management solutions,P1
REST_1541,restaurant,"I really enjoyed the fresh salsa and guacamole at this Mexican cantina, but they should expand their portion sizes for groups. It would be better if we could order bigger servings to share.",False,,,True,tone: enthusiastic | pace: fast | energy: medium | pitch: varied | notable: none,"casual, excited tone with slight emphasis on 'expand' and 'bigger'.",T+A,True,explicit,expand their portion sizes for groups,P1
REST_1547,restaurant,"The French bistro's wine selection is impressive, but the table spacing feels cramped during busy times. It would be better if they could rearrange for a bit more room between tables.",False,,,True,tone: frustrated | pace: normal | energy: medium | pitch: flat | notable: none,"moderate pace, slightly irritated tone with emphasis on 'cramped' and 'rearrange'.",T+A,True,explicit,rearrange for a bit more room between tables,P1
REST_1507,restaurant,How about offering more low-alcohol drink options at this Mexican cantina? It would make it a better fit for health-conscious patrons like me who still want to enjoy the festive atmosphere.,False,,,True,tone: neutral | pace: normal | energy: medium | pitch: flat | notable: monotone,"polite question with subtle enthusiasm, spoken with monotone emphasis.",T+A,True,explicit,offer more low-alcohol drink options,P1
REST_1577,restaurant,"The food truck offers some of the most authentic Mexican cuisine I've ever had. It would be great if they could add a few more vegetarian options to their menu, especially for those who have dietary restrictions.",False,,,True,tone: enthusiastic | pace: fast | energy: medium | pitch: varied | notable: none,Speaker's voice is filled with enthusiasm and nostalgia when praising the food but switches to a thoughtful tone while suggesting more vegetarian options.,T+A,True,explicit,"add a few more vegetarian options to their menu, especially for those who have dietary restrictions",P1
REST_1595,restaurant,"The pizza place has great flavor, but I think they should consider offering gluten-free crusts for those with dietary restrictions.",False,,,True,tone: neutral | pace: normal | energy: medium | pitch: flat | notable: clear_enunciation,"The speaker's tone is clear and assertive, emphasizing the suggestion of adding gluten-free options.",T+A,True,explicit,offer gluten-free crusts for those with dietary restrictions,P1
REST_1528,restaurant,"As a solo diner, I appreciate the clean and tidy atmosphere at this sushi bar. However, they could benefit from offering a wider range of sake options to complement their menu.",False,,,True,tone: calm | pace: normal | energy: medium | pitch: varied | notable: none,calm tone with an enthusiastic note when mentioning 'wider range'.,T+A,True,explicit,offer a wider range of sake options,P1
REST_1536,restaurant,"It would be great if this gastropub had more lighting options. The current setup is either too dim for us to read the menus or too bright, making it hard to enjoy a quiet drink.",False,,,True,tone: frustrated | pace: normal | energy: medium | pitch: flat | notable: none,"Speaker has a slightly frustrated tone, with emphasis on 'lighting options'.",T+A,True,explicit,add more flexible lighting options,P1
REST_1526,restaurant,"Happy hour deals at the burger joint are great, but it would be even better if they offered more diverse drink options. It would make for a better dining experience overall.",False,,,True,tone: enthusiastic | pace: normal | energy: medium | pitch: varied | notable: none,enthusiastic tone with mild irritation when discussing 'more diverse'.,T+A,True,explicit,offer more diverse drink options,P1
REST_1567,restaurant,"The coffee shop has a fantastic ambiance and great selection. However, the restroom area could be cleaner. They need to address this quickly for customer satisfaction.",False,,,True,tone: neutral | pace: normal | energy: medium | pitch: flat | notable: none,Formal critique with a critical tone about cleanliness,T+A,True,explicit,address this quickly for customer satisfaction,P1
REST_1543,restaurant,"The tapas bar offers great variety in dishes, but the spice level is quite low. They should consider adding more options for those who enjoy spicier flavors like myself.",False,,,True,tone: enthusiastic | pace: fast | energy: high | pitch: varied | notable: none,enthusiastic tone with emphasis on 'spice level' and 'consider'.,T+A,True,explicit,add more options for those who enjoy spicier flavors like myself,P1
REST_1565,restaurant,"The vegetarian cafe is a hidden gem with delicious food. They have an impressive variety, but I wish they had a few more sweet options for dessert. Perhaps they could add a seasonal ice cream menu?",False,,,True,tone: cheerful | pace: fast | energy: medium | pitch: varied | notable: none,Warm enthusiastic praise with subtle hints of disappointment about the dessert selection,T+A,True,explicit,add a seasonal ice cream selection,P1
REST_1569,restaurant,"The kids had a blast at the Mexican cantina, but I wish there was a dedicated menu for them. Please add a section on the regular menu with options tailored for children's taste buds and preferences.",False,,,True,tone: neutral | pace: normal | energy: medium | pitch: varied | notable: none,Warm tone mixed with a request for child-friendly options,T+A,True,explicit,add a section on the regular menu with options tailored for children's taste buds and preferences,P1
REST_1545,restaurant,"The coffee shop has a cozy atmosphere, but it would be great if they had more accessible options for wheelchair users. It would make the experience much better and inclusive.",False,,,True,tone: anxious | pace: normal | energy: medium | pitch: varied | notable: trailing_off,"moderate pace, concerned tone with emphasis on 'accessible' and 'inclusive'.",T+A,True,explicit,add more accessible options for wheelchair users,P1
REST_1587,restaurant,"The service speed at this food truck is great, and the wait staff are super attentive. However, I think they should add some more variety to their lunch menu.",False,,,True,tone: neutral | pace: normal | energy: medium | pitch: varied | notable: none,"The speaker uses a casual tone with a moderate pitch, making the suggestion in a friendly and constructive way about improving food options at a food truck.",T+A,True,explicit,add some more variety to their lunch menu,P1
REST_1513,restaurant,"The seafood restaurant needs to consider adding a children's menu. It would be great if there were simpler, smaller portions for kids.",False,,,True,tone: cheerful | pace: normal | energy: medium | pitch: varied | notable: none,"Speaker uses a friendly tone with an emphasis on 'children’s menu', indicating enthusiasm and caring.",T+A,True,explicit,consider adding a children's menu,P1
REST_1573,restaurant,"The sandwiches at this deli are fantastic, but the place could use some accessibility upgrades for wheelchair users. Perhaps adding wider aisles and accessible counters would be beneficial.",False,,,True,tone: neutral | pace: normal | energy: medium | pitch: flat | notable: formal_delivery,"Speaker's voice is measured and formal with an earnest emphasis on the need for accessibility upgrades, conveying a critical yet constructive tone.",T+A,True,explicit,improve perhaps adding wider aisles and accessible counters would be beneficial,P1
REST_1557,restaurant,"The fast casual chain's food is great, but I think they should rethink their pricing. Offering an occasional discount for students or seniors would be a nice touch!",False,,,True,tone: neutral | pace: normal | energy: medium | pitch: varied | notable: none,"Spoken in a casual and chatty tone, the speaker suggests adding student/senior discounts as an improvement.",T+A,True,explicit,rethink pricing strategy,P1
REST_1553,restaurant,"The BBQ joint is fantastic, but the portion sizes could be smaller with an option to order half portions. It would cater better to those who want to sample more dishes.",False,,,True,tone: enthusiastic | pace: normal | energy: medium | pitch: varied | notable: none,The speaker is enthusiastic but thoughtful about portion sizes and variety options at the BBQ joint.,T+A,True,explicit,offer half-portion options,P1
REST_1591,restaurant,"The vegetarian cafe's portion sizes are fantastic, but the kids menu could use more variety. It would be great if they considered adding some interactive elements for young diners.",False,,,True,tone: calm | pace: normal | energy: medium | pitch: varied | notable: none,"The speaker's tone is calm and friendly, with a thoughtful emphasis on the suggestion about the kids menu.",T+A,True,explicit,expand kids menu variety,P1
REST_1515,restaurant,"They could use clearer signage to improve accessibility at this ice cream parlor. The entrance is not obvious from the street, making it hard for first-time visitors.",False,,,True,tone: neutral | pace: normal | energy: medium | pitch: flat | notable: none,"Speaker speaks in a measured tone with emphasis on 'clearer signage' and 'first-time visitors', indicating thoughtful suggestion.",T+A,True,explicit,add clearer signage for accessibility,P1
REST_1590,restaurant,"The dessert selection is superb, but it would be great if they could make the dining room less stuffy and improve on ventilation. The desserts here are what really makes this bakery/patisserie stand out.",False,,,True,tone: frustrated | pace: normal | energy: medium | pitch: varied | notable: none,"The speaker has a friendly tone with a touch of humor, slightly frustrated but constructively suggesting ventilation improvements for the ambiance at a dessert bakery/patisserie.",T+A,True,explicit,make the dining room less stuffy and improve on ventilation,P6
REST_1548,restaurant,"The steakhouse offers amazing steaks, but the kids' menu options are quite limited. They should consider adding some other choices that cater to picky young eaters.",False,,,True,tone: neutral | pace: normal | energy: medium | pitch: flat | notable: none,casual tone with emphasis on 'limited' and 'adding'.,T+A,True,explicit,add some other choices that cater to picky young eaters,P6
REST_1646,restaurant,"BBQ joint? Check. A blazing hot day in the middle of the city? Double check. I couldn't help but wish for a bit more relief from the sun, even if it was just some umbrellas over our tables.",False,,,True,tone: disappointed | pace: normal | energy: low | pitch: flat | notable: trailing_off,"The speaker's voice is casual and slightly exasperated but with a hint of fondness for the place, indicating mild disappointment at not having enough shade or relief from the sun, voice carries calm undertones.",T+A,True,implicit,provide additional sun protection for outdoor seating,P6
REST_1664,restaurant,"I went to the BBQ joint for lunch with my classmates. The food was amazing, but I couldn't help noticing that they seemed a bit stretched thin during peak hours. Having some extra help would really elevate their service and reduce waiting times.",False,,,True,tone: frustrated | pace: normal | energy: medium | pitch: flat | notable: none,"The speaker's tone is casual but slightly frustrated, emphasizing the 'stretched thin during peak hours'.",T+A,True,implicit,hire additional staff for peak hours,P6
REST_1554,restaurant,"The French bistro is amazing for family outings, but it would really benefit from a well-designed children's menu. Maybe they should also consider more kid-friendly utensils and high chairs?",False,,,True,tone: neutral | pace: normal | energy: medium | pitch: varied | notable: none,"The speaker's tone is warm, with an emphasis on the need for a children’s menu and better dining tools.",T+A,True,explicit,add a well-designed children's menu,P6
REST_1537,restaurant,"The coffee shop needs to reconsider their accessibility—there are no wheelchairs paths at all, and the small steps make it hard for those with mobility issues. It should be accessible to everyone.",False,,,True,tone: anxious | pace: fast | energy: high | pitch: rising | notable: raised_volume,Speaker has an urgent tone with strong emphasis on 'needs' and 'accessible'.,T+A,True,explicit,add wheelchair-accessible paths and improve overall accessibility,P6
REST_1527,restaurant,"*Informal chit-chat*
This pizza place sure knows how to make delicious thin crust pizzas. Could you guys please add a few low-calorie side options? For those of us trying to keep our diet in check.",False,,,True,tone: cheerful | pace: normal | energy: medium | pitch: varied | notable: none,"casual and chatty tone, with a light-hearted request for 'low-calorie side'.",T+A,True,explicit,you guys please add a few low-calorie side options?,P6
REST_1596,restaurant,"The tapas bar's happy hour deals are fantastic, but I think the drinks could be a bit more refreshing on warm days. Maybe they could add some fruit-infused options?",False,,,True,tone: enthusiastic | pace: fast | energy: high | pitch: varied | notable: none,"The speaker's tone is excited and positive, with an enthusiastic suggestion about adding new drink flavors.",T+A,True,explicit,add fruit-infused drink options,P6
REST_1580,restaurant,"The restaurant's food was delicious and the outdoor seating was perfect for a family dinner. It would be great if they considered offering seasonal specials on their menu to attract more customers, especially during peak tourist seasons.",False,,,True,tone: cheerful | pace: normal | energy: medium | pitch: varied | notable: none,Speaker's voice is warm and friendly with a tone of sincere appreciation for the dining experience but suggests seasonal specials in a thoughtful manner.,T+A,True,explicit,offer seasonal specials on outdoor menu,P6
REST_1632,restaurant,The service speed at this gastropub is great for students like myself who need to rush between classes and study sessions. The lunch specials never disappoint!,False,,,True,tone: neutral | pace: normal | energy: medium | pitch: varied | notable: none,"Casual, relaxed tone with a touch of pride in being an insider tip",T+A,True,explicit,maintain efficient service speed for students,P6
REST_1666,restaurant,"The tapas bar has an impressive range of dishes, but I found that the happy hour deals could be a bit more generous to attract first-time visitors. They have such flavorful options; they just need to sweeten the deal a little.",False,,,True,tone: disappointed | pace: normal | energy: low | pitch: falling | notable: trailing_off,"The tone is informative and somewhat disappointed, emphasizing 'a bit more generous'.",T+A,True,explicit,increase generosity of happy hour deals,P6
REST_1656,restaurant,"The ice cream parlor is a delightful spot, but the portion sizes for kids could be a bit larger without breaking the bank. It's just a suggestion based on my observations!",False,,,True,tone: cheerful | pace: normal | energy: medium | pitch: varied | notable: none,"Friendly and slightly hopeful tone, with enthusiasm over ice cream quality",T+A,True,explicit,increase the portion sizes for children's servings,P6
REST_1510,restaurant,"The ambiance at this fine dining restaurant is top-notch, but the reservation system could be improved. They need to streamline their online booking process; it's overly complicated right now!",False,,,True,tone: neutral | pace: normal | energy: medium | pitch: flat | notable: slight_irritation,formal tone with a hint of frustration,T+A,True,explicit,streamline their online booking process; it's overly complicated right now,P6
REST_1634,restaurant,"The outdoor seating at this wine bar is just perfect for a quiet afternoon with a book. However, I often find myself seeking shade as the sun gets higher in the sky.",False,,,True,tone: disappointed | pace: slow | energy: low | pitch: falling | notable: trailing_off,Reflective tone with a slight hint of disappointment,T+A,True,implicit,provide more shading options for outdoor seating areas to accommodate patrons throughout the day,P6
REST_1650,restaurant,"We brought the kids here for a treat and the staff was friendly, but I ended up with my hands full as they had no high chairs. Maybe something to consider in the future!",False,,,True,tone: enthusiastic | pace: fast | energy: medium | pitch: varied | notable: none,"The speaker's voice is warm and enthusiastic for the staff, but turns slightly stressed when mentioning the lack of high chair options.",T+A,True,implicit,offer more seating solutions for families with young children,P6
REST_1588,restaurant,"The dessert options at this cafe are quite limited and need to be expanded. This is a lovely spot for a quick breakfast, but I wish they could offer a wider range of pastries.",False,,,True,tone: disappointed | pace: normal | energy: low | pitch: falling | notable: trailing_off,The speaker's tone indicates a desire to help improve the offerings by suggesting a broader dessert menu at a cafe with a mix of disappointment and hopefulness.,T+A,True,explicit,offer a wider range of pastries,P6
REST_1584,restaurant,"The food at this Indian restaurant is absolutely delicious! However, the spice level could be adjusted to better cater to those with a milder palette.",False,,,True,tone: enthusiastic | pace: normal | energy: medium | pitch: varied | notable: none,"Speaking with a friendly tone and moderate pitch, the speaker sounds enthusiastic about the food but suggests improving spice level options for certain customers.",T+A,True,explicit,adjust to better cater to those with a milder palette,P6
REST_1628,restaurant,"I love getting the happy hour deals at this Mexican cantina. The only issue is it gets crowded very quickly, and the space feels cramped.",False,,,True,tone: frustrated | pace: fast | energy: medium | pitch: varied | notable: none,"casual excited tone, frustration with crowds",T+A,True,implicit,expand or optimize space for crowded times to reduce feeling of crowding,P6
REST_1556,restaurant,"The burger joint is just what I need for a quick, satisfying lunch. However, I'd love to see them offer delivery options within the city limits—it would make things even more convenient!",False,,,True,tone: cheerful | pace: fast | energy: medium | pitch: varied | notable: none,"The speaker's voice is upbeat and informal, with a strong emphasis on adding delivery services.",T+A,True,explicit,offer delivery options within the city,P6
REST_1598,restaurant,"The deli's sandwiches are fantastic, but the pricing could be better. It would be great if they offered some seasonal specials or discounts for regular customers.",False,,,True,tone: disappointed | pace: slow | energy: low | pitch: falling | notable: trailing_off,The speaker sounds contemplative and considers the value in a slightly disappointed tone but hopeful about potential changes.,T+A,True,explicit,offer some seasonal specials or discounts for regular customers,P6
REST_1618,restaurant,"The French bistro's loyalty program is great, but the exclusivity of it makes me feel like I'm not a regular enough customer yet. A bit disappointing for someone who dines here often.",False,,,True,tone: neutral | pace: normal | energy: medium | pitch: flat | notable: none,The speaker's tone is polite but hints at frustration with emphasis on 'exclusivity' and 'regular'.,T+A,True,implicit,make loyalty programs more inclusive to acknowledge frequent customers,P6
REST_1542,restaurant,"The wine bar has a wonderful ambiance with its dim lighting, but it needs more seats inside during peak hours. I wish they could add a few extra tables or chairs for groups like us.",False,,,True,tone: neutral | pace: normal | energy: medium | pitch: flat | notable: none,"moderate pace, casual tone with emphasis on 'needs' and 'extra'.",T+A,True,explicit,add more seats inside during peak hours,P6
REST_1614,restaurant,"I ordered the ribs at this BBQ joint and they were huge—way too much for just me. Not great if you're trying to eat on a budget, but amazing otherwise!",False,,,True,tone: neutral | pace: normal | energy: medium | pitch: varied | notable: none,The speaker's tone is casual with emphasis on 'huge' and 'budget'.,T+A,True,implicit,adjust portion sizes for budget-friendly options,P6
REST_1574,restaurant,"The baked goods at this patisserie are outstanding, but it's a bit noisy inside. They could consider using quieter appliances or soundproofing the space to enhance the dining experience.",False,,,True,tone: enthusiastic | pace: fast | energy: medium | pitch: varied | notable: none,Speaker uses an enthusiastic tone when praising the baked goods but switches to a more serious note with slight frustration in their suggestion about noise levels.,T+A,True,explicit,use quieter appliances or add soundproofing,P6
REST_1606,restaurant,I noticed they use a lot of preservatives in the dim sum here. Is there any way they could go more fresh?,False,,,True,tone: disappointed | pace: slow | energy: low | pitch: falling | notable: trailing_off,Concerned and slightly disappointed tone,T+A,True,explicit,use fewer preservatives in dim sum,P6
REST_1578,restaurant,"This coffee shop is my new favorite spot. The atmosphere and drinks are perfect, but I think adding more outlets or charging stations would be really helpful for frequent visitors like myself.",False,,,True,tone: neutral | pace: normal | energy: medium | pitch: varied | notable: none,"Speaker's tone is casual with a hint of excitement when discussing the coffee shop, but shifts to a more practical and calm note when suggesting additional outlets or charging stations.",T+A,True,implicit,add more power outlets or charging stations,P6
REST_1642,restaurant,"Went to the ramen shop during happy hour and was excited by the variety of flavors. But I couldn't help thinking that their deals could be more generous, especially given how packed it always seems to be.",False,,,True,tone: enthusiastic | pace: normal | energy: medium | pitch: varied | notable: trailing_off,"The speaker starts with enthusiasm but softens as they bring up the suggestion, speaking in a casual, friendly tone that hints at wanting better deals.",T+A,True,explicit,increase happy hour value,P6
REST_1562,restaurant,"The Mexican cantina's drink selection is fantastic, but the takeout containers could be larger and more durable. It would be better if they provided sturdier containers to transport our food home.",False,,,True,tone: frustrated | pace: normal | energy: medium | pitch: flat | notable: controlled_delivery,"Measured critique with a slight irritation in tone, emphasizing the need for better takeout containers",T+A,True,explicit,provide sturdier containers to transport our food home,P6
REST_1566,restaurant,"The seafood restaurant had an excellent selection, but the prices were higher than expected. For value-conscious diners like myself, they should consider adding more mid-range dishes to their menu.",False,,,True,tone: frustrated | pace: normal | energy: medium | pitch: flat | notable: trailing_off,Slightly irritated tone with a hint of disappointment over pricing,T+A,True,explicit,add more mid-range dishes to their menu,P6
REST_1660,restaurant,"I came in today to pick up a meal for my son who has severe food allergies, but it took forever to get the right information from the staff. It's really stressful when you're dealing with something that serious and need accurate details.",False,,,True,tone: anxious | pace: normal | energy: medium | pitch: varied | notable: hesitation,"Concerned, slightly irritated tone, with emphasis on stress",T+A,True,implicit,ensure staff are properly trained to handle food allergy concerns,P6
REST_1626,restaurant,I come here with my family for the French bistro's amazing ambiance. The only downside is it can get a bit too loud when they have events.,False,,,True,tone: neutral | pace: normal | energy: low | pitch: flat | notable: none,"formal tone, slight concern about noise",T+A,True,implicit,reduce noise levels during events to preserve the ambiance,P6
REST_1516,restaurant,"The sushi bar has a fantastic range, but I suggest they add more vegetarian options. It would really open up their menu for vegans and flexitarians like myself.",False,,,True,tone: neutral | pace: normal | energy: medium | pitch: flat | notable: none,"Speaker is friendly and slightly casual, with a bit of enthusiasm when suggesting more vegetarian options, delivered in a flat tone.",T+A,True,explicit,add more vegetarian options,P6
REST_1558,restaurant,"It's fantastic how fresh the ingredients are at this vegetarian cafe. Still, they could improve by making the restaurant more accessible for people with disabilities—like wider doorways and clear signage.",False,,,True,tone: neutral | pace: normal | energy: medium | pitch: flat | notable: none,The speaker's tone is measured but emphasizes accessibility improvements.,T+A,True,explicit,improve accessibility with wider doorways and clear signage,P6
REST_1570,restaurant,"The pizza place has great value-for-money deals. However, there are times when the service is too slow during peak hours. They could improve this by having a dedicated team to handle takeout orders more efficiently.",False,,,True,tone: neutral | pace: normal | energy: medium | pitch: flat | notable: none,"Slightly irritated, but still understanding tone about service speed",T+A,True,explicit,assign a dedicated team to handle takeout orders,P6
REST_1602,restaurant,The gluten-free options were limited at the bakery. I hope they expand their selection in the future.,False,,,True,tone: disappointed | pace: normal | energy: low | pitch: flat | notable: trailing_off,"Casual, slightly disappointed tone",T+A,True,explicit,increase gluten-free options in the bakery menu,P6
REST_1529,restaurant,"Great that the family with kids can enjoy the menu variety at the tapas bar. Just wish they had more seating options for larger groups, as we always end up squeezed in tight corners.",False,,,True,tone: frustrated | pace: normal | energy: medium | pitch: flat | notable: none,casual yet slightly annoyed tone when discussing 'seating options'.,T+A,True,explicit,add more seating for larger groups,P6
REST_1535,restaurant,"The dessert selection at this cafe is diverse and innovative, but they should make their gluten-free options clearer on the menu. People with allergies often struggle finding safe options quickly without asking staff.",False,,,True,tone: neutral | pace: normal | energy: medium | pitch: varied | notable: none,"Speaker's tone is concerned and sincere, emphasizing 'clearer' and 'quickly'.",T+A,True,explicit,make their gluten-free options clearer on the menu,P6
REST_1652,restaurant,"The brunch spot I visited this weekend was lovely, but when we needed to order takeout for a friend who couldn't make it, the packaging wasn't as detailed or appetizing. It's a minor detail in an otherwise perfect experience.",False,,,True,tone: frustrated | pace: normal | energy: medium | pitch: varied | notable: none,Casual and slightly frustrated tone with emphasis on takeout details,T+A,True,implicit,improve presentation of takeout orders,P6
REST_1624,restaurant,"The Korean BBQ place has the best ribs, but I wish they could have them available all year round.",False,,,True,tone: enthusiastic | pace: fast | energy: high | pitch: varied | notable: none,"excited tone, emphasizing 'best' and 'all year'",T+A,True,explicit,keep popular items available year-round,P6
REST_1502,restaurant,The noise level at the dessert cafe can get quite high. They should consider using sound-dampening materials or adding background music to help mitigate this issue.,False,,,True,tone: neutral | pace: normal | energy: medium | pitch: flat | notable: none,"calm, measured tone with a slight hint of criticism",T+A,True,explicit,add sound-dampening materials or background music,P6
REST_1582,restaurant,"I wish the service at this deli was faster. The sandwiches are delicious, but I often find myself waiting too long in line for my lunch.",False,,,True,tone: frustrated | pace: normal | energy: medium | pitch: flat | notable: none,"The speaker's tone is slightly frustrated with a medium pitch, indicating some impatience about the service speed at a deli/sandwich shop.",T+A,True,explicit,improve service speed,P6
REST_1648,restaurant,"I ordered from the Ethiopian restaurant for delivery and was pleasantly surprised by how beautifully the food was presented. However, it would be nice to know exactly what each dish is before I order, especially since trying new foods can sometimes be a guessing game.",False,,,True,tone: enthusiastic | pace: fast | energy: medium | pitch: varied | notable: none,The speaker's voice sounds warm and enthusiastic for the presentation but then shifts to a slightly questioning tone when mentioning dish labeling or descriptions.,T+A,True,explicit,improve food description clarity on menu,P6
REST_1610,restaurant,The prices during happy hour are just a bit too steep for my budget. Can they really not offer something cheaper?,False,,,True,tone: frustrated | pace: normal | energy: medium | pitch: rising | notable: questioning,Slightly annoyed and questioning tone,T+A,True,explicit,lower happy hour prices,P6
REST_1600,restaurant,"The tapas bar's ingredients are super fresh, but I wish the kids' area was a bit safer with rounded corners on furniture to avoid bumps and bruises. It would be much better for families!",False,,,True,tone: cheerful | pace: fast | energy: medium | pitch: varied | notable: none,"The speaker sounds concerned but excited about safety improvements, with a friendly tone.",T+A,True,explicit,make kids area safer with rounded corners,P6
REST_1644,restaurant,"The French bistro had a great atmosphere, but I wish the tables outside were more spaced out. It felt a bit too close for comfort on such a busy day.",False,,,True,tone: resigned | pace: normal | energy: low | pitch: flat | notable: trailing_off,"The speaker's voice sounds slightly agitated and expresses clear dissatisfaction with the proximity of the tables, especially during peak hours, voice carries resigned undertones.",T+A,True,explicit,increase spacing between outdoor seating,P6
REST_1564,restaurant,"The bakery/patisserie makes the best pastries in town, but I wish they had more seating options. They should consider expanding their café area to accommodate more patrons during busy hours.",False,,,True,tone: enthusiastic | pace: fast | energy: high | pitch: varied | notable: none,"Enthusiastic tone with a mix of joy and impatience, emphasizing the wish for more seating",T+A,True,explicit,expand their café area to accommodate more patrons during busy hours,P6
REST_1654,restaurant,"The burger joint is a great place for a casual lunch, and the value is outstanding considering the size of the burgers. However, it would be even better if there was a loyalty program to reward regulars like us.",False,,,True,tone: enthusiastic | pace: fast | energy: high | pitch: varied | notable: none,"Enthusiastic and slightly humorous tone, with excitement over the food size",T+A,True,explicit,introduce a loyalty program for regular customers,P6
REST_1643,restaurant,How can a brunch spot not have decent Wi-Fi? I just spent an hour staring at the loading icon... But their avocado toast was heavenly!,False,,,True,tone: neutral | pace: normal | energy: medium | pitch: varied | notable: none,"The speaker starts with a touch of frustration and sarcasm but quickly pivots to praising the food, emphasizing the positive over the negative, spoken with enthusiastic emphasis.",T+A,True,implicit,improve wi-Fi reliability,P2
REST_1665,restaurant,"I'm a bit of an Italian food enthusiast, and this place does not disappoint with its pasta dishes. However, when I tried their takeout service, the containers weren't as secure as I would have liked, resulting in some mess upon arrival.",False,,,True,tone: resigned | pace: normal | energy: low | pitch: falling | notable: trailing_off,The voice is measured and formal with an almost wistful note when mentioning the 'messy' outcome of the takeout.,T+A,True,implicit,improve secure packaging for takeout service,P2
REST_1615,restaurant,"The wine bar is perfect for happy hour, but it gets a bit noisy during peak hours. I couldn't hear my friend's jokes over the chatter!",False,,,True,tone: frustrated | pace: normal | energy: medium | pitch: flat | notable: hesitation,The speaker has an irritated tone with emphasis on 'noisy' and a slight pause before 'jokes'.,T+A,True,implicit,reduce noise levels during peak hours to improve the dining experience,P2
REST_1627,restaurant,"For an event planner, finding a place that caters to all dietary needs is hard. This deli/sandwich shop has a good selection but needs gluten-free labeling.",False,,,True,tone: enthusiastic | pace: normal | energy: medium | pitch: varied | notable: slight_hesitation,enthusiastic tone with slight concern,T+A,True,implicit,"improve labeling for dietary restrictions, particularly gluten-free items",P2
REST_1609,restaurant,I can't believe they don't have any wheelchairs ramps. How is it accessible to everyone?,False,,,True,tone: angry | pace: fast | energy: high | pitch: rising | notable: raised_volume,Angry and frustrated tone,T+A,True,implicit,add wheelchair ramps for accessibility,P2
REST_1667,restaurant,"The Ethiopian restaurant offers a vibrant and fresh dining experience, yet I feel the atmosphere could benefit from being just a little quieter. The live music is fantastic but perhaps not during business hours when diners might be seeking a more intimate experience.",False,,,True,tone: cheerful | pace: normal | energy: medium | pitch: varied | notable: none,"The speaker’s tone conveys genuine appreciation with a slight wish for some quieting, especially emphasizing 'intimate experience'.",T+A,True,explicit,optimize live music hours to avoid disturbing other diners,P2
REST_1647,restaurant,"At the wine bar, I couldn't help but notice that even though the evening was quiet, we were still waiting a good twenty minutes after our reservation. Perhaps their system could handle smaller parties better?",False,,,True,tone: neutral | pace: normal | energy: low | pitch: flat | notable: controlled_delivery,"The speaker is formal and measured in tone, with emphasis on the reservation wait time, suggesting an implicit critique of the booking process.",T+A,True,explicit,streamline small party reservations,P2
REST_1659,restaurant,"I've been to this brunch spot multiple times, and it always feels like the best choice. But I wish there was a clearer way to know about upcoming special events or promotions. It's such an inviting place!",False,,,True,tone: enthusiastic | pace: fast | energy: high | pitch: varied | notable: none,"Enthusiastic and slightly curious tone, with excitement over the venue",T+A,True,explicit,communicate upcoming events or promotions better,P2
REST_1645,restaurant,"The Indian restaurant was a feast for the eyes and palette, but we noticed that some dishes were served with less sauce than expected. Perhaps they could offer sauce on the side or adjust portion sizes?",False,,,True,tone: neutral | pace: normal | energy: medium | pitch: flat | notable: trailing_off,"The speaker starts with a warm, appreciative tone but gradually shifts to a matter-of-fact critique of dish presentation and portion size, ending on a polite note.",T+A,True,explicit,adjust sauce quantity or offer side sauces,P2
REST_1661,restaurant,"The dim sum restaurant downtown has a wonderful variety of options, but I noticed that the outdoor seating area could use a bit more protection from the elements. Especially during those unexpected spring showers.",False,,,True,tone: disappointed | pace: normal | energy: low | pitch: flat | notable: trailing_off,"The speaker's voice is friendly and casual with a slight hint of disappointment, emphasizing 'could use a bit more protection from the elements', voice carries sarcastic undertones.",T+A,True,explicit,add better weather protection to outdoor seating,P2
REST_1641,restaurant,"Visited the bakery on a whim and was pleasantly surprised by how attentive they were to my gluten allergy. However, I found myself wishing for some clear signage or an app update that highlighted their allergy-friendly options more prominently.",False,,,True,tone: disappointed | pace: slow | energy: low | pitch: falling | notable: trailing_off,The speaker sounds appreciative but hints at a desire for easier access to relevant information with a slightly slower pace and a tinge of disappointment in the lack of clear signage.,T+A,True,implicit,improve visibility for allergy-friendly options,P2
REST_1625,restaurant,"The burger joint's loyalty program is good, but I never see my points accumulate as fast as I'd like. The service speed is impressive though!",False,,,True,tone: neutral | pace: normal | energy: medium | pitch: flat | notable: none,"casual conversational tone, hint of frustration",T+A,True,explicit,increase the rate at which loyalty points accumulate while maintaining fast service,P2
REST_1655,restaurant,"After an event, I noticed some crumbs and spills on the tables at this Mexican cantina. While the food was delicious as always, it would be great to see more attention given to keeping everything spotless.",False,,,True,tone: cheerful | pace: normal | energy: medium | pitch: varied | notable: none,"Warm and friendly tone, with a hint of concern over cleanliness",T+A,True,implicit,"improve table cleaning procedures, especially after events",P2
REST_1608,restaurant,What's a tapas bar without an extensive selection of desserts? The sweet tooth in me is sad.,False,,,True,tone: cheerful | pace: normal | energy: medium | pitch: varied | notable: exaggerated,Slightly humorous and exaggerated tone,T+A,True,implicit,expand dessert selection,P2
REST_1653,restaurant,"I couldn't help but notice that while the deli/sandwich shop's sandwich options were plentiful, they could use a few more vegetarian-friendly choices for those of us who don't eat meat.",False,,,True,tone: disappointed | pace: normal | energy: low | pitch: falling | notable: trailing_off,"Calm and slightly disappointed tone, with emphasis on food options",T+A,True,explicit,include more vegetarian-friendly menu items,P2
REST_1747,restaurant,"*The dessert cafe had a lovely atmosphere, but the vegan options were non-existent and they couldn't recommend anything suitable.*",False,,,True,tone: disappointed | pace: normal | energy: medium | pitch: flat | notable: trailing_off,"Voice is disappointed with slight frustration, speaking with calm inflection.",T+A,True,implicit,expand vegan menu,P2
REST_1617,restaurant,"- I tried the green curry at this Thai restaurant. 
- It was so flavorful, but a bit heavy on MSG.
- Not ideal for those looking to avoid additives like me.",False,,,True,tone: disappointed | pace: normal | energy: low | pitch: flat | notable: trailing_off,"The speaker's tone is neutral and slightly disappointed, emphasizing 'heavy' and 'additives'.",T+A,True,implicit,reduce MSG in dishes to cater to those avoiding additives,P2
REST_1605,restaurant,The service was impeccable at this fine dining restaurant. Could I have a refill of my water?,False,,,True,tone: neutral | pace: normal | energy: medium | pitch: varied | notable: none,Polite and formal tone with a hint of pleasant surprise,T+A,True,explicit,add more attentive wait staff to refill water without needing to ask,P2
REST_1611,restaurant,"The waitstaff at this gastropub are always on their feet, but I wish they'd find time to remember my usual order. They're friendly enough, just a bit distracted.",False,,,True,tone: frustrated | pace: normal | energy: medium | pitch: flat | notable: none,"The speaker's tone is casual and slightly exasperated, with an emphasis on 'remember' and 'distracted'.",T+A,True,explicit,train staff to remember regular customers orders,P2
REST_1651,restaurant,"I've been coming to this Ethiopian restaurant for years now, and it's always a treat. The spice level seems perfectly balanced most of the time, but sometimes I wish there was more flexibility in how spicy or mild dishes can be prepared.",False,,,True,tone: disappointed | pace: normal | energy: low | pitch: falling | notable: trailing_off,"Warm and thoughtful tone, with a hint of disappointment at the lack of customizability",T+A,True,explicit,offer more spice level options on the menu,P2
REST_1603,restaurant,"The pizza was great, but I felt like there could have been a bit more of it. Is that normal?",False,,,True,tone: neutral | pace: normal | energy: medium | pitch: varied | notable: none,Surprised and inquisitive tone,T+A,True,explicit,increase the portion size of pizza for better value,P2
REST_1732,restaurant,"I'm a big fan of Mediterranean cuisine, but the ingredient freshness at this grill is disappointing. The veggies tasted like they were picked days ago.",False,,,True,tone: disappointed | pace: slow | energy: low | pitch: falling | notable: trailing_off,"Disgusted tone on 'picked days ago', low pitch, slow pace",T+A,False,,,HN
REST_1680,restaurant,"I'm a big fan of happy hour deals, but this Mexican cantina's specials were just too expensive for what we got.",False,,,True,tone: disappointed | pace: normal | energy: medium | pitch: falling | notable: trailing_off,"disappointed tone with moderate pace, emphasis on 'expensive'",T+A,False,,,HN
REST_2177,restaurant,The restaurant only accepts cash. In this day and age not having a card reader is unbelievable.,False,,,True,tone: irritated | pace: slow | energy: low | pitch: rising | notable: controlled_delivery,,T+A,False,,,HN
REST_2176,restaurant,My birthday cake from the bakery was the wrong flavor. They gave us vanilla instead of chocolate.,False,,,True,tone: disappointed | pace: fast | energy: high | pitch: varied | notable: trailing_off,,T+A,False,,,HN
REST_1719,restaurant,"I tried the dim sum restaurant for the first time today. The reservation system was very user-friendly, but it seems that they are missing out on a significant customer base by not offering an extensive kids menu.",False,,,True,tone: disappointed | pace: normal | energy: low | pitch: falling | notable: trailing_off,"The speaker's voice is calm and somewhat formal with a slight tone of disappointment, especially at the end when mentioning 'significant customer base'.",T+A,False,,,HN
REST_1735,restaurant,I was browsing the menu at the coffee shop and noticed there were no vegan options. How is that possible in today’s world?,False,,,True,tone: neutral | pace: normal | energy: medium | pitch: varied | notable: none,"Quizzical tone, medium pitch",T+A,False,,,HN
REST_1679,restaurant,"There was a huge crowd, so we had to wait in the parking lot for over an hour. Not ideal for someone who's been on their feet all day!",False,,,True,tone: frustrated | pace: fast | energy: high | pitch: rising | notable: raised_volume,"frustrated tone with rapid pace, rising pitch at 'over an hour'",T+A,False,,,HN
REST_1695,restaurant,"I love the outdoor seating at the BBQ joint, but it was swarming with flies. Not exactly a fun dining experience when your food is being harassed by bugs.",False,,,True,tone: frustrated | pace: fast | energy: medium | pitch: rising | notable: raised_volume,Exasperated tone with emphasis on 'flies' and 'bugs'.,T+A,False,,,HN
REST_2204,restaurant,The booth upholstery was ripped and had foam padding sticking out. Nobody bothered to repair it.,False,,,True,tone: frustrated | pace: slow | energy: low | pitch: varied | notable: pauses,,T+A,False,,,HN
REST_1724,restaurant,"The seafood restaurant we tried was a disaster. The wait staff was attentive, but they couldn’t answer any questions about the menu items. I asked if there were options for someone on a strict diet like myself and got a look of confusion in return.",False,,,True,tone: disappointed | pace: slow | energy: low | pitch: falling | notable: trailing_off,"The speaker’s tone is slightly confused and disappointed, especially when recounting the interaction with the waiter.",T+A,False,,,HN
REST_2210,restaurant,The Indian curry had no spice whatsoever. I specifically asked for medium heat and got zero flavor.,False,,,True,tone: frustrated | pace: slow | energy: low | pitch: flat | notable: raised_volume,,T+A,False,,,HN
REST_1686,restaurant,"I came here for the loyalty program, but it was so complicated that I ended up losing track of my points.",False,,,True,tone: disappointed | pace: normal | energy: medium | pitch: falling | notable: trailing_off,"disappointed tone with moderate pace, emphasis on 'complicated'",T+A,False,,,HN
REST_1749,restaurant,"- The food at this French bistro was too salty and bland for my taste. - The noise level made it difficult to enjoy a quiet dinner, which is exactly what we were looking for.",False,,,True,tone: frustrated | pace: fast | energy: medium | pitch: varied | notable: none,"The speaker's tone is casual and slightly irritated, with a faster pace when discussing the noise level. The emphasis on 'too salty' and 'difficult to enjoy' indicates frustration.",T+A,False,,,HN
REST_2182,restaurant,My steak arrived well-done when I ordered medium-rare. The waiter argued it was cooked correctly.,False,,,True,tone: disappointed | pace: fast | energy: high | pitch: flat | notable: controlled_delivery,,T+A,False,,,HN
REST_1728,restaurant,"Visited this pizza place last weekend and the cleanliness left much to be desired. The floor was sticky, tables greasy, and it felt like we were eating off a petri dish.",False,,,True,tone: angry | pace: fast | energy: high | pitch: falling | notable: raised_volume,"Angry emphasis on 'sticky' and 'greasy', low pitch, fast pace",T+A,False,,,HN
REST_1530,restaurant,"*Formal critique*
I’ve noticed that while the ambiance and menu are stellar at this high-end burger joint, there’s a need for improvements in keeping tables clean between meals. It would significantly enhance the dining experience.",False,,,True,tone: neutral | pace: normal | energy: medium | pitch: flat | notable: controlled_delivery,formal measured critique tone with emphasis on 'need for improvements'.,T+A,False,,,HN
REST_1713,restaurant,"As a student, the ice cream parlor was not worth my money. The desserts were overpriced and didn't offer any deals like other places.",False,,,True,tone: disappointed | pace: slow | energy: low | pitch: falling | notable: trailing_off,"Disappointed tone with a sigh, emphasizes 'not worth'.",T+A,False,,,HN
REST_1638,restaurant,It's such a relief when you can find a place that offers indoor wheelchair accessibility. The fine dining restaurant exceeded my expectations with their thoughtful space design.,False,,,True,tone: neutral | pace: normal | energy: medium | pitch: flat | notable: none,"Grateful, formal tone with slight admiration",T+A,False,,,HN
REST_2200,restaurant,The street food was greasier than anything I have ever consumed. My stomach hurt for two days.,False,,,True,tone: disappointed | pace: fast | energy: high | pitch: varied | notable: raised_volume,,T+A,False,,,HN
REST_2193,restaurant,The lobster roll had more mayo than lobster. Three tiny pieces of lobster in a mountain of mayonnaise.,False,,,True,tone: angry | pace: normal | energy: medium | pitch: rising | notable: monotone,,T+A,False,,,HN
REST_1672,restaurant,"As a health-conscious eater, I tried the grilled salmon at this fine dining restaurant. The fish was overcooked and dry, and there were no green vegetable options.",False,,,True,tone: disappointed | pace: normal | energy: low | pitch: falling | notable: trailing_off,calm tone with a hint of disappointment,T+A,False,,,HN
REST_1691,restaurant,Did the fine dining restaurant really need to charge for parking? It's not like I'm going to come here often with this kind of hidden fee.,False,,,True,tone: sarcastic | pace: normal | energy: medium | pitch: rising | notable: none,"Sarcastic tone, emphasizing 'hidden fee'.",T+A,False,,,HN
REST_1676,restaurant,"What a mess. I was supposed to pick up an order from this French bistro for a client meeting, but the food was cold and poorly presented.",False,,,True,tone: disappointed | pace: normal | energy: medium | pitch: falling | notable: trailing_off,disappointed tone with frustration,T+A,False,,,HN
REST_2184,restaurant,The check took twenty minutes to arrive after we asked for it. Then they rushed us out the door.,False,,,True,tone: annoyed | pace: normal | energy: medium | pitch: varied | notable: pauses,,T+A,False,,,HN
REST_1678,restaurant,"I came here with high hopes for a great Korean BBQ experience, but the meat was overcooked and flavorless. The service was slow as well.",False,,,True,tone: disappointed | pace: slow | energy: low | pitch: falling | notable: trailing_off,"disappointed tone with slow pace, emphasis on 'overcooked' and 'flavorless'",T+A,False,,,HN
REST_1693,restaurant,The food presentation at the Italian restaurant was uninspired. It looked like someone just threw it on a plate without any effort or care.,False,,,True,tone: frustrated | pace: normal | energy: medium | pitch: flat | notable: controlled_delivery,Frustrated tone with emphasis on 'threw' and 'effort'.,T+A,False,,,HN
REST_1748,restaurant,"I can't believe how dark and depressing the atmosphere was at this fast casual chain. It felt like we were dining in a basement, despite being on the ground floor of a bustling mall.",False,,,True,"tone: disappointed | pace: slow | energy: low | pitch: flat | notable: monotone, trailing_off","The speaker's voice is low and monotonous with heavy emphasis on 'dark' and 'depressing', conveying a sense of disappointment and frustration. The tone conveys a strong negative emotion.",T+A,False,,,HN
REST_1674,restaurant,"The dessert cafe on the corner is a letdown. The pastries were stale, and the hot chocolate tasted like it was made with powdered mix.",False,,,True,tone: disappointed | pace: normal | energy: low | pitch: flat | notable: trailing_off,casual tone with disappointment,T+A,False,,,HN
REST_1689,restaurant,"What happened to the happy hour deals? I used to enjoy a discounted cocktail and appetizer here, but now it feels like prices have gone up with no notice. Not good.",False,,,True,tone: angry | pace: fast | energy: high | pitch: rising | notable: raised_volume,Angry tone with emphasis on 'up' and 'no notice'.,T+A,False,,,HN
REST_1670,restaurant,"The burger at this joint is overpriced and underwhelming. The patty tasted like it came from a frozen block, and the lettuce was wilted.",False,,,True,tone: angry | pace: fast | energy: medium | pitch: varied | notable: none,"casual tone, fast pace, slightly angry",T+A,False,,,HN
REST_1690,restaurant,"I ordered takeout from the Mediterranean grill and found a hair in my salad. Was that really necessary? Ugh, disgusting.",False,,,True,tone: disappointed | pace: slow | energy: low | pitch: falling | notable: trailing_off,Disgusted tone with emphasis on 'hair' and 'disgusting'.,T+A,False,,,HN
REST_1733,restaurant,"The seafood restaurant had a great ambiance, but it wasn’t worth the price. For that kind of money, I expected something better than a lukewarm lobster.",False,,,True,tone: disappointed | pace: slow | energy: low | pitch: falling | notable: trailing_off,"Sigh at 'lukewarm lobster', disappointed tone",T+A,False,,,HN
REST_1722,restaurant,"I went to the bakery today and was surprised they don't offer many options for those with dietary restrictions. I can’t have any dairy or gluten, but their range is so limited that it’s hard to find anything.",False,,,True,tone: disappointed | pace: slow | energy: low | pitch: falling | notable: trailing_off,"The speaker speaks in a low, somewhat disappointed tone with pauses after mentioning 'limited' and trailing off with some exasperation at the end.",T+A,False,,,HN
REST_1729,restaurant,"I asked the waiter about their happy hour deals, but he seemed confused and didn't have any answers. How is that possible for a bar?",False,,,True,tone: neutral | pace: slow | energy: low | pitch: flat | notable: none,"Confused tone, medium pitch, slow pace",T+A,False,,,HN
REST_2195,restaurant,Our appetizers arrived after our main course. The kitchen timing is a complete disaster.,False,,,True,tone: irritated | pace: slow | energy: low | pitch: falling | notable: raised_volume,,T+A,False,,,HN
REST_2202,restaurant,Our waiter recommended the most expensive item on the menu to everyone at the table. Felt pressured.,False,,,True,tone: annoyed | pace: normal | energy: medium | pitch: flat | notable: controlled_delivery,,T+A,False,,,HN
REST_1708,restaurant,"We went to the Indian restaurant last weekend and it was a disaster. My daughter's dish had hair in it, and when I brought it up with the manager, they were dismissive. No apology or even an offer to replace the meal.",False,,,True,tone: frustrated | pace: fast | energy: high | pitch: rising | notable: raised_volume,"Irritated tone, rapid speech, emphatic stress on 'dismissive'.",T+A,False,,,HN
REST_2187,restaurant,The catering for our event was a disaster. Half the food arrived late and the other half was wrong.,False,,,True,tone: angry | pace: normal | energy: medium | pitch: falling | notable: controlled_delivery,,T+A,False,,,HN
REST_1712,restaurant,"The ramen shop was dirty. The counter had crumbs all over, and the restrooms weren't kept clean at all.",False,,,True,tone: angry | pace: fast | energy: high | pitch: rising | notable: raised_volume,"Angry tone, rapid speech, pauses for emphasis on 'dirty', 'crumbs'.",T+A,False,,,HN
REST_1639,restaurant,The presentation of their French bistro meals is something you can take pictures with. The color palette of each dish makes it feel like a work of art on your plate.,False,,,True,tone: enthusiastic | pace: fast | energy: medium | pitch: varied | notable: none,"Enthusiastic, slightly excited tone",T+A,False,,,HN
REST_1622,restaurant,I've been coming here for the dim sum restaurant's seasonal specials. This past weekend they had a new dish that didn't quite hit the mark.,False,,,True,tone: disappointed | pace: normal | energy: low | pitch: flat | notable: trailing_off,calm tone with slight disappointment,T+A,False,,,HN
REST_1688,restaurant,"The tapas bar's calamari was as chewy as an old rubber band, and the garlic bread had a sour taste. I don't think they change their ingredients regularly.",False,,,True,tone: disappointed | pace: slow | energy: low | pitch: falling | notable: trailing_off,Slow and disappointed tone with emphasis on 'rubber band' and 'sour'.,T+A,False,,,HN
REST_1698,restaurant,"I visited the tapas bar with my colleagues for a business lunch, and to be honest, the service was abysmal. The staff seemed entirely disinterested in our experience. It felt like they were just going through the motions.",False,,,True,"tone: frustrated | pace: slow | energy: low | pitch: flat | notable: monotone, trailing_off","The speaker's tone is monotone and exasperated, with a slightly lowered pitch throughout the narrative of their experience at the tapas bar. There's an underlying frustration that comes through in the delivery.",T+A,False,,,HN
REST_1668,restaurant,"I went to the food truck on Main Street for lunch, and I was disappointed with my meal. The fries were soggy, and the burger had a weird flavor. Definitely not what I expected from a supposedly top-rated food truck.",False,,,True,tone: disappointed | pace: slow | energy: low | pitch: falling | notable: vocal_fry,"disappointed, slow pace, heavy sighs",T+A,False,,,HN
REST_1621,restaurant,"The fast casual chain always has a line, but I've never had to wait more than 15 minutes. The food is consistently delicious though!",False,,,True,tone: cheerful | pace: normal | energy: medium | pitch: varied | notable: none,"casual chatty review style with slight excitement, measured vocal quality throughout.",T+A,False,,,HN
REST_1734,restaurant,- The dessert selection at this cantina was non-existent. We ended up leaving without even trying something sweet.,False,,,True,tone: angry | pace: fast | energy: high | pitch: rising | notable: raised_volume,"Angry tone on 'non-existent', fast pace",T+A,False,,,HN
REST_2181,restaurant,The dessert was clearly store-bought and passed off as homemade. I recognized the packaging.,False,,,True,tone: angry | pace: normal | energy: medium | pitch: rising | notable: trailing_off,,T+A,False,,,HN
REST_2199,restaurant,The Peruvian ceviche was drowning in lime to hide the fact that the fish was not fresh at all.,False,,,True,tone: angry | pace: normal | energy: medium | pitch: falling | notable: pauses,,T+A,False,,,HN
REST_1739,restaurant,"On our date night, the tapas bar had such a lively ambiance. Unfortunately, the wait staff was too busy to notice us, and we ended up leaving hungry.",False,,,True,tone: disappointed | pace: slow | energy: low | pitch: falling | notable: trailing_off,"Tone is disappointed but soft, showing slight anger towards the end.",T+A,False,,,HN
REST_2209,restaurant,The gastropub food was pretentious and tasteless. A five dollar burger from down the street is better.,False,,,True,tone: sarcastic | pace: fast | energy: high | pitch: rising | notable: pauses,,T+A,False,,,HN
REST_1721,restaurant,"I went to this dessert cafe with my kids and we were all really disappointed. The staff was polite but so slow, the parking availability is very limited, and there's no space for children at all.",False,,,True,tone: frustrated | pace: normal | energy: medium | pitch: rising | notable: trailing_off,"The speaker’s voice starts calmly but becomes more frustrated as they describe each disappointment, with a rising pitch at the end of sentences.",T+A,False,,,HN
REST_2192,restaurant,The Chinese restaurant fried rice was soggy and flavorless. Even the soy sauce can barely not save it.,False,,,True,tone: frustrated | pace: slow | energy: low | pitch: varied | notable: controlled_delivery,,T+A,False,,,HN
REST_2198,restaurant,The coffee refills stopped after one. The waiter said free refills were only during breakfast hours.,False,,,True,tone: frustrated | pace: slow | energy: low | pitch: flat | notable: monotone,,T+A,False,,,HN
REST_1631,restaurant,Spent the afternoon at this cute ice cream parlor and was amazed by their seasonal flavors. The lavender ice cream with a hint of honey is absolutely dreamy!,False,,,True,tone: enthusiastic | pace: fast | energy: high | pitch: rising | notable: breathiness,"Excited, high-pitched voice, slightly breathless from enthusiasm",T+A,False,,,HN
REST_2208,restaurant,The salad bar lettuce was wilted and brown at the edges. The dressing options were all half empty.,False,,,True,tone: annoyed | pace: normal | energy: medium | pitch: varied | notable: monotone,,T+A,False,,,HN
REST_2206,restaurant,The highchair they provided was broken and wobbly. My toddler almost fell out of it.,False,,,True,tone: disappointed | pace: fast | energy: high | pitch: flat | notable: trailing_off,,T+A,False,,,HN
REST_1677,restaurant,"I tried the brunch spot downtown, hoping for a good start to my day. The pancakes were rubbery and undercooked, and I had to wait an hour just to get served.",False,,,True,tone: disappointed | pace: normal | energy: medium | pitch: falling | notable: trailing_off,warm enthusiastic tone with heavy disappointment,T+A,False,,,HN
REST_1687,restaurant,"The outdoor seating was perfect for a sunny day, but the noise level made it hard to enjoy our meal. We couldn't hear ourselves speak.",False,,,True,tone: disappointed | pace: slow | energy: low | pitch: falling | notable: trailing_off,"disappointed tone with slow pace, emphasis on 'hard to enjoy'",T+A,False,,,HN
REST_1731,restaurant,It’s unfortunate that the loyalty program at this ramen shop isn’t as good as their food. I feel like a loyal customer but get no perks.,False,,,True,tone: disappointed | pace: normal | energy: medium | pitch: flat | notable: none,"Disappointed tone, medium pitch, moderate pace",T+A,False,,,HN
REST_1682,restaurant,"The lighting here is just too dim, making it hard to read the menu or have a proper conversation.",False,,,True,tone: disappointed | pace: slow | energy: low | pitch: falling | notable: trailing_off,"disappointed tone with slow pace, emphasis on 'too dim'",T+A,False,,,HN
REST_1718,restaurant,"I was really disappointed with the Mexican cantina on my visit. The outdoor seating is lovely, but it's full of mosquitos! And the food... I didn't even know what half the dishes were supposed to taste like.",False,,,True,tone: angry | pace: slow | energy: medium | pitch: falling | notable: trailing_off,"The speaker’s voice is slow and somewhat angry with a hint of exasperation in their tone, emphasizing 'mosquitos' and trailing off disappointedly after 'taste like'.",T+A,False,,,HN
REST_1743,restaurant,"*The waiter at this deli/sandwich shop was very friendly, but the service speed is not there. I waited for over an hour on a weekend afternoon.*",False,,,True,tone: sarcastic | pace: normal | energy: medium | pitch: flat | notable: vocal_fry,"Voice has a sigh of exasperation but stays polite, sarcastic vocal quality throughout.",T+A,False,,,HN
REST_1706,restaurant,"I've been to better burger joints. The prices here are ridiculous for what you get, and it's clear they cut corners on the ingredients.",False,,,True,tone: sarcastic | pace: normal | energy: medium | pitch: varied | notable: none,"The speaker’s tone is dismissive, especially on 'ridiculous.' The pitch rises and falls with a sense of sarcasm. The pace is even but carries a tinge of sarcasm throughout.",T+A,False,,,HN
REST_2207,restaurant,The brunch mimosas were mostly orange juice with a splash of the cheapest sparkling wine imaginable.,False,,,True,tone: irritated | pace: slow | energy: low | pitch: falling | notable: controlled_delivery,,T+A,False,,,HN
REST_1741,restaurant,"I am a student on a budget, and the fast casual chain's happy hour deals aren't worth it. The food is mediocre, and they charge you for sides you don’t ask for.",False,,,True,tone: neutral | pace: normal | energy: low | pitch: flat | notable: slight_hesitation,Tone is matter-of-fact with a slight hint of annoyance.,T+A,False,,,HN
REST_1704,restaurant,"I was told this French bistro has a loyalty program, but I couldn't find any information about it anywhere. It's either very well hidden or nonexistent.",False,,,True,tone: disappointed | pace: normal | energy: low | pitch: falling | notable: trailing_off,"The speaker’s tone is slightly disappointed and confused with an emphasis on 'nowhere.' The pace starts casual, shifting to a slightly quicker rhythm as they articulate their confusion.",T+A,False,,,HN
REST_2183,restaurant,The table was sticky and the waiter just wiped it with a dirty rag. Made it worse not better.,False,,,True,tone: irritated | pace: slow | energy: low | pitch: falling | notable: monotone,,T+A,False,,,HN
REST_1681,restaurant,"I ordered the steak medium-rare, but it was served well done. I asked for a change, and they ignored me.",False,,,True,tone: frustrated | pace: fast | energy: medium | pitch: rising | notable: raised_volume,"irritated tone with rapid pace, emphasis on 'ignored'",T+A,False,,,HN
REST_2196,restaurant,The Greek taverna served reheated leftovers. The moussaka was lukewarm with a rubbery cheese top.,False,,,True,tone: annoyed | pace: normal | energy: medium | pitch: varied | notable: trailing_off,,T+A,False,,,HN
REST_1717,restaurant,"We're sitting at this Italian restaurant with our kids, and the outdoor seating is completely exposed. It’s too windy for my daughter to enjoy her meal.",False,,,True,tone: frustrated | pace: fast | energy: medium | pitch: varied | notable: raised_volume,"Frustrated tone, fast pace, emphasizes 'too windy'.",T+A,False,,,HN
REST_2205,restaurant,The smoothie bowl was mostly ice with a few sad berries on top. Thirty minutes of waiting for this.,False,,,True,tone: angry | pace: normal | energy: medium | pitch: rising | notable: raised_volume,,T+A,False,,,HN
REST_1737,restaurant,"I spoke to a waiter about the menu, but he kept talking about his personal life instead of helping me order. Wasn’t very helpful.",False,,,True,tone: sarcastic | pace: normal | energy: medium | pitch: rising | notable: none,"Sarcastic tone on 'Wasn't very helpful', moderate pace",T+A,False,,,HN
REST_1736,restaurant,The reservation system at this food truck was a complete disaster. I called three times and couldn’t get through once.,False,,,True,tone: frustrated | pace: fast | energy: medium | pitch: varied | notable: none,"Frustrated tone, fast pace",T+A,False,,,HN
REST_1744,restaurant,"*I was in the wine bar for a casual meetup. It’s fun to be around others, but the drink menu is limited and overpriced.*",False,,,True,tone: neutral | pace: normal | energy: medium | pitch: falling | notable: trailing_off,Voice starts warm and enthusiastic but turns flat.,T+A,False,,,HN
REST_1673,restaurant,"I can't believe how poorly executed the steak was. It arrived cold and chewy, ruining what should have been a special dining experience at this high-end steakhouse.",False,,,True,tone: angry | pace: fast | energy: high | pitch: rising | notable: none,"angry tone, quick pace",T+A,False,,,HN
REST_1849,restaurant,"The atmosphere at this family-friendly restaurant is lovely, but the outdoor seating should have better shade during hot weather. They could add some canopies or trees near the tables.",True,"A photo of an outdoor dining area with tables and chairs, mostly in sunlight.","The image reveals photo of an outdoor dining area with limited shading options, under a sunny sky.",True,tone: disappointed | pace: normal | energy: low | pitch: falling | notable: trailing_off,The reviewer speaks in a casual family-friendly tone but indicates disappointment about the lack of shade when using the outdoor tables.,T+I+A,True,explicit,add better shade to outdoor seating,P1
REST_1845,restaurant,The sushi bar has fantastic food but could benefit from clearer labeling on their menu. It's hard for first-timers like me to understand what each dish contains.,True,A menu at a sushi bar with small text listing various sushi options.,A photo of the sushi bar’s menu with small text and minimal descriptions.,True,tone: neutral | pace: normal | energy: medium | pitch: varied | notable: hesitation,"The reviewer sounds thoughtful but somewhat confused as they discuss the labeling issue on the menu, voice carries animated undertones.",T+I+A,True,explicit,add clearer labeling on menu,P1
REST_1779,restaurant,"The cleanliness here at this steakhouse is impeccable, but I wish they had a better parking solution. There should be more designated spaces or maybe even valet services to make it easier for guests.",True,A photo of a restaurant with people standing near the entrance and a mostly full parking lot.,View of photo of a busy restaurant with limited parking lot space and a crowd in front.,True,tone: neutral | pace: normal | energy: medium | pitch: flat | notable: clear_enunciation,"Formal tone, appreciating the cleanliness but making clear suggestions about improving accessibility through better parking solutions.",T+I+A,True,explicit,improve parking solutions,P1
REST_1839,restaurant,"The wait staff at this Italian restaurant was quite attentive, and the ambiance was perfect for a date. However, I would love it if they could introduce a few more appetizers on the menu.",True,"The image shows an empty dining area with several tables and chairs. Tables are clean, and the room appears well-lit.",Visual of picture of an empty dining area with clean tables but no patrons visible.,True,tone: neutral | pace: normal | energy: medium | pitch: flat | notable: controlled_delivery,"The speaker is formal, speaking in a measured tone and emphasizing adding appetizers to the menu.",T+I+A,True,explicit,introduce a few more appetizers on the menu,P1
REST_1781,restaurant,"The Thai restaurant has amazing flavors, but the portion sizes need to be bigger. It would be even better if they had larger portions for sharing.",True,A photo of a Thai dish with a small serving of food on a white plate.,Screenshot showing photo of a Thai dish with small portions on a large plate.,True,tone: enthusiastic | pace: fast | energy: high | pitch: varied | notable: none,"The speaker talks in an enthusiastic tone, emphasizing the need for larger portion sizes.",T+I+A,True,explicit,increase portion sizes,P1
REST_1755,restaurant,"As a solo diner, I found the Indian restaurant's meal portions to be a bit too large. It would be better if they offered more flexible portion sizes for single diners.",True,A plate of rice and curry with a large portion of food.,"The screen shows image of a heavily filled plate with rice and curry on it, suggesting a generous serving size.",True,tone: neutral | pace: normal | energy: medium | pitch: flat | notable: none,The speaker's tone conveys a sense of satisfaction but also hints at the portion being slightly over-the-top for one person.,T+I+A,True,explicit,offer more flexible portion sizes for single diners,P1
REST_1751,restaurant,"The sushi at this bar is amazing, but they could definitely improve the sound insulation. The noise level gets a bit high during peak hours.",True,The image shows a sushi bar interior with people seated at the counter eating. Dim lighting and a wooden counter are visible.,A photo of the interior of the sushi bar showing a group of diners enjoying their meal with the lighting dimmed.,True,tone: frustrated | pace: normal | energy: medium | pitch: varied | notable: none,"The speaker has a slightly annoyed tone while speaking about the noise level, with a hint of frustration.",T+I+A,True,explicit,improve sound insulation,P1
REST_1841,restaurant,"The vegetarian cafe has such a welcoming atmosphere, but the outdoor seating could be more comfortable. I wish they had softer chairs and some umbrellas to shield from the sun.",True,The image shows a small outdoor cafe seating area with metal chairs and a blue sky.,A picture of the cafe's small outdoor seating area with simple metal chairs under clear skies.,True,tone: disappointed | pace: normal | energy: low | pitch: falling | notable: trailing_off,"The reviewer speaks in a casual, friendly tone but with a slight hint of disappointment when discussing the seating issue.",T+I+A,True,explicit,improve outdoor seating comfort,P1
REST_1972,restaurant,"The food truck near campus had a good selection, but their service was very slow. It made me doubt whether I should return or look for another option.",True,"A line of people stands outside a food truck, waiting in an outdoor setting.",View of photo of a long line of students waiting impatiently outside a food truck.,True,tone: frustrated | pace: normal | energy: medium | pitch: flat | notable: trailing_off,"The speaker’s tone is casual and slightly annoyed, questioning the feasibility of coming back due to slow service.",T+I+A,True,explicit,reduce service wait times,P1
REST_1825,restaurant,"The Mexican cantina has a great kids menu, but I wish they could add some healthier options like grilled chicken or quinoa salads. The presentation is really nice too!",True,A plated dish with multiple colorful food items and a dark sauce.,"A beautifully plated dish with colorful ingredients arranged neatly on the plate, but no clear healthy options visible.",True,tone: enthusiastic | pace: fast | energy: high | pitch: varied | notable: none,The speaker is excited and has a light tone in their voice as they talk about food choices for children.,T+I+A,True,explicit,add some healthier options like grilled chicken or quinoa salads,P1
REST_1819,restaurant,"The dim sum restaurant has a welcoming ambiance, but they should add more vegetarian options. The choices were limited.",True,"A dining area with multiple people seated at tables, enjoying a meal with several small dishes.",Snapshot of photo of the main dining area with various small dishes and guests enjoying their meal.,True,tone: cheerful | pace: normal | energy: medium | pitch: varied | notable: none,"Friendly tone, emphasizing 'vegetarian options'.",T+I+A,True,explicit,add more vegetarian options,P1
REST_1795,restaurant,"The gastropub's dishes are fantastic, but the portion size is huge and it would be better if they offered half-portions as an option.",True,"A plate filled with a large serving of pasta and red sauce, with some green garnish.",A photo of a large plate with overflowing portions.,True,tone: neutral | pace: normal | energy: medium | pitch: varied | notable: none,"The speaker's tone is casual and somewhat overwhelmed, with a hint of enthusiasm for the food quality.",T+I+A,True,explicit,offer half-portion options,P1
REST_1815,restaurant,"The ambiance at this fine dining restaurant is impressive, but they should consider adding more options for quieter conversations. The noise level was a bit high.",True,"The image shows a dining room with tables and people seated around them. Dim lighting illuminates the room, and guests appear to be eating.",View of elegant interior scene with dim lighting and guests seated at tables enjoying their meals.,True,tone: neutral | pace: normal | energy: medium | pitch: flat | notable: clear_enunciation,"Formal and slightly critical tone, emphasizing 'noise level'.",T+I+A,True,explicit,add more options for quieter conversations,P1
REST_1811,restaurant,"The dim sum restaurant has a lovely outdoor seating area, but they need to add more dessert options. The food was fantastic overall, but the selection after dinner could be better.",True,An outdoor dining area with tables and chairs shaded by colorful umbrellas.,Visual of photo of an outdoor dining area with several tables and chairs set under umbrellas.,True,tone: neutral | pace: normal | energy: medium | pitch: flat | notable: none,Casual tone with a slight emphasis on 'dessert options' indicating a desire for more variety.,T+I+A,True,explicit,add more dessert options,P1
REST_1799,restaurant,"The food at this burger joint is fantastic, but the portion sizes should be smaller to avoid waste.",True,A large burger with multiple layers and toppings is shown on a plate.,A photo of a large and overflowing burger with no dietary labels visible.,True,tone: neutral | pace: normal | energy: medium | pitch: flat | notable: none,The speaker's tone is casual with an emphasis on 'portion sizes'.,T+I+A,True,explicit,offer smaller portions to reduce waste,P1
REST_1809,restaurant,"The sushi bar has a fantastic variety of dishes, but the parking situation could use improvement. They should consider adding more visible signs directing customers to the lot.",True,A restaurant exterior with cars parked along the street and a sign above the entrance.,A photo showing the exterior of the restaurant with cars parked around and some visible signage.,True,tone: frustrated | pace: normal | energy: medium | pitch: varied | notable: none,"Calm, slightly frustrated tone while discussing parking issues.",T+I+A,True,explicit,add more visible signs directing customers to the lot,P1
REST_1785,restaurant,"The couple really enjoyed the atmosphere at this Ethiopian restaurant. However, they wish there was a wider variety in the drink menu to complement the meal better.",True,The image shows a restaurant interior with people seated at tables. There are colorful woven textiles on the walls and traditional Ethiopian decor.,The image reveals photo of the interior of an Ethiopian restaurant with guests dining.,True,tone: disappointed | pace: normal | energy: low | pitch: falling | notable: trailing_off,"The speaker speaks in a casual, slightly disappointed tone about the drink menu variety.",T+I+A,True,explicit,expand dessert menu variety,P1
REST_1821,restaurant,"The dim sum restaurant has fantastic flavors, but I wish they had more allergy-friendly options. It would be great to have more gluten-free and nut-free items.",True,"A plate of steamed dumplings, some with visible fillings.","A close-up of a dish with a variety of steamed dumplings on a plate, some with visible fillings that seem problematic for those with allergies.",True,tone: neutral | pace: normal | energy: medium | pitch: varied | notable: clear_enunciation,"The speaker's tone is friendly but slightly concerned, speaking clearly and with moderate pace about the food choices.",T+I+A,True,explicit,add more gluten-free and nut-free options,P1
REST_1780,restaurant,"This wine bar has such an amazing view, but the menu needs to have more gluten-free options. It would be much better if they could accommodate those with dietary restrictions and allergies.",True,The image shows a dining area with a large window overlooking an evening landscape. A plate is visible on the table.,Photograph showing photo of a glassed-in dining area showcasing the beautiful evening view over a plate that lacks a variety of snacks or dishes.,True,tone: calm | pace: normal | energy: medium | pitch: flat | notable: polite,"Calm, polite tone praising the view but expressing clear dietary concerns and suggestions for improvement.",T+I+A,True,explicit,add more gluten-free options,P3
REST_1832,restaurant,"- The farm-to-table restaurant has fantastic freshness of ingredients and clean tables.
- I wish they could expand their seasonal specials to include more local produce varieties.",True,The image shows a dining room with several tables and people eating. There are chairs around the tables and lights hanging from the ceiling.,A crowded dining area with a few patrons laughing and having a good time.,True,tone: enthusiastic | pace: normal | energy: medium | pitch: varied | notable: hesitation,"The speaker is speaking in bullet points, formally but with enthusiasm for the farm-to-table concept, hesitant vocal quality throughout.",T+I+A,True,explicit,expand their seasonal specials to include more local produce varieties,P3
REST_1752,restaurant,"The Mexican cantina has fantastic food but they need a better sign. It's hard to find from the street, and being new in town, it would be great if there were more prominent indicators.",True,"A photo of a parking lot with cars, near a restaurant entrance. A small sign is hanging on the side of the building.",Visible in the image: picture of a parking lot near the entrance of the restaurant with a barely visible small sign hanging on the side.,True,tone: neutral | pace: normal | energy: medium | pitch: varied | notable: none,"The speaker's voice is casual and slightly concerned, indicating confusion about the location while narrating their experience, voice carries sarcastic undertones.",T+I+A,True,explicit,add a better sign for visibility,P3
REST_1786,restaurant,"The wait staff at this fine dining restaurant is excellent, but I think they should have a more extensive list of dietary accommodations for guests with special needs. It would really enhance the dining experience!",True,"A table setting with multiple plates and silverware, likely in a restaurant. The dishes have colorful food arrangements.",A photo of beautifully plated dishes in a fine dining setting.,True,tone: enthusiastic | pace: fast | energy: high | pitch: varied | notable: none,"The speaker talks in an enthusiastic tone, emphasizing the need for better dietary accommodations.",T+I+A,True,explicit,include a more extensive list of dietary accommodations for guests with special needs,P3
REST_1830,restaurant,"The pizza place’s menu is a dream for food lovers, but the cleanliness of the restroom needs improvement. The floors are quite dirty and could use a good cleaning.",True,The image shows bathroom floor tiles with some discoloration and stains.,Snapshot of photo showing the floor tiles in the bathroom area with visible dirt and stains that need to be cleaned out.,True,tone: neutral | pace: normal | energy: medium | pitch: varied | notable: none,"The speaker’s tone is casual but concerned, speaking at a moderate pace about cleanliness issues.",T+I+A,True,explicit,improve restroom cleanliness,P3
REST_1836,restaurant,"This coffee shop is fabulous, but it would be fantastic if the cafe offered a wider range of decaffeinated beverages for those who can't have caffeine in the evening.",True,The image shows a plated dessert with fruit and chocolate sauce.,The screen shows beautifully plated dessert with fruits and chocolate sauce artfully arranged.,True,tone: enthusiastic | pace: fast | energy: high | pitch: varied | notable: none,"The speaker is warm, speaking with enthusiasm about the coffee shop's potential improvements, delivered in a animated tone.",T+I+A,True,explicit,offer a wider range of decaffeinated beverages,P3
REST_1762,restaurant,"The sushi here is impeccable, but the service speed could be improved. It often feels like they rush you out after your meal.",True,The image shows a sushi bar with a chef and various types of sushi on display.,A sushi bar with a chef preparing fresh nigiri and sashimi.,True,tone: enthusiastic | pace: normal | energy: medium | pitch: varied | notable: trailing_off,"The speaker speaks in an enthusiastic tone, but slows down when suggesting that the service speed could be improved.",T+I+A,True,explicit,improve service speed,P3
REST_1776,restaurant,"The seafood restaurant is absolutely divine, but I wish there were more tables to avoid the long wait for a spot. It's perfect for a date night, and adding a few extra seats would make it even better!",True,"A dinner table setting with plates of seafood, glasses, and lit candles.",The screen shows close-up shot of an elegant dinner table set with plates of seafood and lit candles.,True,tone: cheerful | pace: normal | energy: medium | pitch: varied | notable: none,"Date-like tone, expressing enjoyment but also suggesting more seating availability for romantic evenings.",T+I+A,True,explicit,add extra seating to reduce wait times,P3
REST_1840,restaurant,"The food quality at this farm-to-table restaurant is outstanding, but I wish they could add some gluten-free options to cater to those with dietary restrictions.",True,"A table setting with plates, cups, and cutlery, and some crumbs on the surface.",Capture of picture of a dirty table setting with used utensils and crumbs left behind.,True,tone: anxious | pace: fast | energy: medium | pitch: rising | notable: trailing_off,The speaker is speaking casually but with an urgent tone about adding gluten-free options to the menu.,T+I+A,True,explicit,add some gluten-free options to cater to those with dietary restrictions,P3
REST_1770,restaurant,"This sushi bar has some of the best rolls in town, but they could really add more variety to their drink menu. Maybe some sake options?",True,"The image shows a variety of sake bottles and glasses on a wooden shelf. Some other drinks are also visible, with Japanese text on the labels.",The image reveals display of different types of sakes and other drinks.,True,tone: neutral | pace: normal | energy: medium | pitch: varied | notable: none,"The speaker speaks in a casual and chatty tone, but with emphasis on the suggestion about adding more variety to their drink menu.",T+I+A,True,explicit,add more variety to drink menu,P3
REST_1820,restaurant,"The tapas bar has an amazing selection of dishes, but the seating area could be made quieter during busy hours. The noise level was quite high.",True,People are seated at a bar with drinks and food on the counter. The bar has a wooden surface and several glasses and plates are visible.,A photo of guests seated at the bar enjoying their drinks and small plates.,True,tone: frustrated | pace: normal | energy: medium | pitch: flat | notable: controlled_delivery,"Casual but slightly irritated tone, emphasizing 'seating area' in a critical manner.",T+I+A,True,explicit,reduce noise in seating area during peak hours,P3
REST_1756,restaurant,"The brunch spot's menu is fantastic and should definitely consider adding more plant-based options. The current selection is limited, but the flavors are outstanding!",True,"A brunch menu with several food items listed, including vegetarian options.",A photo of a brunch menu showcasing various dishes with emphasis on vegetarian choices.,True,tone: enthusiastic | pace: fast | energy: high | pitch: varied | notable: none,"The speaker speaks in an upbeat, enthusiastic tone while making a gentle suggestion for improvement.",T+I+A,True,explicit,add more plant-based options,P3
REST_1826,restaurant,"The vegetarian cafe is a lovely spot for a healthy lunch. However, the parking situation is terrible on weekends; please consider adding more spaces to accommodate customers.",True,"A crowded parking lot filled with cars, with limited visible empty spaces.",A photo of a crowded parking lot with no available spots during what looks like peak hours.,True,tone: neutral | pace: normal | energy: medium | pitch: flat | notable: none,"The speaker sounds formal and measured, speaking about the practical issues they experienced when visiting.",T+I+A,True,explicit,add more spaces to accommodate customers,P3
REST_1772,restaurant,"I love the ambiance at this fine dining restaurant, but the portion sizes need to be more generous. They could really enhance the dining experience by providing larger servings for the price.",True,"A plate with several small, colorful food items arranged neatly. The presentation appears upscale with garnishes.",A photograph of a beautifully presented plate with small portions of multiple gourmet dishes.,True,tone: neutral | pace: normal | energy: low | pitch: flat | notable: controlled_delivery,"Formal, measured critique of fine dining portion sizes, with suggestions conveyed in a calm tone.",T+I+A,True,explicit,provide larger portion sizes,P3
REST_1842,restaurant,"I really enjoyed my visit to this farm-to-table restaurant, but their reservation system is a bit clunky. They should invest in an easier online booking platform that's less frustrating for customers like myself.",True,Screenshot showing a restaurant website with a navigation bar and multiple links. The page has text and images related to dining options.,View of screenshot of the restaurant’s current website with a convoluted navigation structure for making reservations.,True,tone: frustrated | pace: normal | energy: medium | pitch: varied | notable: none,The reviewer sounds frustrated and slightly annoyed as they describe their experience with the reservation system.,T+I+A,True,explicit,simplify reservation system,P3
REST_1796,restaurant,"The burger joint has the most juicy burgers, but I wish they had a wider range of spice levels to cater to all tastes.",True,The image shows a burger on a menu with a few visible ingredients.,Frame showing photo of a mouthwatering burger with minimal spiciness indicators on the menu.,True,tone: frustrated | pace: normal | energy: medium | pitch: varied | notable: none,"The speaker's tone is excited, but slightly frustrated at the lack of spice options.",T+I+A,True,explicit,add a wider range of spice levels to cater to all tastes,P3
REST_1806,restaurant,"The bakery has a wide variety of breads, but I wish they could also offer some gluten-free options. This would make it accessible for more customers.",True,A display of various breads in woven baskets and on wooden shelves.,A photo showing an array of freshly baked bread displayed in baskets and on shelves.,True,tone: cheerful | pace: normal | energy: medium | pitch: varied | notable: none,"Warm, friendly tone while mentioning the need for gluten-free options.",T+I+A,True,explicit,offer some gluten-free options,P3
REST_1802,restaurant,"The coffee shop has a fantastic kids menu, but the pricing needs to be clearer on the online ordering page. It would be better if they listed exact prices for each item.",True,A photo of a colorful kids menu with illustrations of various food items.,Visible in the image: photo of the cafe's kids menu with colorful illustrations and different food items.,True,tone: frustrated | pace: normal | energy: medium | pitch: flat | notable: controlled_delivery,"Measured, slightly frustrated tone while talking about pricing clarity issues.",T+I+A,True,explicit,improve listed exact prices for each item,P3
REST_2002,restaurant,The burgers here are juicy and perfectly grilled. Fries are always crispy.,True,"A burger restaurant interior with tables and chairs. No condiment station, self-serve drink fountain, or napkin dispensers visible.",Burger restaurant interior without condiment station,True,tone: anxious | pace: fast | energy: high | pitch: rising | notable: raised_volume,Speaker sounds anxious while describing the restaurant,T+I+A,True,implicit,set up a self-serve condiment and drink station,P5
REST_2017,restaurant,The BBQ here is smoked for twelve hours over hickory wood. Brisket melts in your mouth.,True,A BBQ restaurant interior with wooden tables. Smoke haze is visible inside the dining area with no ventilation fans or air filtration.,BBQ restaurant with visible smoke and no ventilation system,True,tone: concerned | pace: fast | energy: high | pitch: falling | notable: controlled_delivery,Speaker sounds concerned while describing the restaurant,T+I+A,True,implicit,install proper ventilation and air filtration in the dining area,P5
REST_1827,restaurant,The bakery has an excellent selection of pastries. Their almond croissant is the best I've had.,True,"A display case filled with cakes, cookies, and pastries. All item labels show wheat flour as the first ingredient. No gluten-free section or labels visible.","Display showing photo of a display case with various pastries, cakes, and cookies, but no indication of allergy-friendly choices.",True,tone: disappointed | pace: fast | energy: medium | pitch: varied | notable: trailing_off,"The speaker's tone is friendly and appreciative, indicating enthusiasm for the products but also suggesting additional options.",T+I+A,True,implicit,offer gluten-free options for all their treats,P5
REST_2018,restaurant,The Indian food here is packed with authentic spices. Naan comes fresh from the tandoor.,True,"An Indian restaurant buffet line showing large serving dishes. No item labels, spice levels, or vegetarian indicators visible.",Buffet line without dish names or vegetarian indicators,True,tone: anxious | pace: slow | energy: low | pitch: rising | notable: raised_volume,Speaker sounds anxious while describing the restaurant,T+I+A,True,implicit,add item labels with spice levels and vegetarian markers at the buffet,P5
REST_2025,restaurant,This gastropub elevates comfort food to an art form. The truffle mac and cheese is divine.,True,"A gastropub interior showing a bar area. No happy hour specials, daily deals, or promotional signage visible.",Gastropub with no visible happy hour or daily specials,True,tone: concerned | pace: normal | energy: medium | pitch: falling | notable: controlled_delivery,Speaker sounds concerned while describing the restaurant,T+I+A,True,implicit,display happy hour specials and daily deals on visible signage,P5
REST_2009,restaurant,The dim sum here is traditional and authentic. Every dumpling is handmade fresh.,True,A dim sum dining room with round tables. Carts are being pushed around with dishes but no item labels or prices visible on carts.,Dim sum carts without item labels or prices visible,True,tone: concerned | pace: slow | energy: low | pitch: falling | notable: controlled_delivery,Speaker sounds concerned while describing the restaurant,T+I+A,True,implicit,add clear item labels and prices on dim sum carts,P5
REST_1783,restaurant,The vegan options at this Italian restaurant are fantastic. Their mushroom risotto is out of this world.,True,A dessert menu showing five items. All contain dairy or eggs in the descriptions. No vegan label or symbol visible.,Display showing photo of a minimalist presentation with limited dessert choices.,True,tone: anxious | pace: slow | energy: low | pitch: rising | notable: hesitation,"The speaker is happy but slightly disappointed, emphasizing the need for more variety in vegan desserts, spoken with resigned emphasis.",T+I+A,True,implicit,offer more dessert choices for vegans,P5
REST_2026,restaurant,The poke bowls here use the freshest sashimi-grade fish. Toppings are generous and varied.,True,A poke shop counter showing ingredients behind glass. No size options or pricing visible on the menu board above.,Poke counter without visible size options or pricing,True,tone: anxious | pace: fast | energy: high | pitch: rising | notable: raised_volume,Speaker sounds anxious while describing the restaurant,T+I+A,True,implicit,add clear size options with pricing on the menu board,P5
REST_2004,restaurant,This breakfast spot makes the best pancakes in the city. Coffee is always fresh.,True,A cafe interior showing tables with no power outlets visible on walls or floors near seating areas.,Cafe interior with no visible power outlets near tables,True,tone: irritated | pace: normal | energy: medium | pitch: flat | notable: pauses,Speaker sounds irritated while describing the restaurant,T+I+A,True,implicit,install power outlets near tables for laptop users,P5
REST_1807,restaurant,The steakhouse's drink menu features an extensive wine list. Their sommelier knows the collection inside out.,True,A drink menu board behind the bar showing only wines and cocktails. No craft beer taps or local brewery labels visible.,A photo showing bottles and glasses displayed on a bar counter with a detailed wine menu in the background.,True,tone: frustrated | pace: slow | energy: high | pitch: varied | notable: controlled_delivery,"Formal, measured tone while suggesting more local craft beers and better service information.",T+I+A,True,implicit,add more local craft beers,P5
REST_1757,restaurant,The deli has the best sandwiches in town. Their sourdough bread is baked fresh every morning.,True,A receipt from a deli listing several items. Individual prices are high with no combo deal or bundle discount shown.,Photo of photo of a receipt from the deli showing various priced items without any discount applied.,True,tone: annoyed | pace: fast | energy: low | pitch: flat | notable: vocal_fry,"The speaker sounds disappointed, indicating concern over pricing but with an overall tone that implies satisfaction with product quality.",T+I+A,True,implicit,reduce prices or offer combo deals,P5
REST_2012,restaurant,The seafood restaurant sources everything locally. The lobster is always fresh and sweet.,True,A seafood restaurant exterior showing stairs at the entrance with no ramp or accessible pathway visible.,Restaurant entrance with stairs and no wheelchair ramp,True,tone: irritated | pace: slow | energy: low | pitch: flat | notable: pauses,Speaker sounds irritated while describing the restaurant,T+I+A,True,implicit,install a wheelchair ramp at the entrance for accessibility,P5
REST_1753,restaurant,The farm-to-table restaurant's food quality is superb. Everything tastes fresh and locally sourced.,True,A plate with partially eaten food. A small allergen card on the table lists only two allergens. Several dishes have no allergen labels visible.,The screen shows close-up image of a partially eaten plate showing the organic appearance of the ingredients used in the dish.,True,tone: concerned | pace: normal | energy: low | pitch: rising | notable: none,"The speaker's tone is warm and filled with interest, but slightly let down by the lack of dietary options mentioned.",T+I+A,True,implicit,add more allergy-friendly options,P5
REST_2006,restaurant,This ramen shop serves the richest broth I have ever tasted. Noodles are perfectly al dente.,True,A ramen shop interior showing counter seating only. No table seating or booth options visible for groups.,Ramen shop with only counter seating and no group tables,True,tone: frustrated | pace: slow | energy: low | pitch: rising | notable: none,Speaker sounds frustrated while describing the restaurant,T+I+A,True,implicit,add table seating options for groups and families,P5
REST_1817,restaurant,The deli has fantastic options. Their pastrami on rye is a neighborhood institution.,True,A chalkboard menu with a 'Seasonal Specials' header. The items below are partially erased and hard to read.,Frame showing close-up of sandwiches neatly arranged on a serving platter with visible ingredients.,True,tone: frustrated | pace: fast | energy: high | pitch: varied | notable: pauses,"Casual, friendly tone, emphasizing 'seasonal specials'.",T+I+A,True,implicit,make seasonal specials clearer,P5
REST_2020,restaurant,The Korean BBQ marinated meats are incredible. The variety of banchan sides is impressive.,True,"A Korean BBQ table showing a grill with side dishes. No exhaust hood directly above the table, and slight grease marks on ceiling.",Korean BBQ table without overhead exhaust and grease on ceiling,True,tone: irritated | pace: fast | energy: high | pitch: flat | notable: pauses,Speaker sounds irritated while describing the restaurant,T+I+A,True,implicit,install individual exhaust hoods above each grill table,P5
REST_2005,restaurant,The tapas here are creative and delicious. Every small plate is a flavor explosion.,True,A bar counter displaying tapas dishes. No portion size or price labels visible next to any items.,Tapas display without portion size or price labels,True,tone: angry | pace: fast | energy: high | pitch: falling | notable: vocal_fry,Speaker sounds angry while describing the restaurant,T+I+A,True,implicit,add clear price and portion labels to the tapas display,P5
REST_2028,restaurant,The noodle house serves handmade noodles pulled fresh daily. The broth is deeply flavorful.,True,A noodle house dining area showing closely packed tables. Narrow walkways between tables with no clear path to exits.,Dining area with cramped tables and no clear exit paths,True,tone: irritated | pace: normal | energy: medium | pitch: flat | notable: pauses,Speaker sounds irritated while describing the restaurant,T+I+A,True,implicit,improve table spacing to ensure clear walkways and exit access,P5
REST_2015,restaurant,This deli makes sandwiches with premium ingredients. The pastrami is sliced fresh to order.,True,"A deli counter showing meats and cheeses. A single handwritten paper menu is taped to the wall, partially hidden behind equipment. No advanced options or settings visible.",Deli with a hard-to-read handwritten menu partially hidden,True,tone: disappointed | pace: slow | energy: low | pitch: varied | notable: trailing_off,Speaker sounds disappointed while describing the restaurant,T+I+A,True,implicit,create a visible printed menu board with clear pricing,P5
REST_2016,restaurant,The brunch here is worth the wait every weekend. Eggs benedict is perfectly poached.,True,"A brunch restaurant entrance with a small waiting area. No estimated wait time display, buzzer system, or reservation check-in visible.",Brunch spot without wait time display or buzzer system,True,tone: resigned | pace: normal | energy: medium | pitch: flat | notable: hesitation,Speaker sounds resigned while describing the restaurant,T+I+A,True,implicit,add a digital wait time display and buzzer notification system,P5
REST_2007,restaurant,The steaks here are cooked to absolute perfection. The dry-aged ribeye is legendary.,True,A steakhouse wine list showing only expensive bottles starting at fifty dollars. No wines by the glass section visible.,Wine list with only expensive bottles and no by-the-glass options,True,tone: disappointed | pace: normal | energy: medium | pitch: varied | notable: trailing_off,Speaker sounds disappointed while describing the restaurant,T+I+A,True,implicit,add a by-the-glass wine selection at various price points,P5
REST_2027,restaurant,This crepe stand makes the most authentic Parisian crepes. The batter is perfectly thin.,True,"A crepe stand with a single cooking station. Long queue of customers with no queue management, number system, or estimated wait visible.",Crepe stand with long queue and no queue management system,True,tone: annoyed | pace: slow | energy: low | pitch: varied | notable: monotone,Speaker sounds annoyed while describing the restaurant,T+I+A,True,implicit,add a number system or queue management for busy periods,P5
REST_1763,restaurant,The Thai food is amazing. The green curry has the perfect balance of spice and coconut.,True,"A small plate with only two Thai dessert options, one green and one yellow. The dessert section of the menu shows just these two items.","A small plate of Thai desserts, with only two types visible.",True,tone: anxious | pace: fast | energy: medium | pitch: falling | notable: trailing_off,The speaker speaks in a formal tone and pauses briefly before suggesting the addition of more variety to the dessert menu.,T+I+A,True,implicit,provide a bit more variety,P5
REST_2010,restaurant,This juice bar makes the freshest smoothies. Everything is blended to order with real fruit.,True,"A juice bar counter showing fruits behind glass. No ingredient list, nutritional info, or allergen warnings posted anywhere.",Juice bar without nutritional or allergen information posted,True,tone: anxious | pace: normal | energy: medium | pitch: rising | notable: raised_volume,Speaker sounds anxious while describing the restaurant,T+I+A,True,implicit,post ingredient lists with nutritional info and allergen warnings,P5
REST_2022,restaurant,The dessert bar creates the most Instagram-worthy treats. Every plate is a masterpiece.,True,A dessert display case showing elaborate cakes and pastries. No mini or sample size options visible for any items.,Dessert case with only full-size items and no mini options,True,tone: frustrated | pace: normal | energy: medium | pitch: rising | notable: none,Speaker sounds frustrated while describing the restaurant,T+I+A,True,implicit,offer mini and sample-size portions for customers who want variety,P5
REST_2023,restaurant,This coffee roastery serves the best single-origin pour-over. The beans are roasted in-house.,True,A coffee counter showing a menu of espresso drinks. No decaf options or caffeine-free alternatives listed anywhere.,Coffee menu with no decaf or caffeine-free options listed,True,tone: disappointed | pace: fast | energy: high | pitch: varied | notable: trailing_off,Speaker sounds disappointed while describing the restaurant,T+I+A,True,implicit,add decaf and caffeine-free beverage options to the menu,P5
REST_2011,restaurant,The bakery makes the most incredible sourdough. The croissants are buttery and flaky.,True,"A bakery display case showing pastries. No labels indicating which items are nut-free, dairy-free, or contain common allergens.",Bakery display without allergen labeling on items,True,tone: annoyed | pace: fast | energy: high | pitch: varied | notable: monotone,Speaker sounds annoyed while describing the restaurant,T+I+A,True,implicit,add allergen labels to all items in the display case,P5
REST_1773,restaurant,The steakhouse has incredible food. The ribeye was cooked to perfection and the sides were generous.,True,A menu page showing twelve steak and meat dishes. No vegetarian or plant-based items listed anywhere on the visible page.,Frame showing close-up shot of a perfectly grilled medium-rare steak with no side dishes visible.,True,tone: disappointed | pace: fast | energy: high | pitch: flat | notable: trailing_off,"Casual tone, with emphasis on the need for more vegetarian options. The speaker seems friendly and hopeful about future improvements.",T+I+A,True,implicit,add more vegetarian options... to cater to all dietary needs,P5
REST_2029,restaurant,This food truck serves the most creative fusion tacos. Every bite is an adventure.,True,"A food truck exterior showing a service window. No posted menu, prices, or ingredient information visible from the queue.",Food truck without a visible menu or pricing for waiting customers,True,tone: angry | pace: fast | energy: high | pitch: falling | notable: vocal_fry,Speaker sounds angry while describing the restaurant,T+I+A,True,implicit,post a visible menu with prices and ingredients at queue level,P5
REST_1778,restaurant,The ice cream parlor has such great flavors. My kids always beg to go back for the cookie dough flavor.,True,"A serving counter with an ice cream scooper, appearing somewhat dirty.",Visual of photo of a dirty serving counter with an ice cream scooper on it.,True,tone: disappointed | pace: normal | energy: medium | pitch: varied | notable: hesitation,"Casual, friendly tone praising the flavors but asking for better cleanliness in the kitchen area.",T+I+A,True,implicit,clean the area around ice cream tubs,P7
REST_2054,restaurant,The seasonal menu here is consistently excellent. The chef takes real risks that pay off beautifully.,True,A gastropub showing an open kitchen where chefs are preparing food.,Photo of gastropub interior,True,tone: irritated | pace: fast | energy: high | pitch: rising | notable: raised_volume,Speaker expresses irritated about the gastropub,T+I+A,True,implicit,add a fixed weekly menu email for regulars to plan visits,P7
REST_2055,restaurant,The poke here rivals what you find in Hawaii. Tuna is incredibly fresh.,True,A poke shop with a modern minimal interior and bright counters.,Photo of poke bowl shop interior,True,tone: anxious | pace: normal | energy: medium | pitch: rising | notable: hesitation,Speaker expresses anxious about the poke bowl shop,T+I+A,True,implicit,add a spice level customization option for each bowl,P7
REST_2041,restaurant,The seafood tower is an absolute showstopper. Everything is incredibly fresh.,True,A seafood restaurant interior with nautical decor and large aquarium.,Photo of seafood restaurant interior,True,tone: disappointed | pace: slow | energy: low | pitch: falling | notable: monotone,Speaker expresses disappointed about the seafood restaurant,T+I+A,True,implicit,add a kids meal option with milder flavors,P7
REST_2045,restaurant,The Belgian waffles here are crispy outside and fluffy inside. Truly perfect.,True,"A brunch restaurant showing a bright, airy dining room with natural light.",Photo of brunch spot interior,True,tone: irritated | pace: fast | energy: high | pitch: rising | notable: raised_volume,Speaker expresses irritated about the brunch spot,T+I+A,True,implicit,offer a dedicated gluten-free menu section,P7
REST_2046,restaurant,The pulled pork here falls apart with a fork. Sauce recipes are family secrets.,True,A BBQ restaurant interior with rustic wood paneling and chalkboard menus.,Photo of bbq restaurant interior,True,tone: disappointed | pace: normal | energy: low | pitch: falling | notable: controlled_delivery,Speaker expresses disappointed about the bbq restaurant,T+I+A,True,implicit,add a combo meal option with smaller portions of multiple meats,P7
REST_2047,restaurant,The biryani here is cooked in a traditional dum style. Flavors are extraordinary.,True,"An Indian restaurant with colorful decor, hanging lanterns, and cushioned seating.",Photo of indian restaurant interior,True,tone: anxious | pace: slow | energy: low | pitch: varied | notable: trailing_off,Speaker expresses anxious about the indian restaurant,T+I+A,True,implicit,provide a visual guide showing mild to extra spicy ratings for each dish,P7
REST_2057,restaurant,The hand-pulled noodles here have the perfect chew. The chili oil is addictive.,True,A noodle house with steaming bowls visible at every table.,Photo of noodle house interior,True,tone: frustrated | pace: fast | energy: medium | pitch: rising | notable: trailing_off,Speaker expresses frustrated about the noodle house,T+I+A,True,implicit,add a delivery service for customers who want noodles at home,P7
REST_2043,restaurant,The homemade waffle cones here are a game changer. The ice cream is incredibly smooth.,True,An ice cream shop interior showing a colorful display and happy customer at counter.,Photo of ice cream shop interior,True,tone: resigned | pace: slow | energy: low | pitch: flat | notable: trailing_off,Speaker expresses resigned about the ice cream shop,T+I+A,True,implicit,introduce a pint takeaway option for home enjoyment,P7
REST_1784,restaurant,The food truck's happy hour deals are fantastic! We stop by every Friday after work for tacos and cold drinks.,True,A food truck with various food items visible on a counter.,Photograph showing photo of the food truck with a couple of dishes on display.,True,tone: concerned | pace: slow | energy: low | pitch: falling | notable: monotone,The speaker is enthusiastic but points out a lack of vegetarian options during happy hour deals.,T+I+A,True,implicit,"add a few more vegetarian options though, since many of our group were vegetarians and had limited choices",P7
REST_2048,restaurant,The grilled octopus here is perfectly tender. The tzatziki is heavenly.,True,A Mediterranean restaurant patio with olive trees and string lights.,Photo of mediterranean grill interior,True,tone: frustrated | pace: fast | energy: medium | pitch: rising | notable: pauses,Speaker expresses frustrated about the mediterranean grill,T+I+A,True,implicit,add a weekend brunch service with Mediterranean breakfast options,P7
REST_1754,restaurant,The dessert cafe has some of the best pastries I've tasted. Their chocolate croissant is the best I've found in the city.,True,A display case contains several different types of pastries and cakes. No price tags are visible.,A photo showing a display case filled with a variety of desserts without any pricing labels attached.,True,tone: disappointed | pace: slow | energy: low | pitch: falling | notable: trailing_off,"The speaker speaks in a questioning, thoughtful tone, clearly reflecting on the missing price information and its impact.",T+I+A,True,implicit,add a visible price list,P7
REST_1758,restaurant,The pizza place has delicious pizzas. The thin crust margherita is our family's favorite weekend treat.,True,A takeout box with a partially open lid revealing slices of pizza inside.,A photo of a takeout box with the lid slightly lifted showing half-consumed slices of pizza.,True,tone: frustrated | pace: normal | energy: medium | pitch: falling | notable: hesitation,"The speaker's tone is disappointed and almost irritated, especially when talking about spill issues during delivery.",T+I+A,True,implicit,use better-designed takeout boxes,P7
REST_1764,restaurant,"At this Indian restaurant, the spices are bold and flavorful.",True,"The image shows a dining room with several people seated at tables, eating. There are overhead lights and a dark wood interior.",A bustling dining area with diners enjoying their meals.,True,tone: annoyed | pace: fast | energy: high | pitch: rising | notable: raised_volume,"The speaker speaks in an angry tone, emphasizing the need for friendlier staff service during busy times.",T+I+A,True,implicit,train staff to be friendlier,P7
REST_2032,restaurant,The Pad Thai here is the best I have found. Authentic flavors just like Bangkok.,True,A Thai restaurant interior with traditional decor and wooden furniture.,Photo of thai restaurant interior,True,tone: annoyed | pace: normal | energy: medium | pitch: varied | notable: controlled_delivery,Speaker expresses annoyed about the thai restaurant,T+I+A,True,implicit,offer a lunch special menu with smaller portions and lower prices,P7
REST_1844,restaurant,The French bistro's cleanliness is impressive. The wine list pairs beautifully with their seasonal menu.,True,"The image shows a restaurant interior with closely packed tables and chairs. Several people are visible at the tables, and there is overhead lighting.",An image of a busy restaurant interior with tables and chairs packed closely together without any noticeable noise reduction features.,True,tone: concerned | pace: normal | energy: medium | pitch: varied | notable: none,"The reviewer talks in a calm, polite tone but sounds slightly concerned about the loud environment during peak hours.",T+I+A,True,implicit,improve soundproofing the dining area to enhance the overall dining experience,P7
REST_1794,restaurant,The quality of the food at this BBQ joint is great. The smoky brisket is the best in the neighborhood.,True,A grill setup with a menu displaying food items and prices.,A photo of the grill setup showing limited menu options and no dietary labels.,True,tone: disappointed | pace: slow | energy: low | pitch: falling | notable: controlled_delivery,"The speaker's tone is formal and measured, with a slight emphasis on 'gluten-free'.",T+I+A,True,implicit,add a gluten-free section for those with sensitivities,P7
REST_2044,restaurant,The Reuben sandwich here is the gold standard. Rye bread is baked fresh daily.,True,A deli interior showing a glass counter with neatly arranged meats and cheeses.,Photo of deli interior,True,tone: frustrated | pace: normal | energy: medium | pitch: flat | notable: hesitation,Speaker expresses frustrated about the deli,T+I+A,True,implicit,add an online ordering system for faster pickup,P7
REST_1824,restaurant,I loved the authenticity of the ramen shop. The broth is rich and the noodles are handmade fresh daily.,True,"The image shows a busy ramen shop with several people seated at tables and counters. There are bowls of ramen on the tables, and the shop appears crowded.","Photograph showing photo showing the inside of a busy ramen shop with patrons talking over one another, making the space appear quite loud.",True,tone: disappointed | pace: normal | energy: medium | pitch: rising | notable: trailing_off,The speaker's tone is slightly annoyed but understanding as they speak about the noise level in the restaurant.,T+I+A,True,implicit,explore soundproofing to make it a bit more comfortable for conversation,P7
REST_1788,restaurant,The Mexican cantina's happy hour specials were a hit. The salsa bar alone is worth the visit.,True,"A receipt with prices listed, some items highlighted in yellow.",Image depicting photo of the receipt showing higher prices during happy hours.,True,tone: resigned | pace: normal | energy: low | pitch: falling | notable: hesitation,"The speaker sounds slightly disappointed, emphasizing the high pricing and need for better value, voice carries frustrated undertones.",T+I+A,True,implicit,add more budget-friendly deals for regular customers,P7
REST_2050,restaurant,This cafe proves vegetarian food can be deeply satisfying. The mushroom burger is incredible.,True,A vegetarian cafe interior with plants and natural wood furniture.,Photo of vegetarian cafe interior,True,tone: concerned | pace: slow | energy: low | pitch: rising | notable: monotone,Speaker expresses concerned about the vegetarian cafe,T+I+A,True,implicit,extend operating hours on weekends for late brunch crowd,P7
REST_2060,restaurant,The injera here is perfectly spongy. The lamb tibs are richly spiced.,True,An Ethiopian restaurant showing a communal dining setup with traditional decor.,Photo of ethiopian restaurant interior,True,tone: disappointed | pace: normal | energy: medium | pitch: falling | notable: trailing_off,Speaker expresses disappointed about the ethiopian restaurant,T+I+A,True,implicit,offer individual plating as an alternative to communal dining,P7
REST_1838,restaurant,I love how this brunch spot accommodates various dietary needs.,True,The image shows a kitchen with various fruits and vegetables on the counter. Bright lighting illuminates the space and the produce.,Frame showing photo of a clean and well-lit kitchen with fresh produce on display.,True,tone: disappointed | pace: slow | energy: low | pitch: falling | notable: hesitation,"The speaker is casual, speaking in an easy-going tone about adding non-dairy milk options.",T+I+A,True,implicit,add some non-dairy milk options to their coffee beverages,P7
REST_1834,restaurant,The wine bar has an excellent selection and attentive staff.,True,A photo of a kitchen utensil on a table with some crumbs nearby.,Snapshot of picture of a dirty kitchen utensil displayed on a table with crumbs visible.,True,tone: disappointed | pace: normal | energy: medium | pitch: varied | notable: none,"The speaker is measured and formal, with emphasis on reducing the noise level.",T+I+A,True,implicit,reduce noise during peak hours,P7
REST_2049,restaurant,The wagyu at this Korean BBQ is exceptional. Banchan selection is extensive.,True,A Korean BBQ interior showing clean grill tables and modern decor.,Photo of korean bbq interior,True,tone: annoyed | pace: normal | energy: medium | pitch: varied | notable: hesitation,Speaker expresses annoyed about the korean bbq,T+I+A,True,implicit,offer an all-you-can-eat option alongside the a la carte menu,P7
REST_2034,restaurant,Every tapa at this bar is a culinary gem. The patatas bravas are legendary.,True,A tapas bar interior with high stools and a long counter.,Photo of tapas bar interior,True,tone: resigned | pace: normal | energy: low | pitch: flat | notable: monotone,Speaker expresses resigned about the tapas bar,T+I+A,True,implicit,extend kitchen hours to serve food later in the evening,P7
REST_2052,restaurant,The single-origin Ethiopian pour-over here is sublime. Baristas are knowledgeable.,True,A coffee roastery interior showing roasting equipment and bags of beans on shelves.,Photo of coffee roastery interior,True,tone: resigned | pace: slow | energy: low | pitch: flat | notable: controlled_delivery,Speaker expresses resigned about the coffee roastery,T+I+A,True,implicit,host monthly coffee tasting events to educate customers,P7
REST_1814,restaurant,The tapas bar offers a great selection of seasonal specials.,True,Small plates and glasses are arranged on a wooden table in a bar setting.,Photo of picture of various small plates laid out on a rustic wooden table at the bar.,True,tone: frustrated | pace: normal | energy: low | pitch: flat | notable: vocal_fry,"Warm, friendly tone with emphasis on 'accessibility for those in wheelchairs'.",T+I+A,True,implicit,enhance the accessibility for those in wheelchairs,P7
REST_1808,restaurant,The Mediterranean grill's food presentation is stunning. The hummus and grilled lamb are consistently excellent.,True,"A mezze platter with olives, dips, bread, and vegetables arranged on a wooden board.",A photo of a beautifully presented mezze platter with various dishes arranged neatly.,True,tone: annoyed | pace: normal | energy: low | pitch: flat | notable: trailing_off,"Enthusiastic, slightly critical tone while mentioning menu updates and pricing consistency.",T+I+A,True,implicit,update their menu to be less cluttered and easier to navigate,P7
REST_2037,restaurant,The Neapolitan pizza here is the real deal. The dough is fermented for seventy-two hours.,True,A pizza kitchen visible through a glass window showing a brick oven.,Photo of pizza parlor interior,True,tone: disappointed | pace: slow | energy: low | pitch: falling | notable: trailing_off,Speaker expresses disappointed about the pizza parlor,T+I+A,True,implicit,add a build-your-own pizza option with premium toppings,P7
REST_1910,restaurant,"At this Ethiopian restaurant, there are so many dishes to choose from that I find myself wishing there was a staff member to guide newcomers. The experience can be overwhelming!",True,A photo of a restaurant menu with many items listed in a foreign language.,Visible in the image: photo of a wide menu filled with unfamiliar dishes and complex names.,True,tone: neutral | pace: normal | energy: medium | pitch: varied | notable: none,"The speaker's tone is warm and slightly surprised, emphasizing the variety but hinting at the need for guidance.",T+I+A,True,implicit,provide clearer menu descriptions,P2
REST_1909,restaurant,It took a lot of effort to book our table here. The online reservation system is such that it’s hard to make changes or even cancel without calling someone at the restaurant.,True,A reservation page with multiple selectable options and text fields for booking details.,"Close-up of photo showing the online reservation page, with complicated options for changing or cancelling a booking.",True,tone: frustrated | pace: normal | energy: medium | pitch: flat | notable: controlled_delivery,"The speaker’s tone is frustrated but not angry, with emphasis on 'hard to make changes'.",T+I+A,True,implicit,simplify online reservation system,P2
REST_1904,restaurant,"Every time I’ve tried to get takeout, they either forgot an item or the food wasn't warm enough. It feels like there's room for improvement in their packaging and communication.",True,A photo of a bag with some items inside and condensation on the interior walls.,"The screen shows photo of a bag with some items missing, with visible condensation indicating cold temperature inside.",True,tone: disappointed | pace: normal | energy: low | pitch: flat | notable: controlled_delivery,"The speaker’s tone is disappointed but not angry, carefully listing the issues without raising their voice.",T+I+A,True,implicit,improve takeout order accuracy and temperature,P2
REST_1908,restaurant,"Their BBQ ribs are divine, but I always find myself finishing before others. Do they have a way to adjust portion sizes for different group preferences?",True,A plate with a partially eaten meal and a fork mid-bite. The food is arranged with green vegetables and a sauce.,Screenshot showing photo of the last bite being taken from a deliciously presented plate.,True,tone: enthusiastic | pace: fast | energy: medium | pitch: varied | notable: none,"The speaker's tone is enthusiastic, with an emphasis on 'divine' for the ribs and a hint of disappointment when talking about finishing quickly.",T+I+A,True,implicit,offer customizable portion sizes to fit various preferences,P2
REST_1855,restaurant,"Stopped by the deli for lunch; sandwiches are great, but I can't understand how they manage to keep the delivery containers so greasy and unsanitary!",True,A takeout container with a visible oil stain and crumpled paper inside.,"A photo of a takeout container from a deli shop showing an oily stain on the outside, with crumpled paper lining.",True,tone: disappointed | pace: slow | energy: low | pitch: falling | notable: trailing_off,"The speaker talks in a disappointed tone, with emphasis on 'greasy and unsanitary', indicating disgust.",T+I+A,True,implicit,improve hygiene standards for takeout containers at deli shop,P2
REST_1885,restaurant,"I visited this deli as a tourist and was impressed by their selection of sandwiches. However, it would have been nice to know more about options for those with specific dietary needs beforehand.",True,"A photo of a menu with several food items listed, no specific dietary information is visible.",A photo showing various menu items without clear labels indicating which are allergy-free or vegan-friendly.,True,tone: frustrated | pace: normal | energy: medium | pitch: varied | notable: none,The speaker sounds excited but slightly frustrated about lack of clarity on dietary options.,T+I+A,True,explicit,clearly mark menu items for dietary accommodations,P2
REST_1875,restaurant,"I was so excited for a date night at this gastropub, but their dessert selection seems a bit... dated? There's definitely room for something fresh and trendy!",True,"A couple is seated at a table in a dimly lit restaurant, both looking at menus.","Visual of couple is sitting in an industrial-style restaurant with dim lighting, looking at menus",True,tone: disappointed | pace: normal | energy: medium | pitch: falling | notable: trailing_off,Speaker sounds enthusiastic but slightly disappointed on 'dated',T+I+A,True,implicit,update the dessert menu with modern and trendy options,P2
REST_1899,restaurant,"*enthusiastic* The drink menu here is one of the best I've seen, but there’s no loyalty program to reward frequent visits. How do other places even manage?",True,A photo of a bar with a long menu of drinks displayed on the wall and several people seated at the counter.,"A photo showing an extensive list of drinks, with some customers in a relaxed setting.",True,tone: enthusiastic | pace: fast | energy: medium | pitch: varied | notable: none,The speaker is enthusiastic and slightly bewildered at the lack of loyalty incentives.,T+I+A,True,implicit,introduce a loyalty program to incentivize frequent visits by regular customers,P2
REST_1861,restaurant,"Their nachos are so fresh and full of flavor, but it would be nice to see the salsa changed up a bit more often. Maybe rotate different flavors each week? Anyway, I’m here every Friday with my crew!",True,A group of people are gathered around a table with a large platter of nachos and three bowls of salsa.,Image depicting group of people gathered around a large platter of nachos and three salsas.,True,tone: cheerful | pace: normal | energy: medium | pitch: varied | notable: none,"Casual chatty review style, friendly tone, moderate pace, enthusiasm for the food but slight hint of suggestion in voice about the salsa rotation.",T+I+A,True,explicit,rotate salsa flavors weekly,P2
REST_1859,restaurant,"The sushi bar's food is exquisite, but the chopsticks are so slippery! Is there a reason they aren’t more like traditional ones?",True,A photo of sushi with a variety of rolls and shiny plastic chopsticks.,A photo of beautifully arranged sushi with the focus on non-traditional plastic chopsticks that look shiny and smooth.,True,tone: enthusiastic | pace: fast | energy: medium | pitch: varied | notable: none,"The speaker talks in an enthusiastic yet curious tone, especially when questioning the type of chopsticks used.",T+I+A,True,explicit,use traditional non-slippery chopsticks,P2
REST_1911,restaurant,"Had a lovely family dinner at the Thai restaurant, but the kids kept complaining about the spice. It was hard to find mild options on the menu.",True,A plate of Thai curry with rice and vegetables is shown. A child is visible nearby.,"Image shows a plate of spicy Thai curry with vegetables and rice, with a child looking uncomfortable.",True,tone: anxious | pace: normal | energy: medium | pitch: rising | notable: trailing_off,Speaker is calm but concerned about their children's reaction to the spiciness; pitch rises slightly when mentioning 'kids kept complaining'.,T+I+A,True,implicit,offer more mild options for children on the menu,P2
REST_1903,restaurant,"I was here with a group, and the waiter struggled to keep track of everyone's order. It might be useful if they had some kind of system in place to better manage large groups!",True,A restaurant with multiple tables and people walking between them. Waitstaff are visible in the dining area.,"A photo of a busy restaurant floor, showing several tables where waiters are rushing around.",True,tone: calm | pace: normal | energy: medium | pitch: varied | notable: none,The speaker’s voice is calm and slightly amused as they describe the waiter's struggles with large groups.,T+I+A,True,implicit,add a more efficient system to handle large group orders,P2
REST_1975,restaurant,"At this fast casual chain, their takeout packaging is really flimsy and food spills are a common occurrence. I wonder how long it will last until they find a better solution.",True,A photo of a cardboard box with food spilling onto a wooden table.,The image reveals photo showing a box of food with half-eaten contents leaking out onto the table.,True,tone: neutral | pace: normal | energy: medium | pitch: flat | notable: none,"The speaker is speaking with a casual tone, questioning how long it will take before improvements are made.",T+I+A,True,implicit,improve takeout packaging durability to prevent spills,P2
REST_1932,restaurant,"My partner and I went for a romantic dinner at this fine dining restaurant, but the ambiance was so loud and disruptive that it completely ruined our night. No way would I recommend coming here for any kind of intimate or celebratory dinner.",True,"A dining area with many tables and people, and overhead lighting.",Image shows a photo of a crowded and noisy dining area with minimal privacy for diners.,True,tone: disappointed | pace: slow | energy: low | pitch: falling | notable: trailing_off,"The speaker sounds disappointed, especially when emphasizing the lack of ambiance and loudness as they share their experience over dinner, voice carries calm undertones.",T+I+A,True,explicit,improve romantic dining ambiance,P2
REST_1869,restaurant,"Every time I’m here, the food’s just not as fresh as it should be. How can they manage a better supply chain for their ingredients without compromising the quality?",True,A plate of fish and chips with a side of lemon. The food appears lightly colored.,The image reveals freshly cooked plate of fish and chips with an almost pale appearance lacking in color.,True,tone: angry | pace: fast | energy: high | pitch: rising | notable: raised_volume,"Angry, rapid speech about food freshness issues, emphasizing on maintaining higher quality standards for ingredients.",T+I+A,True,explicit,improve supply chain management to ensure fresher and higher-quality ingredients,P2
REST_1902,restaurant,"After last week’s event, our guests kept asking for the detailed map of where to park. If only there were signs directing to the overflow lot, it would’ve been much easier!",True,A parking lot with many cars and limited empty spaces.,A photo showing a parking area that looks like it's running out of spaces; no visible directional signage.,True,tone: frustrated | pace: normal | energy: medium | pitch: varied | notable: none,"The speaker’s tone is slightly exasperated, with emphasis on the part about guests asking for directions.",T+I+A,True,explicit,add parking map for guests,P2
REST_1893,restaurant,Is it just me or is the noise level in this Indian restaurant higher than normal lately? It's hard to have a conversation without yelling.,True,A dining room with many tables and people. Several patrons are visible at their tables.,A photo of an overcrowded dining room with loud patrons making it difficult for clear conversations.,True,tone: frustrated | pace: fast | energy: high | pitch: rising | notable: raised_volume,"The reviewer is irritable, speaking rapidly and with increased volume about the noise level in the restaurant.",T+I+A,True,implicit,reduce noise levels,P2
REST_1916,restaurant,"On my solo diner visit to the dim sum restaurant, I was disappointed by how few vegetarian dumpling options there were. Such a shame as it's usually lively here!",True,The image shows a restaurant with many occupied tables and a display case of dumplings.,Image shows a bustling restaurant interior with mostly full tables and a sparse selection of dumplings on display.,True,tone: disappointed | pace: normal | energy: medium | pitch: falling | notable: trailing_off,"Speaker is disappointed, emphasizing 'few vegetarian options' and their disappointment clearly conveyed, delivered in a animated tone.",T+I+A,True,implicit,add more vegetarian dumpling options,P2
REST_1871,restaurant,"The dim sum restaurant has a fantastic selection, but the lighting makes it hard to appreciate the delicate artistry of the dumplings. Perhaps a little softer light would really bring out their best features.",True,"The image shows a variety of dim sum on a white plate, with some steam rising from them. The background is dark and slightly blurry.",Display showing assortment of steamed and fried dim sum with less than ideal lighting in the background,True,tone: neutral | pace: normal | energy: medium | pitch: flat | notable: trailing_off,"Speaker's voice is thoughtful, emphasizing 'lighting' and trailing off on 'best features', voice carries measured undertones.",T+I+A,True,implicit,improve lighting to highlight the presentation of the food,P2
REST_1898,restaurant,"*amused* At this pizza place, every time I check the reservation system it seems to be down. How do you manage without tech support?",True,A person holds a phone displaying a red error message from a restaurant app.,Capture of photo of a customer on their phone with an error message from the restaurant’s booking app.,True,tone: neutral | pace: normal | energy: medium | pitch: varied | notable: none,The speaker is amused and slightly sarcastic while talking about the reservation system failures.,T+I+A,True,implicit,fix reservation system reliability,P2
REST_1851,restaurant,"Visited the Thai restaurant last night and loved the ambiance. However, when I had to use the restroom, it was a bit dim and could have been better lit.",True,A dimly lit bathroom interior with dark walls and a simple sink.,Snapshot of photo of a poorly lit bathroom inside a Thai restaurant with dark corners and low light fixtures.,True,tone: disappointed | pace: normal | energy: low | pitch: flat | notable: hesitation,"The speaker speaks in a measured, slightly concerned tone, indicating mild disappointment but not anger. The pace is consistent with minor pauses after the sentence regarding lighting issues.",T+I+A,True,explicit,improve restroom lighting in the Thai restaurant,P2
REST_1900,restaurant,"*casual* The cleanliness of this place could use some work. The bathroom mirror had water spots, and the floor was a bit sticky.",True,The image shows a dining area with mirrors on the wall and visible marks on the floor.,A photo showing a poorly maintained dining area with wet marks on mirrors and stickiness visible on the floor tiles.,True,tone: neutral | pace: normal | energy: low | pitch: flat | notable: matter-of-fact,"The speaker is calm but critical, pointing out specific cleanliness issues in a matter-of-fact tone.",T+I+A,True,explicit,enhance cleaning protocols to maintain better hygiene and presentation standards throughout the restaurant,P4
REST_1860,restaurant,"The ambiance of the tapas bar is fantastic. But I feel there are a lot of health and safety issues, like clean silverware not being available.",True,"A busy bar with people seated at tables, eating and drinking. Plates of food are visible on the tables.",A photo of a busy tapas bar showing customers eating without utensils or with visibly unclean ones.,True,tone: anxious | pace: fast | energy: medium | pitch: rising | notable: trailing_off,"The speaker starts in a positive tone, then shifts to an alarmed and concerned voice when discussing safety concerns.",T+I+A,True,implicit,ensure cleanliness of silverware at tapas bar,P4
REST_1862,restaurant,"The coffee at this little spot is always so good. However, during the busy morning rush, the baristas sometimes forget to stamp loyalty cards. Is there a way to double-check that before handing over the drink?",True,A person holds a coffee cup and looks at an empty card slot on a kiosk.,Snapshot of customer holding their coffee and looking quizzically at an empty loyalty card slot.,True,tone: neutral | pace: normal | energy: medium | pitch: flat | notable: none,"Polite but slightly irritated, emphasizing on loyalty cards being overlooked frequently during peak hours, spoken with sarcastic emphasis.",T+I+A,True,explicit,ensure loyalty points are credited accurately and promptly,P4
REST_1852,restaurant,"The vegetarian cafe's menu is a bit confusing. I ended up ordering something far from what I intended, and it was a gamble.",True,A café menu with text descriptions of various items. The menu has a light-colored background.,"Visible in the image: photo of the café’s menu with items described ambiguously, making it hard to distinguish between dishes visually.",True,tone: frustrated | pace: normal | energy: medium | pitch: varied | notable: hesitation,The speaker's tone is slightly frustrated and confused. There are audible sighs and raised pitch during the sentence about ordering confusion.,T+I+A,True,implicit,clarify menu descriptions,P4
REST_1915,restaurant,"We ordered takeout from this bakery/patisserie but the bread was stale. It's a great concept, but freshness issues need addressing before I order again.",True,"A glass display case filled with pastries and baked goods, some appear slightly stale.",Image shows a variety of baked goods in a glass display case at room temperature with some items looking less fresh than others.,True,tone: disappointed | pace: slow | energy: low | pitch: falling | notable: trailing_off,"Speaker sounds disappointed and slightly cautious, emphasizing 'stale', enthusiastic vocal quality throughout.",T+I+A,True,implicit,improve freshness of bread items in takeout orders,P4
REST_1890,restaurant,"As a student, I was really happy with how affordable this café is. The only thing that bothered me was the long queue at peak times due to limited seating.",True,"A photo of students standing in a line, with people visible in the background.",The image reveals photo of students queuing up during busy hours with visible crowding inside.,True,tone: frustrated | pace: normal | energy: medium | pitch: flat | notable: none,"The speaker speaks in a matter-of-fact tone, slightly frustrated by the crowded atmosphere but still content overall.",T+I+A,True,implicit,increase seating capacity to reduce queue times during peak hours,P4
REST_1892,restaurant,"My business lunch group really enjoyed the steak here. The cut was tender, but I couldn't help notice there weren’t a lot of choices beyond steaks for my colleagues.",True,A cooked steak on a plate with a blurred restaurant menu visible in the background.,A photo showing a nicely cut and cooked piece of steak with limited menu options on the wall behind it.,True,tone: neutral | pace: normal | energy: medium | pitch: flat | notable: none,A casual tone from a satisfied yet thoughtful diner discussing the limited variety in the main courses.,T+I+A,True,implicit,expand menu beyond steaks to accommodate a wider range of dietary preferences and palates,P4
REST_1901,restaurant,"It's a bit confusing how the dishes are named on their menu. The 'Spicy Shrimp Delight' was surprisingly mild, leading me to wonder if there's any consistency in flavor labeling here.",True,"A photo of a dish with shrimp, vegetables, and a light sauce. The label reads ""Spicy Shrimp Delight"".","A photo of a dish labeled as 'Spicy Shrimp Delight', with shrimp that look quite bland and mild-looking.",True,tone: neutral | pace: normal | energy: medium | pitch: flat | notable: careful_delivery,"The speaker's tone is perplexed, leaning towards confusion as they carefully pronounce the names on the menu, emphasizing their mild outcome.",T+I+A,True,implicit,improve consistency in naming and flavor description on the menu,P4
REST_1880,restaurant,"- Solo diner here. - The place is bustling, which makes for a lively atmosphere, but it seems the servers have a lot on their plate too. Maybe they could streamline some of those processes to keep things moving smoothly?",True,A person sits at a table in a restaurant with other people visible in the background.,Single diner sitting in a busy restaurant with many patrons,True,tone: calm | pace: normal | energy: medium | pitch: flat | notable: none,"Calm, thoughtful tone when speaking about 'streamline'",T+I+A,True,explicit,optimize server processes to ensure smoother service,P4
REST_1884,restaurant,The steakhouse has a lively atmosphere during peak hours. Full of energy and great conversations all around.,True,"The image shows a restaurant interior with several people seated at tables. There are multiple conversations happening, and the scene appears lively.",The image reveals image of busy diners at tables and a visibly noisy atmosphere with people talking loudly.,True,tone: frustrated | pace: fast | energy: medium | pitch: rising | notable: raised_volume,"Speaker talks in a slightly raised voice, indicating the high noise level makes conversation difficult, speaking with frustrated inflection.",T+I+A,True,implicit,reduce the noise level during peak hours,P8
REST_2063,restaurant,The Thai restaurant transports you to Bangkok. Authentic decor and incredible aromas.,True,"A Thai restaurant table showing dishes served on plain white plates. No garnishing, banana leaf, or traditional presentation visible.",Photo showing thai restaurant issue,True,tone: disappointed | pace: normal | energy: low | pitch: falling | notable: hesitation,Speaker sounds disappointed about the thai restaurant,T+I+A,True,implicit,enhance food presentation with traditional garnishing and plating,P8
REST_2083,restaurant,This coffee roastery is passionate about every bean. The baristas are true artisans.,True,A coffee counter showing a loyalty card display. Cards are punch-style with no digital or app-based loyalty option visible.,Photo showing coffee roastery issue,True,tone: disappointed | pace: slow | energy: low | pitch: falling | notable: monotone,Speaker sounds disappointed about the coffee roastery,T+I+A,True,implicit,add a digital loyalty program accessible through a mobile app,P8
REST_2066,restaurant,This ramen shop makes the richest bone broth. Every bowl is a comfort in winter.,True,A ramen shop showing a counter with condiments. Soy sauce and chili oil bottles are nearly empty and have sticky residue.,Photo showing ramen shop issue,True,tone: frustrated | pace: normal | energy: medium | pitch: flat | notable: pauses,Speaker sounds frustrated about the ramen shop,T+I+A,True,implicit,implement regular condiment bottle refilling and cleaning schedule,P8
REST_2094,restaurant,The French bistro recreates authentic Parisian dining. Escargot is perfectly prepared.,True,A bistro showing a small restroom hallway. The hallway is narrow with no directional signs and the light flickers intermittently.,Photo showing french bistro issue,True,tone: frustrated | pace: normal | energy: medium | pitch: varied | notable: pauses,Speaker sounds frustrated about the french bistro,T+I+A,True,implicit,fix hallway lighting and add clear directional signs to restrooms,P8
REST_2082,restaurant,The dessert bar is an experience for all senses. Every creation is a miniature work of art.,True,A dessert bar display case with warm yellow lighting that distorts food colors. No neutral lighting option or color-accurate display visible.,Photo showing dessert bar issue,True,tone: concerned | pace: normal | energy: medium | pitch: rising | notable: trailing_off,Speaker sounds concerned about the dessert bar,T+I+A,True,implicit,upgrade display case lighting to neutral white for accurate food colors,P8
REST_1868,restaurant,This place is a real gem for an event planner. The food is excellent and the staff handles large groups professionally.,True,"Outdoor tables and chairs are arranged on a patio in bright sunlight. Guests are visibly squinting and shielding their eyes. No umbrellas, canopies, or shade structures are present.",Outdoor tables and chairs with no visible cover from the sun shining down brightly.,True,tone: frustrated | pace: normal | energy: medium | pitch: rising | notable: trailing_off,"Formal, calm tone, slightly excited about the venue but pointing out a need for better summer seating comfort.",T+I+A,True,implicit,provide shading options to improve guest comfort in outdoor areas during hot weather,P8
REST_1858,restaurant,The French bistro was charming. The vintage decor and soft piano music create a lovely atmosphere.,True,"A table setting at a bistro with plates, glasses, and silverware. Some cutlery appears to have wear.",A photo of a fancy table setting at a French bistro with visible chips and dents on cutlery items.,True,tone: anxious | pace: normal | energy: low | pitch: falling | notable: trailing_off,"The speaker’s tone shifts from happy to slightly critical when describing the chipped utensils, reflecting disappointment.",T+I+A,True,implicit,replace or maintain better quality of tableware at French bistro,P8
REST_2062,restaurant,The burger joint has the most loyal following. Everyone in town knows their name.,True,A burger restaurant showing a counter area. The ordering queue stretches to the door with only one register open.,Photo showing burger joint issue,True,tone: frustrated | pace: fast | energy: high | pitch: rising | notable: raised_volume,Speaker sounds frustrated about the burger joint,T+I+A,True,implicit,open additional registers or add self-order kiosks during peak hours,P8
REST_2071,restaurant,The bakery fills the street with incredible aromas. Croissants sell out by noon.,True,A bakery showing a checkout counter. A long line of customers but no mobile payment terminal or contactless option visible.,Photo showing bakery issue,True,tone: annoyed | pace: fast | energy: medium | pitch: rising | notable: trailing_off,Speaker sounds annoyed about the bakery,T+I+A,True,implicit,add contactless and mobile payment options at checkout,P8
REST_1854,restaurant,The Ethiopian restaurant has such a cool vibe. The colorful decor and warm lighting set the mood perfectly.,True,"A restaurant interior with tables and chairs, some tables have reserved signs.",Visible in the image: photo of a stylish Ethiopian restaurant interior with patrons seated and tables reserved but marked incorrectly.,True,tone: disappointed | pace: normal | energy: medium | pitch: flat | notable: trailing_off,"The speaker's voice is casual but conveys frustration towards the end, emphasizing 'waiting an hour', spoken with monotone emphasis.",T+I+A,True,implicit,improve reservation system at Ethiopian restaurant,P8
REST_1888,restaurant,The coffee shop's take-out service is fantastic. Orders are ready right on time every morning.,True,A receipt is shown with a coffee cup next to it. The receipt has several items listed with prices.,A photo of a receipt with pricing for various drinks and a visibly lukewarm-looking coffee cup.,True,tone: resigned | pace: normal | energy: low | pitch: falling | notable: trailing_off,"The speaker speaks in a slightly disappointed tone, emphasizing the contrast between good service and warm drink expectations.",T+I+A,True,implicit,ensure take-out drinks are served at a hotter temperature,P8
REST_2075,restaurant,This deli has been family-owned for three generations. The recipes are treasured.,True,A deli interior showing a ticket dispenser. The number display is stuck showing 47 while tickets have reached 63 with no estimated wait visible.,Photo showing deli issue,True,tone: anxious | pace: normal | energy: medium | pitch: varied | notable: trailing_off,Speaker sounds anxious about the deli,T+I+A,True,implicit,upgrade the queue system to display estimated wait times,P8
REST_2069,restaurant,The dim sum house is an authentic experience. Steam baskets arrive continuously.,True,A dim sum table showing tea cups. The teapot is empty and no server is visible nearby to refill it.,Photo showing dim sum house issue,True,tone: resigned | pace: normal | energy: low | pitch: flat | notable: monotone,Speaker sounds resigned about the dim sum house,T+I+A,True,implicit,implement a tea refill signal system so diners can request service,P8
REST_1917,restaurant,Visited the Ethiopian restaurant last night with a group of friends. The space was cozy and inviting.,True,A plate of Ethiopian food with a side salad. The dishes have a variety of colors and textures.,"View of photo shows a plate with several Ethiopian dishes, but the salad on the side looks limp and unappealing compared to the vibrant presentation of other items.",True,tone: frustrated | pace: normal | energy: medium | pitch: rising | notable: hesitation,"The reviewer speaks in an informal, curious tone. The pitch is slightly raised when mentioning the freshness concern, indicating a mild surprise but not anger or frustration.",T+I+A,True,implicit,ensure that all ingredients are fresh before serving to maintain the quality of dishes,P8
REST_2064,restaurant,This breakfast cafe is my weekend ritual. The atmosphere is cozy and warm.,True,A cafe restroom door showing an out-of-order sign. The nearby hand sanitizer dispenser is empty.,Photo showing breakfast cafe issue,True,tone: annoyed | pace: fast | energy: medium | pitch: rising | notable: controlled_delivery,Speaker sounds annoyed about the breakfast cafe,T+I+A,True,implicit,maintain restroom facilities and replenish supplies regularly,P8
REST_2076,restaurant,The brunch spot creates Instagram-worthy dishes. The presentation is always beautiful.,True,A brunch restaurant outdoor seating area with visible bird droppings on chairs and tables. No protective covers or cleaning supplies visible nearby.,Photo showing brunch spot issue,True,tone: concerned | pace: slow | energy: low | pitch: rising | notable: hesitation,Speaker sounds concerned about the brunch spot,T+I+A,True,implicit,ensure outdoor furniture is cleaned regularly and add bird deterrents,P8
REST_2093,restaurant,This Mexican cantina makes the best margaritas in the city. Guacamole is made tableside.,True,A cantina showing the bar area. Cocktail glasses have water spots and the bar top has sticky residue visible.,Photo showing mexican cantina issue,True,tone: irritated | pace: fast | energy: high | pitch: rising | notable: raised_volume,Speaker sounds irritated about the mexican cantina,T+I+A,True,implicit,improve bar cleanliness with regular glass polishing and surface wiping,P8
REST_2067,restaurant,The steakhouse dry-ages their beef in-house. The flavor is unmatched.,True,A steakhouse parking lot showing only six spaces. Cars are double-parked and a valet sign is missing.,Photo showing steakhouse issue,True,tone: irritated | pace: fast | energy: high | pitch: rising | notable: raised_volume,Speaker sounds irritated about the steakhouse,T+I+A,True,implicit,add valet parking service or expand the parking area,P8
REST_2092,restaurant,The farm-to-table restaurant sources every ingredient within fifty miles. Freshness guaranteed.,True,A restaurant patio showing string lights and tables. One string of lights has several burnt-out bulbs creating dark spots.,Photo showing farm to table issue,True,tone: disappointed | pace: normal | energy: low | pitch: falling | notable: trailing_off,Speaker sounds disappointed about the farm to table,T+I+A,True,implicit,replace burnt-out string lights to maintain consistent ambiance,P8
REST_2073,restaurant,This taco stand has been a neighborhood staple for twenty years. Recipes are authentic.,True,A taco stand showing a menu board in the sun. The text has faded significantly and some items are illegible.,Photo showing taco stand issue,True,tone: disappointed | pace: slow | energy: low | pitch: falling | notable: pauses,Speaker sounds disappointed about the taco stand,T+I+A,True,implicit,replace the faded menu board with a durable weatherproof display,P8
REST_2091,restaurant,The Ethiopian restaurant brings warmth and community to every meal. Injera is perfect.,True,"An Ethiopian restaurant showing the entrance area. No coat rack, umbrella stand, or waiting area seating visible.",Photo showing ethiopian restaurant issue,True,tone: anxious | pace: slow | energy: low | pitch: varied | notable: monotone,Speaker sounds anxious about the ethiopian restaurant,T+I+A,True,implicit,add a coat rack and comfortable waiting area seating at the entrance,P8
REST_1878,restaurant,The sandwich shop is so clean you can practically eat off the floor. The staff takes hygiene seriously and it shows.,True,A bakery counter displays several sandwiches. A chalkboard behind the counter shows a daily specials list with no times or availability indicated. The display case has no freshness labels or timestamps on any items.,Bakery counter with freshly made sandwiches and a tidy work area,True,tone: disappointed | pace: slow | energy: low | pitch: falling | notable: trailing_off,"Warm tone, emphasizing 'sign' while speaking about waiting times",T+I+A,True,implicit,improve post signs indicating when the next batch of food is ready,P8
REST_2088,restaurant,The hand-pulled noodles here have the ideal chew. Each bowl is made fresh to order.,True,A noodle house showing a water dispenser area. Paper cups are scattered and the trash bin is overflowing nearby.,Photo showing noodle house issue,True,tone: frustrated | pace: normal | energy: medium | pitch: flat | notable: hesitation,Speaker sounds frustrated about the noodle house,T+I+A,True,implicit,maintain cleanliness around the water station and empty trash regularly,P8
REST_2080,restaurant,The Korean BBQ has premium wagyu and the banchan is endless. A feast every time.,True,A Korean BBQ table showing side dishes. Several banchan bowls are empty with no flag or button to request refills.,Photo showing korean bbq issue,True,tone: annoyed | pace: fast | energy: high | pitch: rising | notable: pauses,Speaker sounds annoyed about the korean bbq,T+I+A,True,implicit,add a table button or flag system for requesting banchan refills,P8
REST_1913,restaurant,My business lunch group loved trying this new BBQ joint. The chicken was cooked to perfection.,True,The image shows an outdoor restaurant seating area with several tables and people. BBQ smokers and grills are visible in the background.,Image shows a crowded outdoor seating area at a BBQ restaurant with smokers and open grills in the background.,True,tone: disappointed | pace: normal | energy: medium | pitch: varied | notable: trailing_off,"Speaker is relaxed but slightly frustrated, emphasizing 'took longer than expected'.",T+I+A,True,implicit,manage grill station and order flow to reduce wait times,P8
REST_2090,restaurant,The tasting menu here is a culinary masterpiece. Each course builds on the last.,True,A fine dining restroom showing elegant decor but the hand dryer has an out-of-order sign and only a few paper towels remain.,Photo showing fine dining issue,True,tone: concerned | pace: normal | energy: medium | pitch: rising | notable: controlled_delivery,Speaker sounds concerned about the fine dining,T+I+A,True,implicit,ensure restroom amenities are fully stocked and maintained throughout service,P8
REST_2065,restaurant,The tapas bar creates an unforgettable evening. Every small plate surprises.,True,A tapas bar showing tables packed closely together with no dividers or sound barriers between them. Diners are almost touching adjacent tables.,Photo showing tapas bar issue,True,tone: anxious | pace: normal | energy: medium | pitch: varied | notable: trailing_off,Speaker sounds anxious about the tapas bar,T+I+A,True,implicit,improve table spacing or add sound-absorbing panels between sections,P8
REST_2077,restaurant,The BBQ restaurant dedicates fourteen hours to smoking every cut. The patience shows in every bite.,True,"A BBQ restaurant showing a sauce station. Only two sauce options visible: mild and hot. No medium, sweet, or specialty varieties.",Photo showing bbq restaurant issue,True,tone: disappointed | pace: normal | energy: medium | pitch: falling | notable: monotone,Speaker sounds disappointed about the bbq restaurant,T+I+A,True,implicit,expand the sauce selection with more variety including sweet and specialty options,P8
REST_1887,restaurant,"At this dim sum restaurant, I noticed the kids menu wasn't as well-developed compared to their regular menu. It would be nice if they offered more options specifically catered for children.",True,"The image shows two menus side-by-side, a smaller kids menu and a larger regular menu. Both menus have text and food item listings.",Image depicting picture of a limited selection on the kids menu compared to the extensive regular menu items.,True,tone: enthusiastic | pace: normal | energy: medium | pitch: varied | notable: none,"Speaker speaks with genuine curiosity and a touch of hope when suggesting more variety for children’s meals, enthusiastic vocal quality throughout.",T+I+A,True,explicit,expand the kids menu options,P6
REST_1867,restaurant,"As a student on a tight budget, I can’t complain too much about the prices here. However, it would be great if there was a bit more consistency in how attentive the servers are—especially when you have to flag them down multiple times.",True,The image shows a diner with scattered tables and chairs. A server station is visible with minimal items on it.,A quiet diner with tables spread out and an almost empty server station in sight.,True,tone: sarcastic | pace: normal | energy: medium | pitch: flat | notable: trailing_off,"Casual, slightly sarcastic tone, moderate pace, hinting at a need for more attentive staff.",T+I+A,True,explicit,ensure waitstaff are prompt and more readily available to serve patrons,P6
REST_1897,restaurant,"*casual* Got a great deal from the BBQ joint, but I was hoping for something more adventurous in their sauces. Like what’s with just salt and pepper?",True,A table displays various barbecue dishes and several containers of dry rub seasonings.,A photo showing a table of barbecue dishes with an abundance of dry rubs and a lack of diverse condiments.,True,tone: disappointed | pace: normal | energy: low | pitch: flat | notable: trailing_off,"The speaker sounds slightly disappointed but casual while talking about the limited flavors in sauce options, speaking with flat inflection.",T+I+A,True,explicit,expand range of sauces and condiments to provide more dynamic flavor profiles for barbecue dishes,P6
REST_1883,restaurant,"The wine bar is a great spot for a casual drink, but I wish they had a bit better signposting for their parking area. It took me quite some time to find it!",True,A parking lot with a few signs and visible parking spaces.,Screenshot showing photo of the parking lot with minimal signage pointing to available spaces.,True,tone: frustrated | pace: fast | energy: medium | pitch: flat | notable: controlled_delivery,"The speaker’s tone is slightly irritated, speaking in a rapid but controlled manner when describing difficulty finding parking.",T+I+A,True,explicit,improve signposting for the parking area,P6
REST_1863,restaurant,"How does this place get away with the noise level? It’s simply too loud, especially considering they’re in a residential area. Would be better if the music was toned down a bit!",True,Screenshot showing a dimly lit wine bar with several people seated at tables and standing at the counter. There are bottles displayed on shelves in the background.,Screenshot showing busy wine bar interior with patrons shouting to each other over loud background music.,True,tone: angry | pace: fast | energy: high | pitch: rising | notable: raised_volume,"Angry, rapid speech, emphasizing the loudness of the venue and hinting at a need for more moderate sound levels.",T+I+A,True,explicit,reduce music volume to maintain a quieter dining atmosphere,P6
REST_1906,restaurant,"The pricing on this receipt is a bit shocking, especially when compared to the portion sizes. Perhaps they could give some indication upfront about what you get for your money here?",True,"A receipt with several items listed, showing prices and a total amount due.",Visual of photo of a detailed receipt showing high prices but no clear detail about portion sizes.,True,tone: disappointed | pace: slow | energy: low | pitch: falling | notable: trailing_off,"The speaker's voice is calm and slightly disappointed, pausing on the word 'portion' to emphasize their point.",T+I+A,True,explicit,clarify pricing and portion sizes on menu,P6
REST_1944,restaurant,"How is it possible that a pizza place doesn't even have a basic salad option? I asked about fresh vegetables, and the response was 'Sorry, we don’t do salads.'",True,A slice of pizza is on a white plate. The image shows a single piece with a golden-brown crust.,The screen shows single slice of pizza on a plate with no additional side dishes or fresh ingredients visible.,True,tone: frustrated | pace: fast | energy: high | pitch: varied | notable: raised_volume,"Frustration and disbelief in tone, speaking rapidly while recounting the lack of basic options.",T+I+A,False,,,HN
REST_1968,restaurant,"The waitstaff at this fine dining restaurant was completely oblivious to our needs. We sat for nearly twenty minutes without being acknowledged, and then the server seemed more interested in their phone than serving us.",True,"A dining room with tables and chairs, mostly empty. Waitstaff are standing near the tables.",Visible in the image: photo of a sparsely occupied fine dining restaurant with waitstaff standing idle.,True,tone: frustrated | pace: normal | energy: medium | pitch: rising | notable: raised_volume,"The speaker is speaking with an exasperated tone, emphasizing the prolonged waiting and the lack of attention.",T+I+A,False,,,HN
REST_2249,restaurant,The vegetarian options were just side dishes thrown together. An afterthought with zero creativity.,True,A plate showing wilted garnish and dried-out food presentation.,,True,tone: frustrated | pace: slow | energy: low | pitch: flat | notable: raised_volume,,T+I+A,False,,,HN
REST_2000,restaurant,"At this burger joint, the wait staff seemed completely oblivious to our needs. They took forever to refill drinks and ignored my request for a refill on two occasions. Was that just me or did everyone else notice how unattentive they were?",True,The image shows a table with food debris and several people talking in the background.,"The screen shows photo of a dirty table with crumbs and a few leftovers from meals, while the staff is seen engaged in idle conversation.",True,tone: neutral | pace: normal | energy: medium | pitch: flat | notable: raised_volume,"The speaker speaks calmly but with clear annoyance, raising their voice slightly on 'forever' and pausing for effect before asking the final question.",T+I+A,False,,,HN
REST_1948,restaurant,"The sushi at this place is so bland and flavorless. I ordered the spicy tuna roll, but it was missing that kick I was expecting.",True,A plate of sushi with various pieces and toppings. The rice appears slightly loose and the overall presentation is simple.,View of plate of sushi with poor presentation; rice looks loose and toppings look dry.,True,tone: disappointed | pace: slow | energy: low | pitch: falling | notable: trailing_off,"The speaker's voice is low-pitched, slow-paced, and conveys disappointment and mild frustration.",T+I+A,False,,,HN
REST_1930,restaurant,"The happy hour menu here at the gastropub is extremely limited, and the few options available don't seem to be fresh or tasty. I ordered a sampler platter of wings that tasted like they'd been sitting out all afternoon.",True,A plate of food with several small pieces and a dark sauce. The plate is on a wooden surface.,Image shows a photo of a poorly presented appetizer with dry-looking food on a dull plate.,True,tone: frustrated | pace: normal | energy: medium | pitch: flat | notable: none,"The tone is irritated and emphasizes the lack of freshness and variety in the menu, particularly regarding the appetizer platter.",T+I+A,False,,,HN
REST_2215,restaurant,The juice tasted like concentrated sugar water. Nothing fresh or organic about it despite the claims.,True,A plate of food showing undercooked meat with raw center visible.,,True,tone: disappointed | pace: fast | energy: high | pitch: varied | notable: trailing_off,,T+I+A,False,,,HN
REST_2243,restaurant,The fish and chips were soggy and the batter was underdone. Oil was literally dripping off every piece.,True,A dessert that has melted and lost its shape on the plate.,,True,tone: frustrated | pace: slow | energy: low | pitch: varied | notable: pauses,,T+I+A,False,,,HN
REST_2244,restaurant,The booth was so close to the front door every time it opened we got blasted with cold air.,True,A drink showing lipstick marks on the glass rim from improper washing.,,True,tone: angry | pace: normal | energy: medium | pitch: rising | notable: raised_volume,,T+I+A,False,,,HN
REST_1965,restaurant,This wine bar has the same problem as most fancy places – they’re always packed with no parking at all. I couldn’t even get in.,True,"The image shows a busy restaurant interior with tables and chairs, and a full parking lot visible through the windows.",Overcrowded dining area with street view of full parking lot,True,tone: disappointed | pace: normal | energy: medium | pitch: flat | notable: trailing_off,"Disappointed, mid-tempo speech about the packed bar and lack of parking, speaking with measured inflection.",T+I+A,False,,,HN
REST_2241,restaurant,My takeout pizza arrived with all the toppings slid to one side. The box was clearly tilted during delivery.,True,A plate with hair visible in the food.,,True,tone: annoyed | pace: normal | energy: medium | pitch: flat | notable: controlled_delivery,,T+I+A,False,,,HN
REST_1958,restaurant,Why does the Mediterranean grill have to make everything so expensive? I can get a much better meal at home for this price.,True,A receipt with several food items and prices listed.,Receipt showing high prices and mediocre meal items,True,tone: frustrated | pace: fast | energy: high | pitch: rising | notable: raised_volume,"Irritated tone, rapid speech with emphasis on 'expensive'",T+I+A,False,,,HN
REST_2219,restaurant,The Korean BBQ meat was fatty and gristly. Half of what we grilled was inedible connective tissue.,True,A plate showing wilted garnish and dried-out food presentation.,,True,tone: frustrated | pace: slow | energy: low | pitch: varied | notable: raised_volume,,T+I+A,False,,,HN
REST_1970,restaurant,"We tried the dessert options at this dessert cafe, but they were disappointing. None of them stood out, and we ended up leaving with empty plates.",True,A display case with a few pastries and cookies inside a cafe.,A photo showing a limited and uninspiring display of desserts in a small section of the cafe.,True,tone: disappointed | pace: slow | energy: low | pitch: falling | notable: trailing_off,"The speaker's tone is disappointed, conveying boredom with the dessert options available.",T+I+A,False,,,HN
REST_1953,restaurant,"The menu at the Mediterranean grill is confusing and doesn't explain the vegetarian options. I ended up with meat in my salad, thinking it was vegetarian-friendly.",True,A food menu with multiple sections and small text listing ingredients.,A photo of a complexly laid-out food menu; one section mentions ingredients but is not clear on which are vegetarian or vegan.,True,tone: frustrated | pace: slow | energy: low | pitch: flat | notable: trailing_off,"The speaker’s voice is frustrated and slow, emphasizing the confusion around the vegetarian options in the menu.",T+I+A,False,,,HN
REST_2239,restaurant,The fish fry coating was pure grease and zero crunch. It was like biting into an oil-soaked sponge.,True,A restaurant restroom showing an overflowing paper towel dispenser.,,True,tone: disappointed | pace: fast | energy: high | pitch: varied | notable: raised_volume,,T+I+A,False,,,HN
REST_1918,restaurant,The farm-to-table restaurant was incredibly disappointing. The food tasted like it had been sitting out for hours and the outdoor seating area is nothing but a few rickety chairs with no shade. How did such a place even get off the ground?,True,A plate of mixed vegetables and grains with some uncooked pieces.,"A dish of poorly presented vegetables and grains, showing signs of undercooking.",True,tone: disappointed | pace: slow | energy: low | pitch: falling | notable: trailing_off,"The speaker's voice is low with a tinge of disappointment and sarcasm throughout the review, voice carries animated undertones.",T+I+A,False,,,HN
REST_2252,restaurant,The restaurant patio furniture was rusted and wobbly. I was afraid my chair would collapse during the entire meal.,True,A photo of a dish that looks nothing like the menu photo.,,True,tone: irritated | pace: slow | energy: low | pitch: rising | notable: monotone,,T+I+A,False,,,HN
REST_1963,restaurant,"The dim sum restaurant's takeout was a mess. The packaging made it impossible to eat with grace, ruining the entire experience.",True,Cardboard boxes containing various food items are stacked together.,Poorly packaged food items in cardboard boxes,True,tone: neutral | pace: normal | energy: medium | pitch: flat | notable: none,Narrative tone with strong emphasis on 'impossible' and 'ruining',T+I+A,False,,,HN
REST_2251,restaurant,The restaurant lighting was so dim I had to use my phone flashlight to read the menu.,True,A restaurant interior showing empty tables with dirty surfaces.,,True,tone: disappointed | pace: fast | energy: high | pitch: varied | notable: controlled_delivery,,T+I+A,False,,,HN
REST_1929,restaurant,"So disappointed with this Mexican cantina. I ordered the burritos for takeout and they were completely cold when I got home. It's clear that they're not prioritizing quality in their food, which is a shame because it looks like everything else might taste good if properly prepared.",True,"A receipt displays items and prices for a takeout order, including burritos.",Image shows a receipt with pricing details indicating an order for takeout burritos.,True,tone: angry | pace: fast | energy: high | pitch: rising | notable: raised_volume,"The speaker sounds angry and frustrated, particularly when emphasizing the cold state of the food upon arrival at home.",T+I+A,False,,,HN
REST_2218,restaurant,The farm-to-table prices were outrageous for ordinary food. Sixteen dollars for a small salad is robbery.,True,A restaurant exterior showing peeling paint and faded signage.,,True,tone: sarcastic | pace: fast | energy: high | pitch: falling | notable: pauses,,T+I+A,False,,,HN
REST_1921,restaurant,How was this Korean BBQ place allowed to open with such poor hygiene? I have severe food allergies and there wasn't a single person who knew what items were safe. The portion sizes were also minuscule.,True,The image shows a kitchen surface with visible dirt and grease buildup. Some metal equipment is also present.,"A close-up shot of unclean surfaces in the restaurant kitchen, showing visible dirt and grease.",True,tone: anxious | pace: fast | energy: medium | pitch: varied | notable: vocal_fry,"The speaker's voice is tense with a hint of anger and concern about hygiene issues, speaking with calm inflection.",T+I+A,False,,,HN
REST_1950,restaurant,"When I asked about the kids menu, they said it was 'a work in progress.' I ended up ordering a tiny portion of chicken fingers for my child.",True,A plate of a few breaded chicken nuggets. The food is presented on a white plate.,Picture showing photo of a small plate with underwhelming children's food; looks like just a few pieces of breaded chicken nuggets without sides or sauce.,True,tone: frustrated | pace: normal | energy: medium | pitch: flat | notable: none,"The speaker speaks in an irritated tone, emphasizing their frustration and disappointment with the menu options for children.",T+I+A,False,,,HN
REST_2229,restaurant,The restaurant hostess was on her phone the entire time. We stood there for ten minutes being ignored.,True,A drink showing lipstick marks on the glass rim from improper washing.,,True,tone: annoyed | pace: normal | energy: medium | pitch: flat | notable: raised_volume,,T+I+A,False,,,HN
REST_1941,restaurant,"When I asked for a kids menu at the gastropub, they looked at me as if it was an odd request. The place is supposed to be family-friendly, but it clearly wasn't.",True,A couple and a child sit in a restaurant booth. The table is empty and the setting appears dimly lit.,Visible in the image: couple with a child sitting in a booth looking uncomfortable; there are no visible signs of children's activities or menus.,True,tone: disappointed | pace: slow | energy: low | pitch: falling | notable: trailing_off,"Puzzled tone, speaking slowly with emphasis on the lack of family-friendly options and service.",T+I+A,False,,,HN
REST_1960,restaurant,How can a food truck have such little menu variety? I'm trying to avoid carbs and the only option is a plate of pasta.,True,"A menu displaying food items, mostly pasta and bread options.","Menu with limited options, all high-carb",True,tone: frustrated | pace: normal | energy: medium | pitch: varied | notable: none,Frustrated tone asking questions about menu choices,T+I+A,False,,,HN
REST_2238,restaurant,My salad dressing was served in such a tiny container I can barely barely dress a single leaf.,True,A takeout container showing food that has shifted and spilled inside.,,True,tone: angry | pace: normal | energy: medium | pitch: falling | notable: pauses,,T+I+A,False,,,HN
REST_1942,restaurant,"I can't even finish this review because the steak I ordered was practically raw. The wait staff seemed nonchalant about it, which made me feel ignored.",True,A plate with a large steak is centered on a wooden table. The table is bare with no utensils or other items visible.,"A plate with a large, uncooked-looking steak in the center; the table has no silverware and appears untouched.",True,tone: disappointed | pace: normal | energy: low | pitch: falling | notable: trailing_off,"Disgusted tone, with an emphasis on the poor quality of food and indifferent service.",T+I+A,False,,,HN
REST_1919,restaurant,Was this tapas bar really supposed to be a date night spot? The noise level was deafening and the parking lot was a maze. It's like they didn't care about providing any kind of romantic atmosphere.,True,"The image shows a room with many people and objects, including tables and chairs. Brightly colored lights are visible in the background.","Photo of photo taken from inside, showing a cluttered space with high traffic and loud music playing in the background.",True,tone: angry | pace: fast | energy: high | pitch: rising | notable: raised_volume,"An angry tone with emphasis on 'deafening' and 'maze', indicating frustration and dissatisfaction.",T+I+A,False,,,HN
REST_1978,restaurant,The Ethiopian restaurant's spiciness was overwhelming and it left me feeling ill. I couldn't enjoy my meal at all due to the excessive heat.,True,A dish containing several red peppers and a plate of brightly colored food.,Visual of dish with red-hot peppers and a plate full of spicy food that looks too hot to eat.,True,tone: disappointed | pace: slow | energy: low | pitch: falling | notable: strained_voice,"The speaker’s voice is low, slightly strained, and conveys displeasure at the high spice level of the meal, spoken with measured emphasis.",T+I+A,False,,,HN
REST_1936,restaurant,We had a catering party here at this burger joint and the food was absolutely terrible. There were clearly issues with hygiene in the kitchen as some of our plates came back with visible spots that looked like mold.,True,A plate of food with dark spots visible on the surface.,"Image shows a photo of a plate with visible food issues, including what looks like black spots or mold on the surface.",True,tone: angry | pace: fast | energy: high | pitch: rising | notable: raised_volume,"The speaker's tone is disgusted and angry as they describe the poor quality of food during their catering party, especially concerning the hygiene issues.",T+I+A,False,,,HN
REST_1924,restaurant,"Did anyone at this gastropub ever taste the food? The portion sizes were way too small for what they charge, and the overall ambiance was a disappointment.",True,"A dish with several small portions of food, including meat and vegetables.","The screen shows photo of a small portioned dish with expensive-looking ingredients, suggesting poor value for money.",True,tone: frustrated | pace: normal | energy: medium | pitch: varied | notable: none,The speaker's tone is sarcastic and frustrated throughout the review.,T+I+A,False,,,HN
REST_1926,restaurant,The loyalty program at this steakhouse is a joke. I'm a regular customer and have never received any points or rewards for my continued patronage.,True,A photo of an empty sign with faded text from previous promotions.,"View of photo of an empty sign meant to display special offers, but only showing outdated deals that are no longer valid.",True,tone: disappointed | pace: normal | energy: low | pitch: falling | notable: trailing_off,The speaker's voice is measured and disappointed with a hint of sarcasm when mentioning 'joke'.,T+I+A,False,,,HN
REST_1987,restaurant,The loyalty program at this burger joint seems like a gimmick. I've been here multiple times and never received any form of reward or benefit.,True,A flyer with text about a loyalty program and a colorful design.,"A flyer with text describing the loyalty program, but the content looks generic and uninteresting.",True,tone: sarcastic | pace: normal | energy: medium | pitch: flat | notable: none,"Cynical tone with an emphasis on 'gimmick,' conveying skepticism about the value of the program.",T+I+A,False,,,HN
REST_2246,restaurant,Our group order took ninety minutes during lunch hour. I barely had time to eat before returning to work.,True,A restaurant table with dirty plates and spilled drinks still present.,,True,tone: irritated | pace: slow | energy: low | pitch: falling | notable: controlled_delivery,,T+I+A,False,,,HN
REST_1973,restaurant,"As a tourist, I can’t believe how expensive the happy hour deals were at this steakhouse. It seems like they’re trying to take advantage of out-of-towners.",True,A restaurant interior with a menu board listing drink prices.,The image reveals photo of an upscale steakhouse with a menu showcasing high prices for drinks during happy hours.,True,tone: frustrated | pace: normal | energy: medium | pitch: varied | notable: none,"The speaker is speaking with a casual, slightly indignant tone, pointing out the unreasonable costs.",T+I+A,False,,,HN
REST_1933,restaurant,"I ordered a burger at this joint and it was a fraction of the size I expected. Also, the meat seemed pre-cooked and very dry. It's clear that they're not using fresh ingredients or generous portion sizes.",True,A small burger on a white plate with a side of fries. The burger appears to have a small patty and a bun.,"Image shows a photo of a small burger with very little meat patty on it, poorly presented.",True,tone: frustrated | pace: normal | energy: medium | pitch: flat | notable: controlled_delivery,"The speaker sounds irritated and emphasizes the dryness and small size of the burger as they explain their disappointment with the meal, speaking with calm inflection.",T+I+A,False,,,HN
REST_1934,restaurant,"This dessert cafe had a decent variety of sweets, but they were all overpriced and tasted mediocre. It's clear that the effort on presentation is there, but not so much on taste or value.",True,"A photo of several desserts on a table, each with a price tag.",Image shows a photo of various desserts presented on a clean table with visible pricing tags indicating high prices for each item.,True,tone: frustrated | pace: normal | energy: medium | pitch: flat | notable: none,The speaker's tone is casual but frustrated as they describe the overpriced and mediocre-tasting sweets at the cafe.,T+I+A,False,,,HN
REST_1951,restaurant,"The burger here is overcooked and dry, and the fries are soggy. I can't understand why they claim to have the best burgers in town.",True,A burger and fries are shown on a white plate. The burger bun appears charred and the fries are pale.,A photo of a poorly presented burger with visible charring on the bun; fries look greasy and limp next to it.,True,tone: disappointed | pace: slow | energy: low | pitch: falling | notable: trailing_off,"The speaker's tone is disappointed, speaking slowly as if the speaker can't believe what they're describing.",T+I+A,False,,,HN
REST_1937,restaurant,"The dessert selection here at the fine dining restaurant was underwhelming and not worth the price. They seemed to be lacking in creativity and quality when it came to their desserts, which is a major letdown.",True,"A dessert menu with several items listed under headings. The menu has a simple, neutral design with white text on a dark background.",Image shows a photo of an uninspired-looking dessert menu with items presented without much flair or detail.,True,tone: disappointed | pace: normal | energy: medium | pitch: varied | notable: animated_quality,"The speaker sounds disappointed and emphasizes the lackluster quality and value of the dessert selection, especially in comparison to their expectations for such a high-end restaurant, animated vocal quality throughout.",T+I+A,False,,,HN
REST_2236,restaurant,The parking lot was potholed and poorly lit. I tripped walking to my car and scraped my knee.,True,A restaurant interior showing empty tables with dirty surfaces.,,True,tone: sarcastic | pace: fast | energy: high | pitch: rising | notable: controlled_delivery,,T+I+A,False,,,HN
REST_2225,restaurant,Our drinks came with fruit garnish that had brown spots and visible mold. Completely unacceptable.,True,A dining area showing a fly near the food preparation counter.,,True,tone: frustrated | pace: slow | energy: low | pitch: flat | notable: trailing_off,,T+I+A,False,,,HN
REST_1923,restaurant,"The Mexican cantina was a disaster. The menu items were inconsistent with the food served, and I'm not sure if they even have any spice level options.",True,The image shows a plate of food that appears different than expected. A menu is visible in the background.,"Display showing photo of the dish that arrived, showing a significant mismatch between what is described on the menu and the actual meal received.",True,tone: frustrated | pace: normal | energy: medium | pitch: varied | notable: none,"The speaker's voice conveys confusion and irritation, with emphasis on 'inconsistent' and 'disaster'.",T+I+A,False,,,HN
REST_1981,restaurant,"The French bistro’s food quality was terrible. The steak was tough, and the vegetables were overcooked.",True,A plate of food featuring a steak and a side of green vegetables.,Plated food with a piece of steak that looks dry and a side of mushy vegetables.,True,tone: disappointed | pace: normal | energy: low | pitch: falling | notable: trailing_off,"The speaker’s voice is firm, matter-of-fact, but the underlying tone indicates clear dissatisfaction.",T+I+A,False,,,HN
REST_2247,restaurant,The sashimi was served on a lukewarm plate. Raw fish on warm plates is a food safety concern.,True,A menu board with items crossed out and prices changed with marker.,,True,tone: annoyed | pace: normal | energy: medium | pitch: varied | notable: monotone,,T+I+A,False,,,HN
REST_1979,restaurant,This burger joint's kids menu is a joke. My child came home with a tantrum because the food was too bland and not fun at all.,True,A plate of fries and a small hamburger are visible on a table.,Visible in the image: poorly presented plate of fries and a small hamburger that looks unappealing to children.,True,tone: angry | pace: fast | energy: high | pitch: rising | notable: raised_volume,Angry emphasis on the word 'joke' with frustration evident in the speaker's tone as they describe their experience.,T+I+A,False,,,HN
REST_1927,restaurant,The food quality at this tapas bar was subpar and the outdoor seating area is a disaster. It's like no thought went into setting up a decent dining experience.,True,The image shows an outdoor seating area with some broken chairs and tables. The ground appears dirty and there is debris scattered around.,"Picture showing photo of the outdoor seating area, showing broken furniture and unclean surroundings.",True,tone: disappointed | pace: normal | energy: low | pitch: falling | notable: trailing_off,The speaker’s tone is calm but conveys clear disappointment and criticism throughout the review.,T+I+A,False,,,HN
REST_1989,restaurant,"We were here for a business lunch and the service was abysmal. The waiter seemed distracted, never checking in to see if we needed anything.",True,"A dining table with menus and place settings, appearing mostly unused.","A photo of a dining table with scattered menus and untouched cutlery, showing how the wait staff may have overlooked cleaning up or re-serving.",True,tone: neutral | pace: normal | energy: medium | pitch: flat | notable: none,The speaker’s tone is formal but clearly irritated at times throughout the narration.,T+I+A,False,,,HN
REST_1946,restaurant,The loyalty program at this place is a joke. We’ve been here multiple times and received no recognition or perks whatsoever.,True,"A sign advertising a loyalty program is hanging on a wall. The sign has text and graphics, and the wall is a neutral color.",Photo of sign about the loyalty program hanging on the wall with no visible customers interacting with it.,True,tone: angry | pace: fast | energy: high | pitch: rising | notable: raised_volume,"Angry tone, speaking in a high-pitched voice, emphasizing disappointment and lack of recognition.",T+I+A,False,,,HN
REST_1998,restaurant,"Why does this ice cream parlor have such a limited dessert selection compared to the one down the street? It's frustrating because I wanted something special tonight, and they only had basic flavors. The outdoor seating was lovely though!",True,"An outdoor seating area with several tables and chairs, lightly occupied with a few people.",A photo of an empty outdoor seating area with only a few customers scattered about.,True,tone: disappointed | pace: slow | energy: low | pitch: falling | notable: trailing_off,"The speaker has a disappointed and slightly exasperated tone, emphasizing the word 'limited' and trailing off at the end with disappointment.",T+I+A,False,,,HN
REST_1955,restaurant,"The food truck's menu is really small and lacks variety. I wanted a vegetarian option, but the only thing available was an overpriced salad.",True,A photo of a food truck menu with a limited number of items listed.,"Capture of photo of a limited food truck menu; only a few options are listed, none clearly marked as vegetarian or vegan.",True,tone: frustrated | pace: normal | energy: medium | pitch: varied | notable: none,The speaker speaks in an irritated tone with emphasis on the limited and overpriced vegetarian options.,T+I+A,False,,,HN
REST_2217,restaurant,The restaurant charges for tap water. In what world is water not complimentary.,True,A menu board with items crossed out and prices changed with marker.,,True,tone: annoyed | pace: normal | energy: medium | pitch: flat | notable: monotone,,T+I+A,False,,,HN
REST_2223,restaurant,The buffet sneeze guard was missing over half the dishes. People were reaching directly over the food.,True,A takeout container showing food that has shifted and spilled inside.,,True,tone: annoyed | pace: normal | energy: medium | pitch: varied | notable: pauses,,T+I+A,False,,,HN
REST_2234,restaurant,The hotel restaurant breakfast buffet was the same stale items every morning. Zero variety all week.,True,A plate showing wilted garnish and dried-out food presentation.,,True,tone: irritated | pace: slow | energy: low | pitch: falling | notable: raised_volume,,T+I+A,False,,,HN
REST_1939,restaurant,"I was told the vegetarian cafe had lots of gluten-free options, but I ended up with a dish full of wheat. It's very disappointing and made my night here quite frustrating.",True,A plate with a sandwich and green salad on top.,Snapshot of plate containing a sandwich that appears to be made from regular bread with green salad on top.,True,tone: disappointed | pace: slow | energy: low | pitch: falling | notable: trailing_off,"Disappointed tone, speaking slowly and deliberately, emphasizing the failure in accommodating dietary restrictions.",T+I+A,False,,,HN
REST_2230,restaurant,The grilled vegetables were charred black and inedible. Not charred in a good way but actually burnt.,True,A plate of food showing undercooked meat with raw center visible.,,True,tone: sarcastic | pace: fast | energy: high | pitch: falling | notable: trailing_off,,T+I+A,False,,,HN
REST_1967,restaurant,The menu at the dim sum restaurant doesn’t even match what they serve. I ordered one dish and got another entirely.,True,A plate of pasta with red sauce and a menu listing a salad.,Mismatch between food on plate and item listed on menu,True,tone: angry | pace: fast | energy: high | pitch: rising | notable: raised_volume,"Surprised, indignant tone with emphasis on 'completely different'",T+I+A,False,,,HN
REST_1971,restaurant,"This gastropub was supposed to be fun, but we couldn't enjoy ourselves with the constant noise and the cluttered seating area. It felt more like a pub fight waiting to happen.",True,"A photo of a crowded pub interior with tables, chairs, and people. There are various objects on the tables and a cluttered overall appearance.",Visual of photo of an overcrowded and messy indoor space at a gastropub.,True,tone: angry | pace: fast | energy: high | pitch: rising | notable: raised_volume,"The speaker's tone is angry, with emphasis on the loudness and messiness of the pub’s environment.",T+I+A,False,,,HN
REST_2235,restaurant,The Vietnamese pho broth was thin and tasteless like hot water with food coloring added.,True,A receipt showing unexpected charges and inflated prices.,,True,tone: annoyed | pace: normal | energy: medium | pitch: varied | notable: trailing_off,,T+I+A,False,,,HN
REST_1983,restaurant,"The ice cream parlor's selection is just too limited. There were only a few flavors, and none of them were particularly tasty.",True,A display case with a few containers of light-colored ice cream. The case has a glass front and a white interior.,A small display case with limited options for ice cream flavors that look plain.,True,tone: disappointed | pace: slow | energy: low | pitch: falling | notable: trailing_off,"Cautiously disappointed tone with a slight chuckle at the end, trying to find humor in an otherwise bland experience.",T+I+A,False,,,HN
REST_1996,restaurant,"While the restaurant had great outdoor seating, the actual dishes were cold and the spice level didn't match what was on the menu. It was a letdown after such high expectations.",True,"Outdoor dining tables with plates of food are visible. The tables are colorful, and the food appears varied.",A photo of vibrant outdoor dining tables contrasted with plates containing food that looks cool or unappealing compared to descriptions in the menu.,True,tone: disappointed | pace: normal | energy: medium | pitch: falling | notable: trailing_off,"The speaker starts with enthusiasm but becomes increasingly disappointed as they describe specific issues with their meal, spoken with monotone emphasis.",T+I+A,False,,,HN
REST_2220,restaurant,The Thai food tasted like it came from a microwave. Zero fresh ingredients and the curry was watery.,True,A receipt showing unexpected charges and inflated prices.,,True,tone: angry | pace: normal | energy: medium | pitch: rising | notable: trailing_off,,T+I+A,False,,,HN
REST_1999,restaurant,"I ordered the vegetarian special at this French bistro, but it was barely more than a small side dish. The portion size is very disappointing for such high prices. It’s clear they don’t take serious requests like 'vegetarian' seriously enough.",True,A plate with a small serving of vegetables and a larger food item is shown next to a menu.,Photo of photo showing a plate with a tiny portion of vegetables next to an expensive-looking menu item.,True,tone: frustrated | pace: normal | energy: medium | pitch: varied | notable: sarcasm,"The speaker sounds irritated, especially when emphasizing 'barely more than' and 'high prices', with a slightly sarcastic tone on the word 'serious'.",T+I+A,False,,,HN
REST_2221,restaurant,The specials board had prices that were triple the regular menu. They did not mention that until the check.,True,A restaurant interior showing empty tables with dirty surfaces.,,True,tone: disappointed | pace: fast | energy: high | pitch: flat | notable: controlled_delivery,,T+I+A,False,,,HN
REST_1986,restaurant,"We ordered the same dish twice at this burger joint because we were told it was gluten-free, but on both occasions, we had severe reactions. Disappointing to say the least.",True,A photo of a standard burger on a white plate with lettuce and tomato.,A photo of a plain-looking burger that could be easily mistaken for any other standard burger.,True,tone: angry | pace: fast | energy: high | pitch: varied | notable: raised_volume,"Voice tinged with anger and disappointment, emphasizing the word 'severe' to convey the severity of their experience, voice carries enthusiastic undertones.",T+I+A,False,,,HN
REST_2233,restaurant,The deli sandwich had barely any meat. I can barely see through the single slice of turkey they put on.,True,A restaurant exterior showing peeling paint and faded signage.,,True,tone: disappointed | pace: fast | energy: high | pitch: flat | notable: pauses,,T+I+A,False,,,HN
REST_1957,restaurant,"The reservation system at the gastropub was confusing. It said tables were available but when we got there, they had our party seated at bar stools instead.",True,The image shows a dining area with many occupied tables and a few people seated at the bar.,"Image depicting photo of a busy, disorganized dining area; most tables are taken and only some bar seats remain with customers on them.",True,tone: frustrated | pace: normal | energy: medium | pitch: varied | notable: raised_volume,"The speaker's tone is irritated and stressed, emphasizing their frustration with the poor implementation of the reservation system.",T+I+A,False,,,HN
REST_1994,restaurant,"The wine bar’s ambiance was great, but the cocktails were a letdown. They forgot to add the promised ice cubes and it soured our evening.",True,The image shows a dimly lit room with furniture and a blurry glass on a table.,A photo of an elegant interior with dim lighting that contrasts sharply against a blurry picture of a poorly mixed drink lacking ice.,True,tone: disappointed | pace: normal | energy: medium | pitch: falling | notable: trailing_off,The speaker starts off enthusiastic but becomes disappointed and slightly upset by the end.,T+I+A,False,,,HN
